Part_ID,Group,School,Grade,Age,Use,Use_School,Exposure_Score,Exposure_Group,Exposure_Binary,DELE,BESA_Other,BESA_Subj,AoA_ENG,AoA_SPA,Langs,Age_Arrival,Task,Item,Verb,Short_Prop,Property,Structure,Mood_Use,Mood_Freq,DOM_Use,Agr_Use,Comp_Use,Prod_Code,Davies,CORPES,WordList,Davies_Centered,Davies_Centered_Std,Davies_Std,CORPES_Std,LOR,Composite_Freq,Use_Std,Use_Joint,Use_Joint_Std,BESA_Other_Std,BESA_Subj_Std,BESA_Total,BESA_Total_Std,DELE_Std,Exposure_Score_Std,Mood,Response
H7B02,DLBE-7/8,GBCS,7,7/8,17,3,1,2 SPA/1 ENG,Bilingual,NA,14,4,0,0,2,NA,Production,EPT-02,llamar,Intensional,Intensional subjunctive,DOM,0,0,1,1,NA,IND,303936,207733,8248273,79960.88,0.711993649,0.2762036834377887,0.8786135231177882,NA,0.5774086032777884,0.30646654403877044,20,0.3502714265236277,0.95066834708763,1.02784389290486,18,1.292719224987547,NA,0,Subjunctive,1
H7B02,DLBE-7/8,GBCS,7,7/8,17,3,1,2 SPA/1 ENG,Bilingual,NA,14,4,0,0,2,NA,Production,EPT-08,peinar,Intensional,Intensional subjunctive,DOM,1,1,1,1,NA,SUBJ,6151,3173,91504,-124599.1,-1.109464919,-0.9850513816679946,-1.0663165084273158,NA,-1.0256839450476551,0.30646654403877044,20,0.3502714265236277,0.95066834708763,1.02784389290486,18,1.292719224987547,NA,0,Subjunctive,1
H7B02,DLBE-7/8,GBCS,7,7/8,17,3,1,2 SPA/1 ENG,Bilingual,NA,14,4,0,0,2,NA,Production,EPT-14,pintar,Intensional,Intensional subjunctive,DOM,1,1,NA,1,NA,SUBJ,45606,22466,893704,-105306.1,-0.937674734,-0.8179414916676632,-0.8828811589034613,NA,-0.8504113252855623,0.30646654403877044,20,0.3502714265236277,0.95066834708763,1.02784389290486,18,1.292719224987547,NA,0,Subjunctive,NA
H7B02,DLBE-7/8,GBCS,7,7/8,17,3,1,2 SPA/1 ENG,Bilingual,NA,14,4,0,0,2,NA,Production,EPT-20,tratar,Intensional,Intensional subjunctive,DOM,1,1,1,1,NA,SUBJ,590952,203027,9516595,75254.88,0.670090129,1.4918471301070348,0.8338694835770605,NA,1.1628583068420475,0.30646654403877044,20,0.3502714265236277,0.95066834708763,1.02784389290486,18,1.292719224987547,NA,0,Subjunctive,1
H7B02,DLBE-7/8,GBCS,7,7/8,17,3,1,2 SPA/1 ENG,Bilingual,NA,14,4,0,0,2,NA,Production,EPT-26,mirar,Intensional,Intensional subjunctive,DOM,1,1,1,1,NA,SUBJ,186441,197558,3683993,69785.88,0.621392647,-0.22144114042709367,0.7818709386879318,NA,0.2802148991304191,0.30646654403877044,20,0.3502714265236277,0.95066834708763,1.02784389290486,18,1.292719224987547,NA,0,Subjunctive,1
H7B02,DLBE-7/8,GBCS,7,7/8,17,3,1,2 SPA/1 ENG,Bilingual,NA,14,4,0,0,2,NA,Production,EPT-32,llevar,Intensional,Intensional subjunctive,DOM,1,1,1,1,NA,SUBJ,418316,301022,13841181,173259.9,1.542753636,0.7606550639532595,1.765593273375958,NA,1.2631241686646089,0.30646654403877044,20,0.3502714265236277,0.95066834708763,1.02784389290486,18,1.292719224987547,NA,0,Subjunctive,1
H7B02,DLBE-7/8,GBCS,7,7/8,17,3,1,2 SPA/1 ENG,Bilingual,NA,14,4,0,0,2,NA,Production,EPT-38,amar,Intensional,Intensional subjunctive,DOM,1,1,1,1,NA,SUBJ,60260,28864,1318934,-67512.13,-0.601146551,-0.7558751292784892,-0.8220498021287957,NA,-0.7889624657036425,0.30646654403877044,20,0.3502714265236277,0.95066834708763,1.02784389290486,18,1.292719224987547,NA,0,Subjunctive,1
H7B02,DLBE-7/8,GBCS,7,7/8,17,3,1,2 SPA/1 ENG,Bilingual,NA,14,4,0,0,2,NA,Production,EPT-42,cuidar,Intensional,Intensional subjunctive,DOM,1,1,1,1,NA,SUBJ,208160,26928,1534607,-100844.1,-0.897943857,-0.12945128613949522,-0.8404570398149089,NA,-0.48495416297720206,0.30646654403877044,20,0.3502714265236277,0.95066834708763,1.02784389290486,18,1.292719224987547,NA,0,Subjunctive,1
H7B03,DLBE-7/8,GBCS,7,7/8,8,1,1,2 SPA/1 ENG,Bilingual,NA,8,1,NA,0,2,NA,Production,EPT-02,llamar,Intensional,Intensional subjunctive,DOM,1,1,0,1,NA,SUBJ,303936,207733,8248273,79960.88,0.711993649,0.2762036834377887,0.8786135231177882,NA,0.5774086032777884,-1.7162126466171148,9,-1.6679591739220354,-1.7773364749899183,-0.9673824874398688,9,-1.9067608568566332,NA,0,Subjunctive,0
H7B03,DLBE-7/8,GBCS,7,7/8,8,1,1,2 SPA/1 ENG,Bilingual,NA,8,1,NA,0,2,NA,Production,EPT-08,peinar,Intensional,Intensional subjunctive,DOM,1,1,0,1,NA,SUBJ,6151,3173,91504,-124599.1,-1.109464919,-0.9850513816679946,-1.0663165084273158,NA,-1.0256839450476551,-1.7162126466171148,9,-1.6679591739220354,-1.7773364749899183,-0.9673824874398688,9,-1.9067608568566332,NA,0,Subjunctive,0
H7B03,DLBE-7/8,GBCS,7,7/8,8,1,1,2 SPA/1 ENG,Bilingual,NA,8,1,NA,0,2,NA,Production,EPT-14,pintar,Intensional,Intensional subjunctive,DOM,1,1,0,1,NA,SUBJ,45606,22466,893704,-105306.1,-0.937674734,-0.8179414916676632,-0.8828811589034613,NA,-0.8504113252855623,-1.7162126466171148,9,-1.6679591739220354,-1.7773364749899183,-0.9673824874398688,9,-1.9067608568566332,NA,0,Subjunctive,0
H7B03,DLBE-7/8,GBCS,7,7/8,8,1,1,2 SPA/1 ENG,Bilingual,NA,8,1,NA,0,2,NA,Production,EPT-20,tratar,Intensional,Intensional subjunctive,DOM,1,1,0,1,NA,SUBJ,590952,203027,9516595,75254.88,0.670090129,1.4918471301070348,0.8338694835770605,NA,1.1628583068420475,-1.7162126466171148,9,-1.6679591739220354,-1.7773364749899183,-0.9673824874398688,9,-1.9067608568566332,NA,0,Subjunctive,0
H7B03,DLBE-7/8,GBCS,7,7/8,8,1,1,2 SPA/1 ENG,Bilingual,NA,8,1,NA,0,2,NA,Production,EPT-26,mirar,Intensional,Intensional subjunctive,DOM,1,1,0,1,NA,SUBJ,186441,197558,3683993,69785.88,0.621392647,-0.22144114042709367,0.7818709386879318,NA,0.2802148991304191,-1.7162126466171148,9,-1.6679591739220354,-1.7773364749899183,-0.9673824874398688,9,-1.9067608568566332,NA,0,Subjunctive,0
H7B03,DLBE-7/8,GBCS,7,7/8,8,1,1,2 SPA/1 ENG,Bilingual,NA,8,1,NA,0,2,NA,Production,EPT-32,llevar,Intensional,Intensional subjunctive,DOM,1,1,0,1,NA,SUBJ,418316,301022,13841181,173259.9,1.542753636,0.7606550639532595,1.765593273375958,NA,1.2631241686646089,-1.7162126466171148,9,-1.6679591739220354,-1.7773364749899183,-0.9673824874398688,9,-1.9067608568566332,NA,0,Subjunctive,0
H7B03,DLBE-7/8,GBCS,7,7/8,8,1,1,2 SPA/1 ENG,Bilingual,NA,8,1,NA,0,2,NA,Production,EPT-38,amar,Intensional,Intensional subjunctive,DOM,1,1,0,1,NA,SUBJ,60260,28864,1318934,-67512.13,-0.601146551,-0.7558751292784892,-0.8220498021287957,NA,-0.7889624657036425,-1.7162126466171148,9,-1.6679591739220354,-1.7773364749899183,-0.9673824874398688,9,-1.9067608568566332,NA,0,Subjunctive,0
H7B03,DLBE-7/8,GBCS,7,7/8,8,1,1,2 SPA/1 ENG,Bilingual,NA,8,1,NA,0,2,NA,Production,EPT-42,cuidar,Intensional,Intensional subjunctive,DOM,1,1,0,1,NA,SUBJ,208160,26928,1534607,-100844.1,-0.897943857,-0.12945128613949522,-0.8404570398149089,NA,-0.48495416297720206,-1.7162126466171148,9,-1.6679591739220354,-1.7773364749899183,-0.9673824874398688,9,-1.9067608568566332,NA,0,Subjunctive,0
H8B01,DLBE-7/8,GBCS,8,7/8,19,3,0,2 SPA/2 ENG,Bilingual,NA,14,0,3,0,2,NA,Production,EPT-02,llamar,Intensional,Intensional subjunctive,DOM,NA,NA,0,1,NA,IND MODAL,303936,207733,8248273,79960.88,0.711993649,0.2762036834377887,0.8786135231177882,NA,0.5774086032777884,0.7559508086289671,22,0.7172224447864756,0.95066834708763,-1.6324579475547782,14,-0.12927192249875527,NA,-1.1692679333668567,Subjunctive,0
H8B01,DLBE-7/8,GBCS,8,7/8,19,3,0,2 SPA/2 ENG,Bilingual,NA,14,0,3,0,2,NA,Production,EPT-08,peinar,Intensional,Intensional subjunctive,DOM,0,0,1,1,NA,IND,6151,3173,91504,-124599.1,-1.109464919,-0.9850513816679946,-1.0663165084273158,NA,-1.0256839450476551,0.7559508086289671,22,0.7172224447864756,0.95066834708763,-1.6324579475547782,14,-0.12927192249875527,NA,-1.1692679333668567,Subjunctive,1
H8B01,DLBE-7/8,GBCS,8,7/8,19,3,0,2 SPA/2 ENG,Bilingual,NA,14,0,3,0,2,NA,Production,EPT-14,pintar,Intensional,Intensional subjunctive,DOM,0,0,1,1,NA,IND,45606,22466,893704,-105306.1,-0.937674734,-0.8179414916676632,-0.8828811589034613,NA,-0.8504113252855623,0.7559508086289671,22,0.7172224447864756,0.95066834708763,-1.6324579475547782,14,-0.12927192249875527,NA,-1.1692679333668567,Subjunctive,1
H8B01,DLBE-7/8,GBCS,8,7/8,19,3,0,2 SPA/2 ENG,Bilingual,NA,14,0,3,0,2,NA,Production,EPT-20,tratar,Intensional,Intensional subjunctive,DOM,1,1,1,1,NA,SUBJ,590952,203027,9516595,75254.88,0.670090129,1.4918471301070348,0.8338694835770605,NA,1.1628583068420475,0.7559508086289671,22,0.7172224447864756,0.95066834708763,-1.6324579475547782,14,-0.12927192249875527,NA,-1.1692679333668567,Subjunctive,1
H8B01,DLBE-7/8,GBCS,8,7/8,19,3,0,2 SPA/2 ENG,Bilingual,NA,14,0,3,0,2,NA,Production,EPT-26,mirar,Intensional,Intensional subjunctive,DOM,0,0,1,1,NA,IND,186441,197558,3683993,69785.88,0.621392647,-0.22144114042709367,0.7818709386879318,NA,0.2802148991304191,0.7559508086289671,22,0.7172224447864756,0.95066834708763,-1.6324579475547782,14,-0.12927192249875527,NA,-1.1692679333668567,Subjunctive,1
H8B01,DLBE-7/8,GBCS,8,7/8,19,3,0,2 SPA/2 ENG,Bilingual,NA,14,0,3,0,2,NA,Production,EPT-32,llevar,Intensional,Intensional subjunctive,DOM,0,0,1,1,NA,IND,418316,301022,13841181,173259.9,1.542753636,0.7606550639532595,1.765593273375958,NA,1.2631241686646089,0.7559508086289671,22,0.7172224447864756,0.95066834708763,-1.6324579475547782,14,-0.12927192249875527,NA,-1.1692679333668567,Subjunctive,1
H8B01,DLBE-7/8,GBCS,8,7/8,19,3,0,2 SPA/2 ENG,Bilingual,NA,14,0,3,0,2,NA,Production,EPT-38,amar,Intensional,Intensional subjunctive,DOM,0,0,1,1,NA,IND,60260,28864,1318934,-67512.13,-0.601146551,-0.7558751292784892,-0.8220498021287957,NA,-0.7889624657036425,0.7559508086289671,22,0.7172224447864756,0.95066834708763,-1.6324579475547782,14,-0.12927192249875527,NA,-1.1692679333668567,Subjunctive,1
H8B01,DLBE-7/8,GBCS,8,7/8,19,3,0,2 SPA/2 ENG,Bilingual,NA,14,0,3,0,2,NA,Production,EPT-42,cuidar,Intensional,Intensional subjunctive,DOM,1,1,1,1,NA,SUBJ,208160,26928,1534607,-100844.1,-0.897943857,-0.12945128613949522,-0.8404570398149089,NA,-0.48495416297720206,0.7559508086289671,22,0.7172224447864756,0.95066834708763,-1.6324579475547782,14,-0.12927192249875527,NA,-1.1692679333668567,Subjunctive,1
H8B02,DLBE-7/8,GBCS,8,7/8,10,1,1,2 SPA/1 ENG,Bilingual,NA,13,4,NA,0,2,NA,Production,EPT-02,llamar,Intensional,Intensional subjunctive,DOM,0,0,0,1,NA,IND,303936,207733,8248273,79960.88,0.711993649,0.2762036834377887,0.8786135231177882,NA,0.5774086032777884,-1.2667283820269182,11,-1.3010081556591877,0.49600087674137205,1.02784389290486,17,0.9372214381159716,NA,0,Subjunctive,0
H8B02,DLBE-7/8,GBCS,8,7/8,10,1,1,2 SPA/1 ENG,Bilingual,NA,13,4,NA,0,2,NA,Production,EPT-08,peinar,Intensional,Intensional subjunctive,DOM,0,0,0,1,NA,IND,6151,3173,91504,-124599.1,-1.109464919,-0.9850513816679946,-1.0663165084273158,NA,-1.0256839450476551,-1.2667283820269182,11,-1.3010081556591877,0.49600087674137205,1.02784389290486,17,0.9372214381159716,NA,0,Subjunctive,0
H8B02,DLBE-7/8,GBCS,8,7/8,10,1,1,2 SPA/1 ENG,Bilingual,NA,13,4,NA,0,2,NA,Production,EPT-14,pintar,Intensional,Intensional subjunctive,DOM,0,0,0,NA,NA,INF,45606,22466,893704,-105306.1,-0.937674734,-0.8179414916676632,-0.8828811589034613,NA,-0.8504113252855623,-1.2667283820269182,11,-1.3010081556591877,0.49600087674137205,1.02784389290486,17,0.9372214381159716,NA,0,Subjunctive,0
H8B02,DLBE-7/8,GBCS,8,7/8,10,1,1,2 SPA/1 ENG,Bilingual,NA,13,4,NA,0,2,NA,Production,EPT-20,tratar,Intensional,Intensional subjunctive,DOM,0,0,0,1,NA,IND,590952,203027,9516595,75254.88,0.670090129,1.4918471301070348,0.8338694835770605,NA,1.1628583068420475,-1.2667283820269182,11,-1.3010081556591877,0.49600087674137205,1.02784389290486,17,0.9372214381159716,NA,0,Subjunctive,0
H8B02,DLBE-7/8,GBCS,8,7/8,10,1,1,2 SPA/1 ENG,Bilingual,NA,13,4,NA,0,2,NA,Production,EPT-26,mirar,Intensional,Intensional subjunctive,DOM,0,0,0,1,NA,IND,186441,197558,3683993,69785.88,0.621392647,-0.22144114042709367,0.7818709386879318,NA,0.2802148991304191,-1.2667283820269182,11,-1.3010081556591877,0.49600087674137205,1.02784389290486,17,0.9372214381159716,NA,0,Subjunctive,0
H8B02,DLBE-7/8,GBCS,8,7/8,10,1,1,2 SPA/1 ENG,Bilingual,NA,13,4,NA,0,2,NA,Production,EPT-32,llevar,Intensional,Intensional subjunctive,DOM,0,0,0,1,NA,IND,418316,301022,13841181,173259.9,1.542753636,0.7606550639532595,1.765593273375958,NA,1.2631241686646089,-1.2667283820269182,11,-1.3010081556591877,0.49600087674137205,1.02784389290486,17,0.9372214381159716,NA,0,Subjunctive,0
H8B02,DLBE-7/8,GBCS,8,7/8,10,1,1,2 SPA/1 ENG,Bilingual,NA,13,4,NA,0,2,NA,Production,EPT-38,amar,Intensional,Intensional subjunctive,DOM,0,0,0,1,NA,IND,60260,28864,1318934,-67512.13,-0.601146551,-0.7558751292784892,-0.8220498021287957,NA,-0.7889624657036425,-1.2667283820269182,11,-1.3010081556591877,0.49600087674137205,1.02784389290486,17,0.9372214381159716,NA,0,Subjunctive,0
H8B02,DLBE-7/8,GBCS,8,7/8,10,1,1,2 SPA/1 ENG,Bilingual,NA,13,4,NA,0,2,NA,Production,EPT-42,cuidar,Intensional,Intensional subjunctive,DOM,0,0,0,1,NA,IND,208160,26928,1534607,-100844.1,-0.897943857,-0.12945128613949522,-0.8404570398149089,NA,-0.48495416297720206,-1.2667283820269182,11,-1.3010081556591877,0.49600087674137205,1.02784389290486,17,0.9372214381159716,NA,0,Subjunctive,0
H8B03,DLBE-7/8,GBCS,8,7/8,16,1,2,2 SPA/0 ENG,Monolingual,NA,8,2,NA,0,0,NA,Production,EPT-02,llamar,Intensional,Intensional subjunctive,DOM,0,0,0,1,NA,IND,303936,207733,8248273,79960.88,0.711993649,0.2762036834377887,0.8786135231177882,NA,0.5774086032777884,0.08172441174367207,17,-0.20015510087064411,-1.7773364749899183,-0.30230702732495923,10,-1.5512630699850576,NA,1.1692679333668567,Subjunctive,0
H8B03,DLBE-7/8,GBCS,8,7/8,16,1,2,2 SPA/0 ENG,Monolingual,NA,8,2,NA,0,0,NA,Production,EPT-08,peinar,Intensional,Intensional subjunctive,DOM,0,0,0,1,NA,IND,6151,3173,91504,-124599.1,-1.109464919,-0.9850513816679946,-1.0663165084273158,NA,-1.0256839450476551,0.08172441174367207,17,-0.20015510087064411,-1.7773364749899183,-0.30230702732495923,10,-1.5512630699850576,NA,1.1692679333668567,Subjunctive,0
H8B03,DLBE-7/8,GBCS,8,7/8,16,1,2,2 SPA/0 ENG,Monolingual,NA,8,2,NA,0,0,NA,Production,EPT-14,pintar,Intensional,Intensional subjunctive,DOM,0,0,0,NA,NA,INF,45606,22466,893704,-105306.1,-0.937674734,-0.8179414916676632,-0.8828811589034613,NA,-0.8504113252855623,0.08172441174367207,17,-0.20015510087064411,-1.7773364749899183,-0.30230702732495923,10,-1.5512630699850576,NA,1.1692679333668567,Subjunctive,0
H8B03,DLBE-7/8,GBCS,8,7/8,16,1,2,2 SPA/0 ENG,Monolingual,NA,8,2,NA,0,0,NA,Production,EPT-20,tratar,Intensional,Intensional subjunctive,DOM,1,1,0,1,NA,SUBJ,590952,203027,9516595,75254.88,0.670090129,1.4918471301070348,0.8338694835770605,NA,1.1628583068420475,0.08172441174367207,17,-0.20015510087064411,-1.7773364749899183,-0.30230702732495923,10,-1.5512630699850576,NA,1.1692679333668567,Subjunctive,0
H8B03,DLBE-7/8,GBCS,8,7/8,16,1,2,2 SPA/0 ENG,Monolingual,NA,8,2,NA,0,0,NA,Production,EPT-26,mirar,Intensional,Intensional subjunctive,DOM,0,NA,0,1,NA,IND,186441,197558,3683993,69785.88,0.621392647,-0.22144114042709367,0.7818709386879318,NA,0.2802148991304191,0.08172441174367207,17,-0.20015510087064411,-1.7773364749899183,-0.30230702732495923,10,-1.5512630699850576,NA,1.1692679333668567,Subjunctive,0
H8B03,DLBE-7/8,GBCS,8,7/8,16,1,2,2 SPA/0 ENG,Monolingual,NA,8,2,NA,0,0,NA,Production,EPT-32,llevar,Intensional,Intensional subjunctive,DOM,1,1,0,1,NA,SUBJ,418316,301022,13841181,173259.9,1.542753636,0.7606550639532595,1.765593273375958,NA,1.2631241686646089,0.08172441174367207,17,-0.20015510087064411,-1.7773364749899183,-0.30230702732495923,10,-1.5512630699850576,NA,1.1692679333668567,Subjunctive,0
H8B03,DLBE-7/8,GBCS,8,7/8,16,1,2,2 SPA/0 ENG,Monolingual,NA,8,2,NA,0,0,NA,Production,EPT-38,amar,Intensional,Intensional subjunctive,DOM,1,1,0,1,NA,IND,60260,28864,1318934,-67512.13,-0.601146551,-0.7558751292784892,-0.8220498021287957,NA,-0.7889624657036425,0.08172441174367207,17,-0.20015510087064411,-1.7773364749899183,-0.30230702732495923,10,-1.5512630699850576,NA,1.1692679333668567,Subjunctive,0
H8B03,DLBE-7/8,GBCS,8,7/8,16,1,2,2 SPA/0 ENG,Monolingual,NA,8,2,NA,0,0,NA,Production,EPT-42,cuidar,Intensional,Intensional subjunctive,DOM,NA,NA,NA,NA,NA,NA,208160,26928,1534607,-100844.1,-0.897943857,-0.12945128613949522,-0.8404570398149089,NA,-0.48495416297720206,0.08172441174367207,17,-0.20015510087064411,-1.7773364749899183,-0.30230702732495923,10,-1.5512630699850576,NA,1.1692679333668567,Subjunctive,NA
H8B04,DLBE-7/8,GBCS,8,7/8,19,3,2,2 SPA/0 ENG,Monolingual,NA,11,3,5,0,2,NA,Production,EPT-02,llamar,Intensional,Intensional subjunctive,DOM,1,1,1,1,NA,SUBJ,303936,207733,8248273,79960.88,0.711993649,0.2762036834377887,0.8786135231177882,NA,0.5774086032777884,0.7559508086289671,22,0.7172224447864756,-0.4133340639511442,0.3627684327899504,14,-0.12927192249875527,NA,1.1692679333668567,Subjunctive,1
H8B04,DLBE-7/8,GBCS,8,7/8,19,3,2,2 SPA/0 ENG,Monolingual,NA,11,3,5,0,2,NA,Production,EPT-08,peinar,Intensional,Intensional subjunctive,DOM,1,1,1,1,NA,SUBJ,6151,3173,91504,-124599.1,-1.109464919,-0.9850513816679946,-1.0663165084273158,NA,-1.0256839450476551,0.7559508086289671,22,0.7172224447864756,-0.4133340639511442,0.3627684327899504,14,-0.12927192249875527,NA,1.1692679333668567,Subjunctive,1
H8B04,DLBE-7/8,GBCS,8,7/8,19,3,2,2 SPA/0 ENG,Monolingual,NA,11,3,5,0,2,NA,Production,EPT-14,pintar,Intensional,Intensional subjunctive,DOM,1,1,1,1,NA,SUBJ,45606,22466,893704,-105306.1,-0.937674734,-0.8179414916676632,-0.8828811589034613,NA,-0.8504113252855623,0.7559508086289671,22,0.7172224447864756,-0.4133340639511442,0.3627684327899504,14,-0.12927192249875527,NA,1.1692679333668567,Subjunctive,1
H8B04,DLBE-7/8,GBCS,8,7/8,19,3,2,2 SPA/0 ENG,Monolingual,NA,11,3,5,0,2,NA,Production,EPT-20,tratar,Intensional,Intensional subjunctive,DOM,1,1,1,1,NA,SUBJ,590952,203027,9516595,75254.88,0.670090129,1.4918471301070348,0.8338694835770605,NA,1.1628583068420475,0.7559508086289671,22,0.7172224447864756,-0.4133340639511442,0.3627684327899504,14,-0.12927192249875527,NA,1.1692679333668567,Subjunctive,1
H8B04,DLBE-7/8,GBCS,8,7/8,19,3,2,2 SPA/0 ENG,Monolingual,NA,11,3,5,0,2,NA,Production,EPT-26,mirar,Intensional,Intensional subjunctive,DOM,1,1,1,1,NA,SUBJ,186441,197558,3683993,69785.88,0.621392647,-0.22144114042709367,0.7818709386879318,NA,0.2802148991304191,0.7559508086289671,22,0.7172224447864756,-0.4133340639511442,0.3627684327899504,14,-0.12927192249875527,NA,1.1692679333668567,Subjunctive,1
H8B04,DLBE-7/8,GBCS,8,7/8,19,3,2,2 SPA/0 ENG,Monolingual,NA,11,3,5,0,2,NA,Production,EPT-32,llevar,Intensional,Intensional subjunctive,DOM,1,1,1,1,NA,SUBJ,418316,301022,13841181,173259.9,1.542753636,0.7606550639532595,1.765593273375958,NA,1.2631241686646089,0.7559508086289671,22,0.7172224447864756,-0.4133340639511442,0.3627684327899504,14,-0.12927192249875527,NA,1.1692679333668567,Subjunctive,1
H8B04,DLBE-7/8,GBCS,8,7/8,19,3,2,2 SPA/0 ENG,Monolingual,NA,11,3,5,0,2,NA,Production,EPT-38,amar,Intensional,Intensional subjunctive,DOM,1,1,1,1,NA,SUBJ,60260,28864,1318934,-67512.13,-0.601146551,-0.7558751292784892,-0.8220498021287957,NA,-0.7889624657036425,0.7559508086289671,22,0.7172224447864756,-0.4133340639511442,0.3627684327899504,14,-0.12927192249875527,NA,1.1692679333668567,Subjunctive,1
H8B04,DLBE-7/8,GBCS,8,7/8,19,3,2,2 SPA/0 ENG,Monolingual,NA,11,3,5,0,2,NA,Production,EPT-42,cuidar,Intensional,Intensional subjunctive,DOM,1,1,1,1,NA,SUBJ,208160,26928,1534607,-100844.1,-0.897943857,-0.12945128613949522,-0.8404570398149089,NA,-0.48495416297720206,0.7559508086289671,22,0.7172224447864756,-0.4133340639511442,0.3627684327899504,14,-0.12927192249875527,NA,1.1692679333668567,Subjunctive,1
H8B05,DLBE-7/8,GBCS,8,7/8,13,3,2,2 SPA/0 ENG,Monolingual,NA,10,4,0,0,2,NA,Production,EPT-02,llamar,Intensional,Intensional subjunctive,DOM,0,0,1,1,NA,IND,303936,207733,8248273,79960.88,0.711993649,0.2762036834377887,0.8786135231177882,NA,0.5774086032777884,-0.592501985141623,16,-0.3836306100020681,-0.8680015342974023,1.02784389290486,14,-0.12927192249875527,NA,1.1692679333668567,Subjunctive,1
H8B05,DLBE-7/8,GBCS,8,7/8,13,3,2,2 SPA/0 ENG,Monolingual,NA,10,4,0,0,2,NA,Production,EPT-08,peinar,Intensional,Intensional subjunctive,DOM,0,0,1,1,NA,IND,6151,3173,91504,-124599.1,-1.109464919,-0.9850513816679946,-1.0663165084273158,NA,-1.0256839450476551,-0.592501985141623,16,-0.3836306100020681,-0.8680015342974023,1.02784389290486,14,-0.12927192249875527,NA,1.1692679333668567,Subjunctive,1
H8B05,DLBE-7/8,GBCS,8,7/8,13,3,2,2 SPA/0 ENG,Monolingual,NA,10,4,0,0,2,NA,Production,EPT-14,pintar,Intensional,Intensional subjunctive,DOM,0,0,1,1,NA,IND,45606,22466,893704,-105306.1,-0.937674734,-0.8179414916676632,-0.8828811589034613,NA,-0.8504113252855623,-0.592501985141623,16,-0.3836306100020681,-0.8680015342974023,1.02784389290486,14,-0.12927192249875527,NA,1.1692679333668567,Subjunctive,1
H8B05,DLBE-7/8,GBCS,8,7/8,13,3,2,2 SPA/0 ENG,Monolingual,NA,10,4,0,0,2,NA,Production,EPT-20,tratar,Intensional,Intensional subjunctive,DOM,0,0,0,1,NA,IND,590952,203027,9516595,75254.88,0.670090129,1.4918471301070348,0.8338694835770605,NA,1.1628583068420475,-0.592501985141623,16,-0.3836306100020681,-0.8680015342974023,1.02784389290486,14,-0.12927192249875527,NA,1.1692679333668567,Subjunctive,0
H8B05,DLBE-7/8,GBCS,8,7/8,13,3,2,2 SPA/0 ENG,Monolingual,NA,10,4,0,0,2,NA,Production,EPT-26,mirar,Intensional,Intensional subjunctive,DOM,0,0,0,1,NA,IND,186441,197558,3683993,69785.88,0.621392647,-0.22144114042709367,0.7818709386879318,NA,0.2802148991304191,-0.592501985141623,16,-0.3836306100020681,-0.8680015342974023,1.02784389290486,14,-0.12927192249875527,NA,1.1692679333668567,Subjunctive,0
H8B05,DLBE-7/8,GBCS,8,7/8,13,3,2,2 SPA/0 ENG,Monolingual,NA,10,4,0,0,2,NA,Production,EPT-32,llevar,Intensional,Intensional subjunctive,DOM,0,0,1,1,NA,IND,418316,301022,13841181,173259.9,1.542753636,0.7606550639532595,1.765593273375958,NA,1.2631241686646089,-0.592501985141623,16,-0.3836306100020681,-0.8680015342974023,1.02784389290486,14,-0.12927192249875527,NA,1.1692679333668567,Subjunctive,1
H8B05,DLBE-7/8,GBCS,8,7/8,13,3,2,2 SPA/0 ENG,Monolingual,NA,10,4,0,0,2,NA,Production,EPT-38,amar,Intensional,Intensional subjunctive,DOM,0,0,1,1,NA,IND,60260,28864,1318934,-67512.13,-0.601146551,-0.7558751292784892,-0.8220498021287957,NA,-0.7889624657036425,-0.592501985141623,16,-0.3836306100020681,-0.8680015342974023,1.02784389290486,14,-0.12927192249875527,NA,1.1692679333668567,Subjunctive,1
H8B05,DLBE-7/8,GBCS,8,7/8,13,3,2,2 SPA/0 ENG,Monolingual,NA,10,4,0,0,2,NA,Production,EPT-42,cuidar,Intensional,Intensional subjunctive,DOM,1,1,0,1,NA,SUBJ,208160,26928,1534607,-100844.1,-0.897943857,-0.12945128613949522,-0.8404570398149089,NA,-0.48495416297720206,-0.592501985141623,16,-0.3836306100020681,-0.8680015342974023,1.02784389290486,14,-0.12927192249875527,NA,1.1692679333668567,Subjunctive,0
H8B06,DLBE-7/8,GBCS,8,7/8,13,2,0,2 SPA/2 ENG,Bilingual,NA,13,3,0,0,2,NA,Production,EPT-02,llamar,Intensional,Intensional subjunctive,DOM,1,1,1,1,NA,SUBJ,303936,207733,8248273,79960.88,0.711993649,0.2762036834377887,0.8786135231177882,NA,0.5774086032777884,-0.592501985141623,15,-0.567106119133492,0.49600087674137205,0.3627684327899504,16,0.5817236512443958,NA,-1.1692679333668567,Subjunctive,1
H8B06,DLBE-7/8,GBCS,8,7/8,13,2,0,2 SPA/2 ENG,Bilingual,NA,13,3,0,0,2,NA,Production,EPT-08,peinar,Intensional,Intensional subjunctive,DOM,NA,NA,NA,NA,NA,NA,6151,3173,91504,-124599.1,-1.109464919,-0.9850513816679946,-1.0663165084273158,NA,-1.0256839450476551,-0.592501985141623,15,-0.567106119133492,0.49600087674137205,0.3627684327899504,16,0.5817236512443958,NA,-1.1692679333668567,Subjunctive,NA
H8B06,DLBE-7/8,GBCS,8,7/8,13,2,0,2 SPA/2 ENG,Bilingual,NA,13,3,0,0,2,NA,Production,EPT-14,pintar,Intensional,Intensional subjunctive,DOM,1,1,1,1,NA,SUBJ,45606,22466,893704,-105306.1,-0.937674734,-0.8179414916676632,-0.8828811589034613,NA,-0.8504113252855623,-0.592501985141623,15,-0.567106119133492,0.49600087674137205,0.3627684327899504,16,0.5817236512443958,NA,-1.1692679333668567,Subjunctive,1
H8B06,DLBE-7/8,GBCS,8,7/8,13,2,0,2 SPA/2 ENG,Bilingual,NA,13,3,0,0,2,NA,Production,EPT-20,tratar,Intensional,Intensional subjunctive,DOM,1,1,1,1,NA,IND,590952,203027,9516595,75254.88,0.670090129,1.4918471301070348,0.8338694835770605,NA,1.1628583068420475,-0.592501985141623,15,-0.567106119133492,0.49600087674137205,0.3627684327899504,16,0.5817236512443958,NA,-1.1692679333668567,Subjunctive,1
H8B06,DLBE-7/8,GBCS,8,7/8,13,2,0,2 SPA/2 ENG,Bilingual,NA,13,3,0,0,2,NA,Production,EPT-26,mirar,Intensional,Intensional subjunctive,DOM,1,1,1,1,NA,SUBJ,186441,197558,3683993,69785.88,0.621392647,-0.22144114042709367,0.7818709386879318,NA,0.2802148991304191,-0.592501985141623,15,-0.567106119133492,0.49600087674137205,0.3627684327899504,16,0.5817236512443958,NA,-1.1692679333668567,Subjunctive,1
H8B06,DLBE-7/8,GBCS,8,7/8,13,2,0,2 SPA/2 ENG,Bilingual,NA,13,3,0,0,2,NA,Production,EPT-32,llevar,Intensional,Intensional subjunctive,DOM,1,1,1,1,NA,SUBJ,418316,301022,13841181,173259.9,1.542753636,0.7606550639532595,1.765593273375958,NA,1.2631241686646089,-0.592501985141623,15,-0.567106119133492,0.49600087674137205,0.3627684327899504,16,0.5817236512443958,NA,-1.1692679333668567,Subjunctive,1
H8B06,DLBE-7/8,GBCS,8,7/8,13,2,0,2 SPA/2 ENG,Bilingual,NA,13,3,0,0,2,NA,Production,EPT-38,amar,Intensional,Intensional subjunctive,DOM,1,1,1,1,NA,SUBJ,60260,28864,1318934,-67512.13,-0.601146551,-0.7558751292784892,-0.8220498021287957,NA,-0.7889624657036425,-0.592501985141623,15,-0.567106119133492,0.49600087674137205,0.3627684327899504,16,0.5817236512443958,NA,-1.1692679333668567,Subjunctive,1
H8B06,DLBE-7/8,GBCS,8,7/8,13,2,0,2 SPA/2 ENG,Bilingual,NA,13,3,0,0,2,NA,Production,EPT-42,cuidar,Intensional,Intensional subjunctive,DOM,1,1,1,1,NA,SUBJ,208160,26928,1534607,-100844.1,-0.897943857,-0.12945128613949522,-0.8404570398149089,NA,-0.48495416297720206,-0.592501985141623,15,-0.567106119133492,0.49600087674137205,0.3627684327899504,16,0.5817236512443958,NA,-1.1692679333668567,Subjunctive,1
H8B07,DLBE-7/8,GBCS,8,7/8,16,2,0,2 SPA/2 ENG,Bilingual,NA,13,2,0,0,2,NA,Production,EPT-02,llamar,Intensional,Intensional subjunctive,DOM,1,NA,NA,NA,NA,SUBJ,303936,207733,8248273,79960.88,0.711993649,0.2762036834377887,0.8786135231177882,NA,0.5774086032777884,0.08172441174367207,18,-0.01667959173922018,0.49600087674137205,-0.30230702732495923,15,0.2262258643728203,NA,-1.1692679333668567,Subjunctive,NA
H8B07,DLBE-7/8,GBCS,8,7/8,16,2,0,2 SPA/2 ENG,Bilingual,NA,13,2,0,0,2,NA,Production,EPT-08,peinar,Intensional,Intensional subjunctive,DOM,1,1,NA,1,NA,SUBJ,6151,3173,91504,-124599.1,-1.109464919,-0.9850513816679946,-1.0663165084273158,NA,-1.0256839450476551,0.08172441174367207,18,-0.01667959173922018,0.49600087674137205,-0.30230702732495923,15,0.2262258643728203,NA,-1.1692679333668567,Subjunctive,NA
H8B07,DLBE-7/8,GBCS,8,7/8,16,2,0,2 SPA/2 ENG,Bilingual,NA,13,2,0,0,2,NA,Production,EPT-14,pintar,Intensional,Intensional subjunctive,DOM,1,1,NA,1,NA,SUBJ,45606,22466,893704,-105306.1,-0.937674734,-0.8179414916676632,-0.8828811589034613,NA,-0.8504113252855623,0.08172441174367207,18,-0.01667959173922018,0.49600087674137205,-0.30230702732495923,15,0.2262258643728203,NA,-1.1692679333668567,Subjunctive,NA
H8B07,DLBE-7/8,GBCS,8,7/8,16,2,0,2 SPA/2 ENG,Bilingual,NA,13,2,0,0,2,NA,Production,EPT-20,tratar,Intensional,Intensional subjunctive,DOM,1,1,0,1,NA,SUBJ,590952,203027,9516595,75254.88,0.670090129,1.4918471301070348,0.8338694835770605,NA,1.1628583068420475,0.08172441174367207,18,-0.01667959173922018,0.49600087674137205,-0.30230702732495923,15,0.2262258643728203,NA,-1.1692679333668567,Subjunctive,0
H8B07,DLBE-7/8,GBCS,8,7/8,16,2,0,2 SPA/2 ENG,Bilingual,NA,13,2,0,0,2,NA,Production,EPT-26,mirar,Intensional,Intensional subjunctive,DOM,0,0,0,1,NA,IND,186441,197558,3683993,69785.88,0.621392647,-0.22144114042709367,0.7818709386879318,NA,0.2802148991304191,0.08172441174367207,18,-0.01667959173922018,0.49600087674137205,-0.30230702732495923,15,0.2262258643728203,NA,-1.1692679333668567,Subjunctive,0
H8B07,DLBE-7/8,GBCS,8,7/8,16,2,0,2 SPA/2 ENG,Bilingual,NA,13,2,0,0,2,NA,Production,EPT-32,llevar,Intensional,Intensional subjunctive,DOM,0,0,0,1,NA,IND,418316,301022,13841181,173259.9,1.542753636,0.7606550639532595,1.765593273375958,NA,1.2631241686646089,0.08172441174367207,18,-0.01667959173922018,0.49600087674137205,-0.30230702732495923,15,0.2262258643728203,NA,-1.1692679333668567,Subjunctive,0
H8B07,DLBE-7/8,GBCS,8,7/8,16,2,0,2 SPA/2 ENG,Bilingual,NA,13,2,0,0,2,NA,Production,EPT-38,amar,Intensional,Intensional subjunctive,DOM,0,0,1,1,NA,IND,60260,28864,1318934,-67512.13,-0.601146551,-0.7558751292784892,-0.8220498021287957,NA,-0.7889624657036425,0.08172441174367207,18,-0.01667959173922018,0.49600087674137205,-0.30230702732495923,15,0.2262258643728203,NA,-1.1692679333668567,Subjunctive,1
H8B07,DLBE-7/8,GBCS,8,7/8,16,2,0,2 SPA/2 ENG,Bilingual,NA,13,2,0,0,2,NA,Production,EPT-42,cuidar,Intensional,Intensional subjunctive,DOM,0,0,0,1,NA,IND,208160,26928,1534607,-100844.1,-0.897943857,-0.12945128613949522,-0.8404570398149089,NA,-0.48495416297720206,0.08172441174367207,18,-0.01667959173922018,0.49600087674137205,-0.30230702732495923,15,0.2262258643728203,NA,-1.1692679333668567,Subjunctive,0
H8B08,DLBE-7/8,GBCS,8,7/8,25,5,2,2 SPA/0 ENG,Monolingual,NA,14,4,0,0,2,NA,Production,EPT-02,llamar,Intensional,Intensional subjunctive,DOM,1,1,1,1,NA,SUBJ,303936,207733,8248273,79960.88,0.711993649,0.2762036834377887,0.8786135231177882,NA,0.5774086032777884,2.104403602399558,30,2.185026517837867,0.95066834708763,1.02784389290486,18,1.292719224987547,NA,1.1692679333668567,Subjunctive,1
H8B08,DLBE-7/8,GBCS,8,7/8,25,5,2,2 SPA/0 ENG,Monolingual,NA,14,4,0,0,2,NA,Production,EPT-08,peinar,Intensional,Intensional subjunctive,DOM,1,1,1,1,NA,SUBJ,6151,3173,91504,-124599.1,-1.109464919,-0.9850513816679946,-1.0663165084273158,NA,-1.0256839450476551,2.104403602399558,30,2.185026517837867,0.95066834708763,1.02784389290486,18,1.292719224987547,NA,1.1692679333668567,Subjunctive,1
H8B08,DLBE-7/8,GBCS,8,7/8,25,5,2,2 SPA/0 ENG,Monolingual,NA,14,4,0,0,2,NA,Production,EPT-14,pintar,Intensional,Intensional subjunctive,DOM,1,1,0,1,NA,SUBJ,45606,22466,893704,-105306.1,-0.937674734,-0.8179414916676632,-0.8828811589034613,NA,-0.8504113252855623,2.104403602399558,30,2.185026517837867,0.95066834708763,1.02784389290486,18,1.292719224987547,NA,1.1692679333668567,Subjunctive,0
H8B08,DLBE-7/8,GBCS,8,7/8,25,5,2,2 SPA/0 ENG,Monolingual,NA,14,4,0,0,2,NA,Production,EPT-20,tratar,Intensional,Intensional subjunctive,DOM,1,1,1,1,NA,SUBJ,590952,203027,9516595,75254.88,0.670090129,1.4918471301070348,0.8338694835770605,NA,1.1628583068420475,2.104403602399558,30,2.185026517837867,0.95066834708763,1.02784389290486,18,1.292719224987547,NA,1.1692679333668567,Subjunctive,1
H8B08,DLBE-7/8,GBCS,8,7/8,25,5,2,2 SPA/0 ENG,Monolingual,NA,14,4,0,0,2,NA,Production,EPT-26,mirar,Intensional,Intensional subjunctive,DOM,1,1,1,1,NA,SUBJ,186441,197558,3683993,69785.88,0.621392647,-0.22144114042709367,0.7818709386879318,NA,0.2802148991304191,2.104403602399558,30,2.185026517837867,0.95066834708763,1.02784389290486,18,1.292719224987547,NA,1.1692679333668567,Subjunctive,1
H8B08,DLBE-7/8,GBCS,8,7/8,25,5,2,2 SPA/0 ENG,Monolingual,NA,14,4,0,0,2,NA,Production,EPT-32,llevar,Intensional,Intensional subjunctive,DOM,1,1,1,1,NA,SUBJ,418316,301022,13841181,173259.9,1.542753636,0.7606550639532595,1.765593273375958,NA,1.2631241686646089,2.104403602399558,30,2.185026517837867,0.95066834708763,1.02784389290486,18,1.292719224987547,NA,1.1692679333668567,Subjunctive,1
H8B08,DLBE-7/8,GBCS,8,7/8,25,5,2,2 SPA/0 ENG,Monolingual,NA,14,4,0,0,2,NA,Production,EPT-38,amar,Intensional,Intensional subjunctive,DOM,1,1,1,1,NA,SUBJ,60260,28864,1318934,-67512.13,-0.601146551,-0.7558751292784892,-0.8220498021287957,NA,-0.7889624657036425,2.104403602399558,30,2.185026517837867,0.95066834708763,1.02784389290486,18,1.292719224987547,NA,1.1692679333668567,Subjunctive,1
H8B08,DLBE-7/8,GBCS,8,7/8,25,5,2,2 SPA/0 ENG,Monolingual,NA,14,4,0,0,2,NA,Production,EPT-42,cuidar,Intensional,Intensional subjunctive,DOM,0,0,1,1,NA,IND,208160,26928,1534607,-100844.1,-0.897943857,-0.12945128613949522,-0.8404570398149089,NA,-0.48495416297720206,2.104403602399558,30,2.185026517837867,0.95066834708763,1.02784389290486,18,1.292719224987547,NA,1.1692679333668567,Subjunctive,1
H8B09,DLBE-7/8,GBCS,8,7/8,16,3,0,2 SPA/2 ENG,Bilingual,NA,13,0,3,0,2,NA,Production,EPT-02,llamar,Intensional,Intensional subjunctive,DOM,0,0,1,1,NA,IND,303936,207733,8248273,79960.88,0.711993649,0.2762036834377887,0.8786135231177882,NA,0.5774086032777884,0.08172441174367207,19,0.16679591739220376,0.49600087674137205,-1.6324579475547782,13,-0.48476970937033087,NA,-1.1692679333668567,Subjunctive,1
H8B09,DLBE-7/8,GBCS,8,7/8,16,3,0,2 SPA/2 ENG,Bilingual,NA,13,0,3,0,2,NA,Production,EPT-08,peinar,Intensional,Intensional subjunctive,DOM,0,0,1,1,NA,IND,6151,3173,91504,-124599.1,-1.109464919,-0.9850513816679946,-1.0663165084273158,NA,-1.0256839450476551,0.08172441174367207,19,0.16679591739220376,0.49600087674137205,-1.6324579475547782,13,-0.48476970937033087,NA,-1.1692679333668567,Subjunctive,1
H8B09,DLBE-7/8,GBCS,8,7/8,16,3,0,2 SPA/2 ENG,Bilingual,NA,13,0,3,0,2,NA,Production,EPT-14,pintar,Intensional,Intensional subjunctive,DOM,0,0,1,1,NA,IND,45606,22466,893704,-105306.1,-0.937674734,-0.8179414916676632,-0.8828811589034613,NA,-0.8504113252855623,0.08172441174367207,19,0.16679591739220376,0.49600087674137205,-1.6324579475547782,13,-0.48476970937033087,NA,-1.1692679333668567,Subjunctive,1
H8B09,DLBE-7/8,GBCS,8,7/8,16,3,0,2 SPA/2 ENG,Bilingual,NA,13,0,3,0,2,NA,Production,EPT-20,tratar,Intensional,Intensional subjunctive,DOM,0,0,1,1,NA,IND,590952,203027,9516595,75254.88,0.670090129,1.4918471301070348,0.8338694835770605,NA,1.1628583068420475,0.08172441174367207,19,0.16679591739220376,0.49600087674137205,-1.6324579475547782,13,-0.48476970937033087,NA,-1.1692679333668567,Subjunctive,1
H8B09,DLBE-7/8,GBCS,8,7/8,16,3,0,2 SPA/2 ENG,Bilingual,NA,13,0,3,0,2,NA,Production,EPT-26,mirar,Intensional,Intensional subjunctive,DOM,0,0,1,1,NA,IND,186441,197558,3683993,69785.88,0.621392647,-0.22144114042709367,0.7818709386879318,NA,0.2802148991304191,0.08172441174367207,19,0.16679591739220376,0.49600087674137205,-1.6324579475547782,13,-0.48476970937033087,NA,-1.1692679333668567,Subjunctive,1
H8B09,DLBE-7/8,GBCS,8,7/8,16,3,0,2 SPA/2 ENG,Bilingual,NA,13,0,3,0,2,NA,Production,EPT-32,llevar,Intensional,Intensional subjunctive,DOM,0,0,1,1,NA,IND,418316,301022,13841181,173259.9,1.542753636,0.7606550639532595,1.765593273375958,NA,1.2631241686646089,0.08172441174367207,19,0.16679591739220376,0.49600087674137205,-1.6324579475547782,13,-0.48476970937033087,NA,-1.1692679333668567,Subjunctive,1
H8B09,DLBE-7/8,GBCS,8,7/8,16,3,0,2 SPA/2 ENG,Bilingual,NA,13,0,3,0,2,NA,Production,EPT-38,amar,Intensional,Intensional subjunctive,DOM,0,0,1,1,NA,IND,60260,28864,1318934,-67512.13,-0.601146551,-0.7558751292784892,-0.8220498021287957,NA,-0.7889624657036425,0.08172441174367207,19,0.16679591739220376,0.49600087674137205,-1.6324579475547782,13,-0.48476970937033087,NA,-1.1692679333668567,Subjunctive,1
H8B09,DLBE-7/8,GBCS,8,7/8,16,3,0,2 SPA/2 ENG,Bilingual,NA,13,0,3,0,2,NA,Production,EPT-42,cuidar,Intensional,Intensional subjunctive,DOM,0,0,1,1,NA,IND,208160,26928,1534607,-100844.1,-0.897943857,-0.12945128613949522,-0.8404570398149089,NA,-0.48495416297720206,0.08172441174367207,19,0.16679591739220376,0.49600087674137205,-1.6324579475547782,13,-0.48476970937033087,NA,-1.1692679333668567,Subjunctive,1
H7B02,DLBE-7/8,GBCS,7,7/8,17,3,1,2 SPA/1 ENG,Bilingual,NA,14,4,0,0,2,NA,Production,EPT-12,amar,Intensional,Intensional indicative,DOM,1,1,1,1,NA,IND,60260,28864,1318934,NA,NA,-0.7558751292784892,-0.8220498021287957,NA,-0.7889624657036425,0.30646654403877044,20,0.3502714265236277,0.95066834708763,1.02784389290486,18,1.292719224987547,NA,0,Indicative,1
H7B02,DLBE-7/8,GBCS,7,7/8,17,3,1,2 SPA/1 ENG,Bilingual,NA,14,4,0,0,2,NA,Production,EPT-24,pintar,Intensional,Intensional indicative,DOM,0,0,1,1,NA,SUBJ,45606,22466,893704,NA,NA,-0.8179414916676632,-0.8828811589034613,NA,-0.8504113252855623,0.30646654403877044,20,0.3502714265236277,0.95066834708763,1.02784389290486,18,1.292719224987547,NA,0,Indicative,1
H7B03,DLBE-7/8,GBCS,7,7/8,8,1,1,2 SPA/1 ENG,Bilingual,NA,8,1,NA,0,2,NA,Production,EPT-12,amar,Intensional,Intensional indicative,DOM,1,1,0,1,NA,IND,60260,28864,1318934,NA,NA,-0.7558751292784892,-0.8220498021287957,NA,-0.7889624657036425,-1.7162126466171148,9,-1.6679591739220354,-1.7773364749899183,-0.9673824874398688,9,-1.9067608568566332,NA,0,Indicative,0
H7B03,DLBE-7/8,GBCS,7,7/8,8,1,1,2 SPA/1 ENG,Bilingual,NA,8,1,NA,0,2,NA,Production,EPT-24,pintar,Intensional,Intensional indicative,DOM,1,1,0,1,NA,PRET,45606,22466,893704,NA,NA,-0.8179414916676632,-0.8828811589034613,NA,-0.8504113252855623,-1.7162126466171148,9,-1.6679591739220354,-1.7773364749899183,-0.9673824874398688,9,-1.9067608568566332,NA,0,Indicative,0
H8B01,DLBE-7/8,GBCS,8,7/8,19,3,0,2 SPA/2 ENG,Bilingual,NA,14,0,3,0,2,NA,Production,EPT-12,amar,Intensional,Intensional indicative,DOM,1,1,1,1,NA,IND,60260,28864,1318934,NA,NA,-0.7558751292784892,-0.8220498021287957,NA,-0.7889624657036425,0.7559508086289671,22,0.7172224447864756,0.95066834708763,-1.6324579475547782,14,-0.12927192249875527,NA,-1.1692679333668567,Indicative,1
H8B01,DLBE-7/8,GBCS,8,7/8,19,3,0,2 SPA/2 ENG,Bilingual,NA,14,0,3,0,2,NA,Production,EPT-24,pintar,Intensional,Intensional indicative,DOM,1,1,0,1,NA,IND,45606,22466,893704,NA,NA,-0.8179414916676632,-0.8828811589034613,NA,-0.8504113252855623,0.7559508086289671,22,0.7172224447864756,0.95066834708763,-1.6324579475547782,14,-0.12927192249875527,NA,-1.1692679333668567,Indicative,0
H8B02,DLBE-7/8,GBCS,8,7/8,10,1,1,2 SPA/1 ENG,Bilingual,NA,13,4,NA,0,2,NA,Production,EPT-12,amar,Intensional,Intensional indicative,DOM,1,1,0,1,NA,IND,60260,28864,1318934,NA,NA,-0.7558751292784892,-0.8220498021287957,NA,-0.7889624657036425,-1.2667283820269182,11,-1.3010081556591877,0.49600087674137205,1.02784389290486,17,0.9372214381159716,NA,0,Indicative,0
H8B02,DLBE-7/8,GBCS,8,7/8,10,1,1,2 SPA/1 ENG,Bilingual,NA,13,4,NA,0,2,NA,Production,EPT-24,pintar,Intensional,Intensional indicative,DOM,0,0,0,NA,NA,INF,45606,22466,893704,NA,NA,-0.8179414916676632,-0.8828811589034613,NA,-0.8504113252855623,-1.2667283820269182,11,-1.3010081556591877,0.49600087674137205,1.02784389290486,17,0.9372214381159716,NA,0,Indicative,0
H8B03,DLBE-7/8,GBCS,8,7/8,16,1,2,2 SPA/0 ENG,Monolingual,NA,8,2,NA,0,0,NA,Production,EPT-12,amar,Intensional,Intensional indicative,DOM,0,0,1,1,NA,IND,60260,28864,1318934,NA,NA,-0.7558751292784892,-0.8220498021287957,NA,-0.7889624657036425,0.08172441174367207,17,-0.20015510087064411,-1.7773364749899183,-0.30230702732495923,10,-1.5512630699850576,NA,1.1692679333668567,Indicative,1
H8B03,DLBE-7/8,GBCS,8,7/8,16,1,2,2 SPA/0 ENG,Monolingual,NA,8,2,NA,0,0,NA,Production,EPT-24,pintar,Intensional,Intensional indicative,DOM,1,1,0,1,NA,IND,45606,22466,893704,NA,NA,-0.8179414916676632,-0.8828811589034613,NA,-0.8504113252855623,0.08172441174367207,17,-0.20015510087064411,-1.7773364749899183,-0.30230702732495923,10,-1.5512630699850576,NA,1.1692679333668567,Indicative,0
H8B04,DLBE-7/8,GBCS,8,7/8,19,3,2,2 SPA/0 ENG,Monolingual,NA,11,3,5,0,2,NA,Production,EPT-12,amar,Intensional,Intensional indicative,DOM,0,0,1,1,NA,SUBJ,60260,28864,1318934,NA,NA,-0.7558751292784892,-0.8220498021287957,NA,-0.7889624657036425,0.7559508086289671,22,0.7172224447864756,-0.4133340639511442,0.3627684327899504,14,-0.12927192249875527,NA,1.1692679333668567,Indicative,1
H8B04,DLBE-7/8,GBCS,8,7/8,19,3,2,2 SPA/0 ENG,Monolingual,NA,11,3,5,0,2,NA,Production,EPT-24,pintar,Intensional,Intensional indicative,DOM,0,0,1,1,NA,SUBJ,45606,22466,893704,NA,NA,-0.8179414916676632,-0.8828811589034613,NA,-0.8504113252855623,0.7559508086289671,22,0.7172224447864756,-0.4133340639511442,0.3627684327899504,14,-0.12927192249875527,NA,1.1692679333668567,Indicative,1
H8B05,DLBE-7/8,GBCS,8,7/8,13,3,2,2 SPA/0 ENG,Monolingual,NA,10,4,0,0,2,NA,Production,EPT-12,amar,Intensional,Intensional indicative,DOM,1,1,1,1,NA,IND,60260,28864,1318934,NA,NA,-0.7558751292784892,-0.8220498021287957,NA,-0.7889624657036425,-0.592501985141623,16,-0.3836306100020681,-0.8680015342974023,1.02784389290486,14,-0.12927192249875527,NA,1.1692679333668567,Indicative,1
H8B05,DLBE-7/8,GBCS,8,7/8,13,3,2,2 SPA/0 ENG,Monolingual,NA,10,4,0,0,2,NA,Production,EPT-24,pintar,Intensional,Intensional indicative,DOM,0,0,1,1,NA,IND,45606,22466,893704,NA,NA,-0.8179414916676632,-0.8828811589034613,NA,-0.8504113252855623,-0.592501985141623,16,-0.3836306100020681,-0.8680015342974023,1.02784389290486,14,-0.12927192249875527,NA,1.1692679333668567,Indicative,1
H8B06,DLBE-7/8,GBCS,8,7/8,13,2,0,2 SPA/2 ENG,Bilingual,NA,13,3,0,0,2,NA,Production,EPT-12,amar,Intensional,Intensional indicative,DOM,0,0,1,1,NA,SUBJ,60260,28864,1318934,NA,NA,-0.7558751292784892,-0.8220498021287957,NA,-0.7889624657036425,-0.592501985141623,15,-0.567106119133492,0.49600087674137205,0.3627684327899504,16,0.5817236512443958,NA,-1.1692679333668567,Indicative,1
H8B06,DLBE-7/8,GBCS,8,7/8,13,2,0,2 SPA/2 ENG,Bilingual,NA,13,3,0,0,2,NA,Production,EPT-24,pintar,Intensional,Intensional indicative,DOM,0,0,1,1,NA,SUBJ,45606,22466,893704,NA,NA,-0.8179414916676632,-0.8828811589034613,NA,-0.8504113252855623,-0.592501985141623,15,-0.567106119133492,0.49600087674137205,0.3627684327899504,16,0.5817236512443958,NA,-1.1692679333668567,Indicative,1
H8B07,DLBE-7/8,GBCS,8,7/8,16,2,0,2 SPA/2 ENG,Bilingual,NA,13,2,0,0,2,NA,Production,EPT-12,amar,Intensional,Intensional indicative,DOM,1,1,1,1,NA,IND,60260,28864,1318934,NA,NA,-0.7558751292784892,-0.8220498021287957,NA,-0.7889624657036425,0.08172441174367207,18,-0.01667959173922018,0.49600087674137205,-0.30230702732495923,15,0.2262258643728203,NA,-1.1692679333668567,Indicative,1
H8B07,DLBE-7/8,GBCS,8,7/8,16,2,0,2 SPA/2 ENG,Bilingual,NA,13,2,0,0,2,NA,Production,EPT-24,pintar,Intensional,Intensional indicative,DOM,1,1,0,0,NA,IND,45606,22466,893704,NA,NA,-0.8179414916676632,-0.8828811589034613,NA,-0.8504113252855623,0.08172441174367207,18,-0.01667959173922018,0.49600087674137205,-0.30230702732495923,15,0.2262258643728203,NA,-1.1692679333668567,Indicative,0
H8B08,DLBE-7/8,GBCS,8,7/8,25,5,2,2 SPA/0 ENG,Monolingual,NA,14,4,0,0,2,NA,Production,EPT-12,amar,Intensional,Intensional indicative,DOM,0,0,1,1,NA,SUBJ,60260,28864,1318934,NA,NA,-0.7558751292784892,-0.8220498021287957,NA,-0.7889624657036425,2.104403602399558,30,2.185026517837867,0.95066834708763,1.02784389290486,18,1.292719224987547,NA,1.1692679333668567,Indicative,1
H8B08,DLBE-7/8,GBCS,8,7/8,25,5,2,2 SPA/0 ENG,Monolingual,NA,14,4,0,0,2,NA,Production,EPT-24,pintar,Intensional,Intensional indicative,DOM,0,0,0,1,NA,SUBJ,45606,22466,893704,NA,NA,-0.8179414916676632,-0.8828811589034613,NA,-0.8504113252855623,2.104403602399558,30,2.185026517837867,0.95066834708763,1.02784389290486,18,1.292719224987547,NA,1.1692679333668567,Indicative,0
H8B09,DLBE-7/8,GBCS,8,7/8,16,3,0,2 SPA/2 ENG,Bilingual,NA,13,0,3,0,2,NA,Production,EPT-12,amar,Intensional,Intensional indicative,DOM,1,1,1,1,NA,IND,60260,28864,1318934,NA,NA,-0.7558751292784892,-0.8220498021287957,NA,-0.7889624657036425,0.08172441174367207,19,0.16679591739220376,0.49600087674137205,-1.6324579475547782,13,-0.48476970937033087,NA,-1.1692679333668567,Indicative,1
H8B09,DLBE-7/8,GBCS,8,7/8,16,3,0,2 SPA/2 ENG,Bilingual,NA,13,0,3,0,2,NA,Production,EPT-24,pintar,Intensional,Intensional indicative,DOM,1,NA,0,1,NA,IND MODAL,45606,22466,893704,NA,NA,-0.8179414916676632,-0.8828811589034613,NA,-0.8504113252855623,0.08172441174367207,19,0.16679591739220376,0.49600087674137205,-1.6324579475547782,13,-0.48476970937033087,NA,-1.1692679333668567,Indicative,0
H8M01,MLS-7/8,RBMS,8,7/8,10,1,1,2 SPA/1 ENG,Bilingual,NA,13,3,3,0,2,NA,Production,EPT-02,llamar,Intensional,Intensional subjunctive,DOM,0,0,0,1,NA,IND,303936,207733,8248273,79960.88,0.711993649,0.2762036834377887,0.8786135231177882,NA,0.5774086032777884,-0.8299558558251272,11,-0.8276921399911301,0.7267440955665465,0.29551264618271245,16,0.6633243407922836,NA,-0.3081871121027818,Subjunctive,0
H8M01,MLS-7/8,RBMS,8,7/8,10,1,1,2 SPA/1 ENG,Bilingual,NA,13,3,3,0,2,NA,Production,EPT-08,peinar,Intensional,Intensional subjunctive,DOM,1,1,1,1,NA,SUBJ,6151,3173,91504,-124599.1,-1.109464919,-0.9850513816679946,-1.0663165084273158,NA,-1.0256839450476551,-0.8299558558251272,11,-0.8276921399911301,0.7267440955665465,0.29551264618271245,16,0.6633243407922836,NA,-0.3081871121027818,Subjunctive,1
H8M01,MLS-7/8,RBMS,8,7/8,10,1,1,2 SPA/1 ENG,Bilingual,NA,13,3,3,0,2,NA,Production,EPT-14,pintar,Intensional,Intensional subjunctive,DOM,0,0,NA,1,NA,IND,45606,22466,893704,-105306.1,-0.937674734,-0.8179414916676632,-0.8828811589034613,NA,-0.8504113252855623,-0.8299558558251272,11,-0.8276921399911301,0.7267440955665465,0.29551264618271245,16,0.6633243407922836,NA,-0.3081871121027818,Subjunctive,NA
H8M01,MLS-7/8,RBMS,8,7/8,10,1,1,2 SPA/1 ENG,Bilingual,NA,13,3,3,0,2,NA,Production,EPT-20,tratar,Intensional,Intensional subjunctive,DOM,1,1,1,1,NA,SUBJ,590952,203027,9516595,75254.88,0.670090129,1.4918471301070348,0.8338694835770605,NA,1.1628583068420475,-0.8299558558251272,11,-0.8276921399911301,0.7267440955665465,0.29551264618271245,16,0.6633243407922836,NA,-0.3081871121027818,Subjunctive,1
H8M01,MLS-7/8,RBMS,8,7/8,10,1,1,2 SPA/1 ENG,Bilingual,NA,13,3,3,0,2,NA,Production,EPT-26,mirar,Intensional,Intensional subjunctive,DOM,0,0,1,1,NA,IND,186441,197558,3683993,69785.88,0.621392647,-0.22144114042709367,0.7818709386879318,NA,0.2802148991304191,-0.8299558558251272,11,-0.8276921399911301,0.7267440955665465,0.29551264618271245,16,0.6633243407922836,NA,-0.3081871121027818,Subjunctive,1
H8M01,MLS-7/8,RBMS,8,7/8,10,1,1,2 SPA/1 ENG,Bilingual,NA,13,3,3,0,2,NA,Production,EPT-32,llevar,Intensional,Intensional subjunctive,DOM,NA,NA,NA,NA,NA,NA,418316,301022,13841181,173259.9,1.542753636,0.7606550639532595,1.765593273375958,NA,1.2631241686646089,-0.8299558558251272,11,-0.8276921399911301,0.7267440955665465,0.29551264618271245,16,0.6633243407922836,NA,-0.3081871121027818,Subjunctive,NA
H8M01,MLS-7/8,RBMS,8,7/8,10,1,1,2 SPA/1 ENG,Bilingual,NA,13,3,3,0,2,NA,Production,EPT-38,amar,Intensional,Intensional subjunctive,DOM,1,1,1,1,NA,SUBJ,60260,28864,1318934,-67512.13,-0.601146551,-0.7558751292784892,-0.8220498021287957,NA,-0.7889624657036425,-0.8299558558251272,11,-0.8276921399911301,0.7267440955665465,0.29551264618271245,16,0.6633243407922836,NA,-0.3081871121027818,Subjunctive,1
H8M01,MLS-7/8,RBMS,8,7/8,10,1,1,2 SPA/1 ENG,Bilingual,NA,13,3,3,0,2,NA,Production,EPT-42,cuidar,Intensional,Intensional subjunctive,DOM,0,0,1,1,NA,IND,208160,26928,1534607,-100844.1,-0.897943857,-0.12945128613949522,-0.8404570398149089,NA,-0.48495416297720206,-0.8299558558251272,11,-0.8276921399911301,0.7267440955665465,0.29551264618271245,16,0.6633243407922836,NA,-0.3081871121027818,Subjunctive,1
H8M02,MLS-7/8,RBMS,8,7/8,11,0,1,2 SPA/1 ENG,Bilingual,NA,14,4,3,0,2,NA,Production,EPT-02,llamar,Intensional,Intensional subjunctive,DOM,1,1,1,1,NA,SUBJ,303936,207733,8248273,79960.88,0.711993649,0.2762036834377887,0.8786135231177882,NA,0.5774086032777884,-0.5820469638254139,11,-0.8276921399911301,1.1553367673109205,0.9751917324029548,18,1.286036987250345,NA,-0.3081871121027818,Subjunctive,1
H8M02,MLS-7/8,RBMS,8,7/8,11,0,1,2 SPA/1 ENG,Bilingual,NA,14,4,3,0,2,NA,Production,EPT-08,peinar,Intensional,Intensional subjunctive,DOM,1,1,1,1,NA,SUBJ,6151,3173,91504,-124599.1,-1.109464919,-0.9850513816679946,-1.0663165084273158,NA,-1.0256839450476551,-0.5820469638254139,11,-0.8276921399911301,1.1553367673109205,0.9751917324029548,18,1.286036987250345,NA,-0.3081871121027818,Subjunctive,1
H8M02,MLS-7/8,RBMS,8,7/8,11,0,1,2 SPA/1 ENG,Bilingual,NA,14,4,3,0,2,NA,Production,EPT-14,pintar,Intensional,Intensional subjunctive,DOM,1,1,0,1,NA,SUBJ,45606,22466,893704,-105306.1,-0.937674734,-0.8179414916676632,-0.8828811589034613,NA,-0.8504113252855623,-0.5820469638254139,11,-0.8276921399911301,1.1553367673109205,0.9751917324029548,18,1.286036987250345,NA,-0.3081871121027818,Subjunctive,0
H8M02,MLS-7/8,RBMS,8,7/8,11,0,1,2 SPA/1 ENG,Bilingual,NA,14,4,3,0,2,NA,Production,EPT-20,tratar,Intensional,Intensional subjunctive,DOM,1,1,1,1,NA,SUBJ,590952,203027,9516595,75254.88,0.670090129,1.4918471301070348,0.8338694835770605,NA,1.1628583068420475,-0.5820469638254139,11,-0.8276921399911301,1.1553367673109205,0.9751917324029548,18,1.286036987250345,NA,-0.3081871121027818,Subjunctive,1
H8M02,MLS-7/8,RBMS,8,7/8,11,0,1,2 SPA/1 ENG,Bilingual,NA,14,4,3,0,2,NA,Production,EPT-26,mirar,Intensional,Intensional subjunctive,DOM,1,1,1,1,NA,SUBJ,186441,197558,3683993,69785.88,0.621392647,-0.22144114042709367,0.7818709386879318,NA,0.2802148991304191,-0.5820469638254139,11,-0.8276921399911301,1.1553367673109205,0.9751917324029548,18,1.286036987250345,NA,-0.3081871121027818,Subjunctive,1
H8M02,MLS-7/8,RBMS,8,7/8,11,0,1,2 SPA/1 ENG,Bilingual,NA,14,4,3,0,2,NA,Production,EPT-32,llevar,Intensional,Intensional subjunctive,DOM,1,1,1,1,NA,SUBJ,418316,301022,13841181,173259.9,1.542753636,0.7606550639532595,1.765593273375958,NA,1.2631241686646089,-0.5820469638254139,11,-0.8276921399911301,1.1553367673109205,0.9751917324029548,18,1.286036987250345,NA,-0.3081871121027818,Subjunctive,1
H8M02,MLS-7/8,RBMS,8,7/8,11,0,1,2 SPA/1 ENG,Bilingual,NA,14,4,3,0,2,NA,Production,EPT-38,amar,Intensional,Intensional subjunctive,DOM,1,1,1,1,NA,SUBJ,60260,28864,1318934,-67512.13,-0.601146551,-0.7558751292784892,-0.8220498021287957,NA,-0.7889624657036425,-0.5820469638254139,11,-0.8276921399911301,1.1553367673109205,0.9751917324029548,18,1.286036987250345,NA,-0.3081871121027818,Subjunctive,1
H8M02,MLS-7/8,RBMS,8,7/8,11,0,1,2 SPA/1 ENG,Bilingual,NA,14,4,3,0,2,NA,Production,EPT-42,cuidar,Intensional,Intensional subjunctive,DOM,1,1,1,1,NA,SUBJ,208160,26928,1534607,-100844.1,-0.897943857,-0.12945128613949522,-0.8404570398149089,NA,-0.48495416297720206,-0.5820469638254139,11,-0.8276921399911301,1.1553367673109205,0.9751917324029548,18,1.286036987250345,NA,-0.3081871121027818,Subjunctive,1
H8M03,MLS-7/8,RBMS,8,7/8,7,0,2,2 SPA/0 ENG,Monolingual,NA,8,4,5,0,2,NA,Production,EPT-02,llamar,Intensional,Intensional subjunctive,DOM,0,0,0,1,NA,IND,303936,207733,8248273,79960.88,0.711993649,0.2762036834377887,0.8786135231177882,NA,0.5774086032777884,-1.573682531824267,7,-1.6208971074826295,-1.416219263155324,0.9751917324029548,12,-0.5821009521238388,NA,0.8731968176245462,Subjunctive,0
H8M03,MLS-7/8,RBMS,8,7/8,7,0,2,2 SPA/0 ENG,Monolingual,NA,8,4,5,0,2,NA,Production,EPT-08,peinar,Intensional,Intensional subjunctive,DOM,0,0,0,1,NA,IND,6151,3173,91504,-124599.1,-1.109464919,-0.9850513816679946,-1.0663165084273158,NA,-1.0256839450476551,-1.573682531824267,7,-1.6208971074826295,-1.416219263155324,0.9751917324029548,12,-0.5821009521238388,NA,0.8731968176245462,Subjunctive,0
H8M03,MLS-7/8,RBMS,8,7/8,7,0,2,2 SPA/0 ENG,Monolingual,NA,8,4,5,0,2,NA,Production,EPT-14,pintar,Intensional,Intensional subjunctive,DOM,0,0,0,NA,NA,INF,45606,22466,893704,-105306.1,-0.937674734,-0.8179414916676632,-0.8828811589034613,NA,-0.8504113252855623,-1.573682531824267,7,-1.6208971074826295,-1.416219263155324,0.9751917324029548,12,-0.5821009521238388,NA,0.8731968176245462,Subjunctive,0
H8M03,MLS-7/8,RBMS,8,7/8,7,0,2,2 SPA/0 ENG,Monolingual,NA,8,4,5,0,2,NA,Production,EPT-20,tratar,Intensional,Intensional subjunctive,DOM,1,1,0,1,NA,SUBJ,590952,203027,9516595,75254.88,0.670090129,1.4918471301070348,0.8338694835770605,NA,1.1628583068420475,-1.573682531824267,7,-1.6208971074826295,-1.416219263155324,0.9751917324029548,12,-0.5821009521238388,NA,0.8731968176245462,Subjunctive,0
H8M03,MLS-7/8,RBMS,8,7/8,7,0,2,2 SPA/0 ENG,Monolingual,NA,8,4,5,0,2,NA,Production,EPT-26,mirar,Intensional,Intensional subjunctive,DOM,0,0,0,1,NA,IND,186441,197558,3683993,69785.88,0.621392647,-0.22144114042709367,0.7818709386879318,NA,0.2802148991304191,-1.573682531824267,7,-1.6208971074826295,-1.416219263155324,0.9751917324029548,12,-0.5821009521238388,NA,0.8731968176245462,Subjunctive,0
H8M03,MLS-7/8,RBMS,8,7/8,7,0,2,2 SPA/0 ENG,Monolingual,NA,8,4,5,0,2,NA,Production,EPT-32,llevar,Intensional,Intensional subjunctive,DOM,0,0,0,1,NA,IND,418316,301022,13841181,173259.9,1.542753636,0.7606550639532595,1.765593273375958,NA,1.2631241686646089,-1.573682531824267,7,-1.6208971074826295,-1.416219263155324,0.9751917324029548,12,-0.5821009521238388,NA,0.8731968176245462,Subjunctive,0
H8M03,MLS-7/8,RBMS,8,7/8,7,0,2,2 SPA/0 ENG,Monolingual,NA,8,4,5,0,2,NA,Production,EPT-38,amar,Intensional,Intensional subjunctive,DOM,0,NA,0,NA,NA,INF,60260,28864,1318934,-67512.13,-0.601146551,-0.7558751292784892,-0.8220498021287957,NA,-0.7889624657036425,-1.573682531824267,7,-1.6208971074826295,-1.416219263155324,0.9751917324029548,12,-0.5821009521238388,NA,0.8731968176245462,Subjunctive,0
H8M03,MLS-7/8,RBMS,8,7/8,7,0,2,2 SPA/0 ENG,Monolingual,NA,8,4,5,0,2,NA,Production,EPT-42,cuidar,Intensional,Intensional subjunctive,DOM,0,0,0,1,NA,IND,208160,26928,1534607,-100844.1,-0.897943857,-0.12945128613949522,-0.8404570398149089,NA,-0.48495416297720206,-1.573682531824267,7,-1.6208971074826295,-1.416219263155324,0.9751917324029548,12,-0.5821009521238388,NA,0.8731968176245462,Subjunctive,0
H8M04,MLS-7/8,RBMS,8,7/8,11,0,2,2 SPA/0 ENG,Monolingual,NA,12,0,0,0,2,NA,Production,EPT-02,llamar,Intensional,Intensional subjunctive,DOM,0,0,0,1,NA,IND,303936,207733,8248273,79960.88,0.711993649,0.2762036834377887,0.8786135231177882,NA,0.5774086032777884,-0.5820469638254139,11,-0.8276921399911301,0.29815142382217236,-1.743524612478015,12,-0.5821009521238388,NA,0.8731968176245462,Subjunctive,0
H8M04,MLS-7/8,RBMS,8,7/8,11,0,2,2 SPA/0 ENG,Monolingual,NA,12,0,0,0,2,NA,Production,EPT-08,peinar,Intensional,Intensional subjunctive,DOM,1,1,0,1,NA,SUBJ,6151,3173,91504,-124599.1,-1.109464919,-0.9850513816679946,-1.0663165084273158,NA,-1.0256839450476551,-0.5820469638254139,11,-0.8276921399911301,0.29815142382217236,-1.743524612478015,12,-0.5821009521238388,NA,0.8731968176245462,Subjunctive,0
H8M04,MLS-7/8,RBMS,8,7/8,11,0,2,2 SPA/0 ENG,Monolingual,NA,12,0,0,0,2,NA,Production,EPT-14,pintar,Intensional,Intensional subjunctive,DOM,0,NA,0,NA,NA,INF,45606,22466,893704,-105306.1,-0.937674734,-0.8179414916676632,-0.8828811589034613,NA,-0.8504113252855623,-0.5820469638254139,11,-0.8276921399911301,0.29815142382217236,-1.743524612478015,12,-0.5821009521238388,NA,0.8731968176245462,Subjunctive,0
H8M04,MLS-7/8,RBMS,8,7/8,11,0,2,2 SPA/0 ENG,Monolingual,NA,12,0,0,0,2,NA,Production,EPT-20,tratar,Intensional,Intensional subjunctive,DOM,0,0,0,NA,NA,IND,590952,203027,9516595,75254.88,0.670090129,1.4918471301070348,0.8338694835770605,NA,1.1628583068420475,-0.5820469638254139,11,-0.8276921399911301,0.29815142382217236,-1.743524612478015,12,-0.5821009521238388,NA,0.8731968176245462,Subjunctive,0
H8M04,MLS-7/8,RBMS,8,7/8,11,0,2,2 SPA/0 ENG,Monolingual,NA,12,0,0,0,2,NA,Production,EPT-26,mirar,Intensional,Intensional subjunctive,DOM,0,0,0,NA,NA,IND,186441,197558,3683993,69785.88,0.621392647,-0.22144114042709367,0.7818709386879318,NA,0.2802148991304191,-0.5820469638254139,11,-0.8276921399911301,0.29815142382217236,-1.743524612478015,12,-0.5821009521238388,NA,0.8731968176245462,Subjunctive,0
H8M04,MLS-7/8,RBMS,8,7/8,11,0,2,2 SPA/0 ENG,Monolingual,NA,12,0,0,0,2,NA,Production,EPT-32,llevar,Intensional,Intensional subjunctive,DOM,1,1,0,1,NA,SUBJ,418316,301022,13841181,173259.9,1.542753636,0.7606550639532595,1.765593273375958,NA,1.2631241686646089,-0.5820469638254139,11,-0.8276921399911301,0.29815142382217236,-1.743524612478015,12,-0.5821009521238388,NA,0.8731968176245462,Subjunctive,0
H8M04,MLS-7/8,RBMS,8,7/8,11,0,2,2 SPA/0 ENG,Monolingual,NA,12,0,0,0,2,NA,Production,EPT-38,amar,Intensional,Intensional subjunctive,DOM,0,0,0,NA,NA,IND,60260,28864,1318934,-67512.13,-0.601146551,-0.7558751292784892,-0.8220498021287957,NA,-0.7889624657036425,-0.5820469638254139,11,-0.8276921399911301,0.29815142382217236,-1.743524612478015,12,-0.5821009521238388,NA,0.8731968176245462,Subjunctive,0
H8M04,MLS-7/8,RBMS,8,7/8,11,0,2,2 SPA/0 ENG,Monolingual,NA,12,0,0,0,2,NA,Production,EPT-42,cuidar,Intensional,Intensional subjunctive,DOM,1,1,0,NA,NA,SUBJ,208160,26928,1534607,-100844.1,-0.897943857,-0.12945128613949522,-0.8404570398149089,NA,-0.48495416297720206,-0.5820469638254139,11,-0.8276921399911301,0.29815142382217236,-1.743524612478015,12,-0.5821009521238388,NA,0.8731968176245462,Subjunctive,0
H8M05,MLS-7/8,RBMS,8,7/8,21,4,1,2 SPA/1 ENG,Bilingual,NA,13,2,0,0,2,NA,Production,EPT-02,llamar,Intensional,Intensional subjunctive,DOM,1,1,0,1,NA,SUBJ,303936,207733,8248273,79960.88,0.711993649,0.2762036834377887,0.8786135231177882,NA,0.5774086032777884,1.8970419561717196,25,1.9485252462291172,0.7267440955665465,-0.3841664400375301,15,0.351968017563253,NA,-0.3081871121027818,Subjunctive,0
H8M05,MLS-7/8,RBMS,8,7/8,21,4,1,2 SPA/1 ENG,Bilingual,NA,13,2,0,0,2,NA,Production,EPT-08,peinar,Intensional,Intensional subjunctive,DOM,1,1,0,1,NA,SUBJ,6151,3173,91504,-124599.1,-1.109464919,-0.9850513816679946,-1.0663165084273158,NA,-1.0256839450476551,1.8970419561717196,25,1.9485252462291172,0.7267440955665465,-0.3841664400375301,15,0.351968017563253,NA,-0.3081871121027818,Subjunctive,0
H8M05,MLS-7/8,RBMS,8,7/8,21,4,1,2 SPA/1 ENG,Bilingual,NA,13,2,0,0,2,NA,Production,EPT-14,pintar,Intensional,Intensional subjunctive,DOM,1,1,0,1,NA,SUBJ,45606,22466,893704,-105306.1,-0.937674734,-0.8179414916676632,-0.8828811589034613,NA,-0.8504113252855623,1.8970419561717196,25,1.9485252462291172,0.7267440955665465,-0.3841664400375301,15,0.351968017563253,NA,-0.3081871121027818,Subjunctive,0
H8M05,MLS-7/8,RBMS,8,7/8,21,4,1,2 SPA/1 ENG,Bilingual,NA,13,2,0,0,2,NA,Production,EPT-20,tratar,Intensional,Intensional subjunctive,DOM,1,1,0,1,NA,SUBJ,590952,203027,9516595,75254.88,0.670090129,1.4918471301070348,0.8338694835770605,NA,1.1628583068420475,1.8970419561717196,25,1.9485252462291172,0.7267440955665465,-0.3841664400375301,15,0.351968017563253,NA,-0.3081871121027818,Subjunctive,0
H8M05,MLS-7/8,RBMS,8,7/8,21,4,1,2 SPA/1 ENG,Bilingual,NA,13,2,0,0,2,NA,Production,EPT-26,mirar,Intensional,Intensional subjunctive,DOM,NA,NA,NA,NA,NA,SUBJ,186441,197558,3683993,69785.88,0.621392647,-0.22144114042709367,0.7818709386879318,NA,0.2802148991304191,1.8970419561717196,25,1.9485252462291172,0.7267440955665465,-0.3841664400375301,15,0.351968017563253,NA,-0.3081871121027818,Subjunctive,NA
H8M05,MLS-7/8,RBMS,8,7/8,21,4,1,2 SPA/1 ENG,Bilingual,NA,13,2,0,0,2,NA,Production,EPT-32,llevar,Intensional,Intensional subjunctive,DOM,1,1,0,1,NA,SUBJ,418316,301022,13841181,173259.9,1.542753636,0.7606550639532595,1.765593273375958,NA,1.2631241686646089,1.8970419561717196,25,1.9485252462291172,0.7267440955665465,-0.3841664400375301,15,0.351968017563253,NA,-0.3081871121027818,Subjunctive,0
H8M05,MLS-7/8,RBMS,8,7/8,21,4,1,2 SPA/1 ENG,Bilingual,NA,13,2,0,0,2,NA,Production,EPT-38,amar,Intensional,Intensional subjunctive,DOM,NA,NA,NA,NA,NA,NA,60260,28864,1318934,-67512.13,-0.601146551,-0.7558751292784892,-0.8220498021287957,NA,-0.7889624657036425,1.8970419561717196,25,1.9485252462291172,0.7267440955665465,-0.3841664400375301,15,0.351968017563253,NA,-0.3081871121027818,Subjunctive,NA
H8M05,MLS-7/8,RBMS,8,7/8,21,4,1,2 SPA/1 ENG,Bilingual,NA,13,2,0,0,2,NA,Production,EPT-42,cuidar,Intensional,Intensional subjunctive,DOM,1,1,0,1,NA,SUBJ,208160,26928,1534607,-100844.1,-0.897943857,-0.12945128613949522,-0.8404570398149089,NA,-0.48495416297720206,1.8970419561717196,25,1.9485252462291172,0.7267440955665465,-0.3841664400375301,15,0.351968017563253,NA,-0.3081871121027818,Subjunctive,0
H8M06,MLS-7/8,RBMS,8,7/8,15,0,2,2 SPA/0 ENG,Monolingual,NA,14,4,2,0,2,NA,Production,EPT-02,llamar,Intensional,Intensional subjunctive,DOM,1,1,1,0,NA,SUBJ,303936,207733,8248273,79960.88,0.711993649,0.2762036834377887,0.8786135231177882,NA,0.5774086032777884,0.4095886041734395,15,-0.03448717249963091,1.1553367673109205,0.9751917324029548,18,1.286036987250345,NA,0.8731968176245462,Subjunctive,1
H8M06,MLS-7/8,RBMS,8,7/8,15,0,2,2 SPA/0 ENG,Monolingual,NA,14,4,2,0,2,NA,Production,EPT-08,peinar,Intensional,Intensional subjunctive,DOM,1,1,0,0,NA,SUBJ,6151,3173,91504,-124599.1,-1.109464919,-0.9850513816679946,-1.0663165084273158,NA,-1.0256839450476551,0.4095886041734395,15,-0.03448717249963091,1.1553367673109205,0.9751917324029548,18,1.286036987250345,NA,0.8731968176245462,Subjunctive,0
H8M06,MLS-7/8,RBMS,8,7/8,15,0,2,2 SPA/0 ENG,Monolingual,NA,14,4,2,0,2,NA,Production,EPT-14,pintar,Intensional,Intensional subjunctive,DOM,1,1,0,1,NA,SUBJ,45606,22466,893704,-105306.1,-0.937674734,-0.8179414916676632,-0.8828811589034613,NA,-0.8504113252855623,0.4095886041734395,15,-0.03448717249963091,1.1553367673109205,0.9751917324029548,18,1.286036987250345,NA,0.8731968176245462,Subjunctive,0
H8M06,MLS-7/8,RBMS,8,7/8,15,0,2,2 SPA/0 ENG,Monolingual,NA,14,4,2,0,2,NA,Production,EPT-20,tratar,Intensional,Intensional subjunctive,DOM,1,1,0,1,NA,SUBJ,590952,203027,9516595,75254.88,0.670090129,1.4918471301070348,0.8338694835770605,NA,1.1628583068420475,0.4095886041734395,15,-0.03448717249963091,1.1553367673109205,0.9751917324029548,18,1.286036987250345,NA,0.8731968176245462,Subjunctive,0
H8M06,MLS-7/8,RBMS,8,7/8,15,0,2,2 SPA/0 ENG,Monolingual,NA,14,4,2,0,2,NA,Production,EPT-26,mirar,Intensional,Intensional subjunctive,DOM,1,1,1,1,NA,SUBJ,186441,197558,3683993,69785.88,0.621392647,-0.22144114042709367,0.7818709386879318,NA,0.2802148991304191,0.4095886041734395,15,-0.03448717249963091,1.1553367673109205,0.9751917324029548,18,1.286036987250345,NA,0.8731968176245462,Subjunctive,1
H8M06,MLS-7/8,RBMS,8,7/8,15,0,2,2 SPA/0 ENG,Monolingual,NA,14,4,2,0,2,NA,Production,EPT-32,llevar,Intensional,Intensional subjunctive,DOM,1,1,1,1,NA,SUBJ,418316,301022,13841181,173259.9,1.542753636,0.7606550639532595,1.765593273375958,NA,1.2631241686646089,0.4095886041734395,15,-0.03448717249963091,1.1553367673109205,0.9751917324029548,18,1.286036987250345,NA,0.8731968176245462,Subjunctive,1
H8M06,MLS-7/8,RBMS,8,7/8,15,0,2,2 SPA/0 ENG,Monolingual,NA,14,4,2,0,2,NA,Production,EPT-38,amar,Intensional,Intensional subjunctive,DOM,1,1,1,1,NA,SUBJ,60260,28864,1318934,-67512.13,-0.601146551,-0.7558751292784892,-0.8220498021287957,NA,-0.7889624657036425,0.4095886041734395,15,-0.03448717249963091,1.1553367673109205,0.9751917324029548,18,1.286036987250345,NA,0.8731968176245462,Subjunctive,1
H8M06,MLS-7/8,RBMS,8,7/8,15,0,2,2 SPA/0 ENG,Monolingual,NA,14,4,2,0,2,NA,Production,EPT-42,cuidar,Intensional,Intensional subjunctive,DOM,1,1,1,1,NA,SUBJ,208160,26928,1534607,-100844.1,-0.897943857,-0.12945128613949522,-0.8404570398149089,NA,-0.48495416297720206,0.4095886041734395,15,-0.03448717249963091,1.1553367673109205,0.9751917324029548,18,1.286036987250345,NA,0.8731968176245462,Subjunctive,1
H8M07,MLS-7/8,RBMS,8,7/8,11,1,2,2 SPA/0 ENG,Monolingual,NA,12,1,NA,0,2,NA,Production,EPT-02,llamar,Intensional,Intensional subjunctive,DOM,NA,NA,NA,NA,NA,NA,303936,207733,8248273,79960.88,0.711993649,0.2762036834377887,0.8786135231177882,NA,0.5774086032777884,-0.5820469638254139,12,-0.6293908981182553,0.29815142382217236,-1.0638455262577726,13,-0.2707446288948082,NA,0.8731968176245462,Subjunctive,NA
H8M07,MLS-7/8,RBMS,8,7/8,11,1,2,2 SPA/0 ENG,Monolingual,NA,12,1,NA,0,2,NA,Production,EPT-08,peinar,Intensional,Intensional subjunctive,DOM,NA,NA,NA,NA,NA,NA,6151,3173,91504,-124599.1,-1.109464919,-0.9850513816679946,-1.0663165084273158,NA,-1.0256839450476551,-0.5820469638254139,12,-0.6293908981182553,0.29815142382217236,-1.0638455262577726,13,-0.2707446288948082,NA,0.8731968176245462,Subjunctive,NA
H8M07,MLS-7/8,RBMS,8,7/8,11,1,2,2 SPA/0 ENG,Monolingual,NA,12,1,NA,0,2,NA,Production,EPT-14,pintar,Intensional,Intensional subjunctive,DOM,0,0,0,0,NA,INF,45606,22466,893704,-105306.1,-0.937674734,-0.8179414916676632,-0.8828811589034613,NA,-0.8504113252855623,-0.5820469638254139,12,-0.6293908981182553,0.29815142382217236,-1.0638455262577726,13,-0.2707446288948082,NA,0.8731968176245462,Subjunctive,0
H8M07,MLS-7/8,RBMS,8,7/8,11,1,2,2 SPA/0 ENG,Monolingual,NA,12,1,NA,0,2,NA,Production,EPT-20,tratar,Intensional,Intensional subjunctive,DOM,1,1,0,0,1,SUBJ,590952,203027,9516595,75254.88,0.670090129,1.4918471301070348,0.8338694835770605,NA,1.1628583068420475,-0.5820469638254139,12,-0.6293908981182553,0.29815142382217236,-1.0638455262577726,13,-0.2707446288948082,NA,0.8731968176245462,Subjunctive,0
H8M07,MLS-7/8,RBMS,8,7/8,11,1,2,2 SPA/0 ENG,Monolingual,NA,12,1,NA,0,2,NA,Production,EPT-26,mirar,Intensional,Intensional subjunctive,DOM,NA,NA,NA,NA,NA,NA,186441,197558,3683993,69785.88,0.621392647,-0.22144114042709367,0.7818709386879318,NA,0.2802148991304191,-0.5820469638254139,12,-0.6293908981182553,0.29815142382217236,-1.0638455262577726,13,-0.2707446288948082,NA,0.8731968176245462,Subjunctive,NA
H8M07,MLS-7/8,RBMS,8,7/8,11,1,2,2 SPA/0 ENG,Monolingual,NA,12,1,NA,0,2,NA,Production,EPT-32,llevar,Intensional,Intensional subjunctive,DOM,NA,NA,NA,NA,NA,NA,418316,301022,13841181,173259.9,1.542753636,0.7606550639532595,1.765593273375958,NA,1.2631241686646089,-0.5820469638254139,12,-0.6293908981182553,0.29815142382217236,-1.0638455262577726,13,-0.2707446288948082,NA,0.8731968176245462,Subjunctive,NA
H8M07,MLS-7/8,RBMS,8,7/8,11,1,2,2 SPA/0 ENG,Monolingual,NA,12,1,NA,0,2,NA,Production,EPT-38,amar,Intensional,Intensional subjunctive,DOM,0,0,0,0,1,IND,60260,28864,1318934,-67512.13,-0.601146551,-0.7558751292784892,-0.8220498021287957,NA,-0.7889624657036425,-0.5820469638254139,12,-0.6293908981182553,0.29815142382217236,-1.0638455262577726,13,-0.2707446288948082,NA,0.8731968176245462,Subjunctive,0
H8M07,MLS-7/8,RBMS,8,7/8,11,1,2,2 SPA/0 ENG,Monolingual,NA,12,1,NA,0,2,NA,Production,EPT-42,cuidar,Intensional,Intensional subjunctive,DOM,NA,NA,NA,NA,NA,NA,208160,26928,1534607,-100844.1,-0.897943857,-0.12945128613949522,-0.8404570398149089,NA,-0.48495416297720206,-0.5820469638254139,12,-0.6293908981182553,0.29815142382217236,-1.0638455262577726,13,-0.2707446288948082,NA,0.8731968176245462,Subjunctive,NA
H8M08,MLS-7/8,RBMS,8,7/8,20,3,2,2 SPA/0 ENG,Monolingual,NA,10,4,3,0,2,NA,Production,EPT-02,llamar,Intensional,Intensional subjunctive,DOM,NA,NA,NA,NA,NA,NA,303936,207733,8248273,79960.88,0.711993649,0.2762036834377887,0.8786135231177882,NA,0.5774086032777884,1.649133064172006,23,1.5519227624833676,-0.5590339196665759,0.9751917324029548,14,0.0406116943342224,NA,0.8731968176245462,Subjunctive,NA
H8M08,MLS-7/8,RBMS,8,7/8,20,3,2,2 SPA/0 ENG,Monolingual,NA,10,4,3,0,2,NA,Production,EPT-08,peinar,Intensional,Intensional subjunctive,DOM,1,1,0,0,NA,SUBJ,6151,3173,91504,-124599.1,-1.109464919,-0.9850513816679946,-1.0663165084273158,NA,-1.0256839450476551,1.649133064172006,23,1.5519227624833676,-0.5590339196665759,0.9751917324029548,14,0.0406116943342224,NA,0.8731968176245462,Subjunctive,0
H8M08,MLS-7/8,RBMS,8,7/8,20,3,2,2 SPA/0 ENG,Monolingual,NA,10,4,3,0,2,NA,Production,EPT-14,pintar,Intensional,Intensional subjunctive,DOM,0,0,0,NA,NA,INF,45606,22466,893704,-105306.1,-0.937674734,-0.8179414916676632,-0.8828811589034613,NA,-0.8504113252855623,1.649133064172006,23,1.5519227624833676,-0.5590339196665759,0.9751917324029548,14,0.0406116943342224,NA,0.8731968176245462,Subjunctive,0
H8M08,MLS-7/8,RBMS,8,7/8,20,3,2,2 SPA/0 ENG,Monolingual,NA,10,4,3,0,2,NA,Production,EPT-20,tratar,Intensional,Intensional subjunctive,DOM,1,1,0,1,NA,SUBJ,590952,203027,9516595,75254.88,0.670090129,1.4918471301070348,0.8338694835770605,NA,1.1628583068420475,1.649133064172006,23,1.5519227624833676,-0.5590339196665759,0.9751917324029548,14,0.0406116943342224,NA,0.8731968176245462,Subjunctive,0
H8M08,MLS-7/8,RBMS,8,7/8,20,3,2,2 SPA/0 ENG,Monolingual,NA,10,4,3,0,2,NA,Production,EPT-26,mirar,Intensional,Intensional subjunctive,DOM,1,1,0,1,NA,SUBJ,186441,197558,3683993,69785.88,0.621392647,-0.22144114042709367,0.7818709386879318,NA,0.2802148991304191,1.649133064172006,23,1.5519227624833676,-0.5590339196665759,0.9751917324029548,14,0.0406116943342224,NA,0.8731968176245462,Subjunctive,0
H8M08,MLS-7/8,RBMS,8,7/8,20,3,2,2 SPA/0 ENG,Monolingual,NA,10,4,3,0,2,NA,Production,EPT-32,llevar,Intensional,Intensional subjunctive,DOM,1,1,0,1,NA,SUBJ,418316,301022,13841181,173259.9,1.542753636,0.7606550639532595,1.765593273375958,NA,1.2631241686646089,1.649133064172006,23,1.5519227624833676,-0.5590339196665759,0.9751917324029548,14,0.0406116943342224,NA,0.8731968176245462,Subjunctive,0
H8M08,MLS-7/8,RBMS,8,7/8,20,3,2,2 SPA/0 ENG,Monolingual,NA,10,4,3,0,2,NA,Production,EPT-38,amar,Intensional,Intensional subjunctive,DOM,0,0,0,NA,NA,INF,60260,28864,1318934,-67512.13,-0.601146551,-0.7558751292784892,-0.8220498021287957,NA,-0.7889624657036425,1.649133064172006,23,1.5519227624833676,-0.5590339196665759,0.9751917324029548,14,0.0406116943342224,NA,0.8731968176245462,Subjunctive,0
H8M08,MLS-7/8,RBMS,8,7/8,20,3,2,2 SPA/0 ENG,Monolingual,NA,10,4,3,0,2,NA,Production,EPT-42,cuidar,Intensional,Intensional subjunctive,DOM,0,0,0,1,NA,MISC,208160,26928,1534607,-100844.1,-0.897943857,-0.12945128613949522,-0.8404570398149089,NA,-0.48495416297720206,1.649133064172006,23,1.5519227624833676,-0.5590339196665759,0.9751917324029548,14,0.0406116943342224,NA,0.8731968176245462,Subjunctive,0
H8M09,MLS-7/8,RBMS,8,7/8,16,5,1,2 SPA/1 ENG,Bilingual,NA,10,2,NA,0,2,NA,Production,EPT-02,llamar,Intensional,Intensional subjunctive,DOM,1,1,NA,1,NA,SUBJ,303936,207733,8248273,79960.88,0.711993649,0.2762036834377887,0.8786135231177882,NA,0.5774086032777884,0.6574974961731528,21,1.155320278737618,-0.5590339196665759,-0.3841664400375301,12,-0.5821009521238388,NA,-0.3081871121027818,Subjunctive,NA
H8M09,MLS-7/8,RBMS,8,7/8,16,5,1,2 SPA/1 ENG,Bilingual,NA,10,2,NA,0,2,NA,Production,EPT-08,peinar,Intensional,Intensional subjunctive,DOM,0,0,NA,NA,NA,INF,6151,3173,91504,-124599.1,-1.109464919,-0.9850513816679946,-1.0663165084273158,NA,-1.0256839450476551,0.6574974961731528,21,1.155320278737618,-0.5590339196665759,-0.3841664400375301,12,-0.5821009521238388,NA,-0.3081871121027818,Subjunctive,NA
H8M09,MLS-7/8,RBMS,8,7/8,16,5,1,2 SPA/1 ENG,Bilingual,NA,10,2,NA,0,2,NA,Production,EPT-14,pintar,Intensional,Intensional subjunctive,DOM,1,NA,0,1,NA,SUBJ,45606,22466,893704,-105306.1,-0.937674734,-0.8179414916676632,-0.8828811589034613,NA,-0.8504113252855623,0.6574974961731528,21,1.155320278737618,-0.5590339196665759,-0.3841664400375301,12,-0.5821009521238388,NA,-0.3081871121027818,Subjunctive,0
H8M09,MLS-7/8,RBMS,8,7/8,16,5,1,2 SPA/1 ENG,Bilingual,NA,10,2,NA,0,2,NA,Production,EPT-20,tratar,Intensional,Intensional subjunctive,DOM,1,1,0,1,NA,SUBJ,590952,203027,9516595,75254.88,0.670090129,1.4918471301070348,0.8338694835770605,NA,1.1628583068420475,0.6574974961731528,21,1.155320278737618,-0.5590339196665759,-0.3841664400375301,12,-0.5821009521238388,NA,-0.3081871121027818,Subjunctive,0
H8M09,MLS-7/8,RBMS,8,7/8,16,5,1,2 SPA/1 ENG,Bilingual,NA,10,2,NA,0,2,NA,Production,EPT-26,mirar,Intensional,Intensional subjunctive,DOM,1,1,NA,1,NA,SUBJ,186441,197558,3683993,69785.88,0.621392647,-0.22144114042709367,0.7818709386879318,NA,0.2802148991304191,0.6574974961731528,21,1.155320278737618,-0.5590339196665759,-0.3841664400375301,12,-0.5821009521238388,NA,-0.3081871121027818,Subjunctive,NA
H8M09,MLS-7/8,RBMS,8,7/8,16,5,1,2 SPA/1 ENG,Bilingual,NA,10,2,NA,0,2,NA,Production,EPT-32,llevar,Intensional,Intensional subjunctive,DOM,1,1,0,1,NA,SUBJ,418316,301022,13841181,173259.9,1.542753636,0.7606550639532595,1.765593273375958,NA,1.2631241686646089,0.6574974961731528,21,1.155320278737618,-0.5590339196665759,-0.3841664400375301,12,-0.5821009521238388,NA,-0.3081871121027818,Subjunctive,0
H8M09,MLS-7/8,RBMS,8,7/8,16,5,1,2 SPA/1 ENG,Bilingual,NA,10,2,NA,0,2,NA,Production,EPT-38,amar,Intensional,Intensional subjunctive,DOM,1,1,0,1,NA,SUBJ,60260,28864,1318934,-67512.13,-0.601146551,-0.7558751292784892,-0.8220498021287957,NA,-0.7889624657036425,0.6574974961731528,21,1.155320278737618,-0.5590339196665759,-0.3841664400375301,12,-0.5821009521238388,NA,-0.3081871121027818,Subjunctive,0
H8M09,MLS-7/8,RBMS,8,7/8,16,5,1,2 SPA/1 ENG,Bilingual,NA,10,2,NA,0,2,NA,Production,EPT-42,cuidar,Intensional,Intensional subjunctive,DOM,1,1,1,1,NA,SUBJ,208160,26928,1534607,-100844.1,-0.897943857,-0.12945128613949522,-0.8404570398149089,NA,-0.48495416297720206,0.6574974961731528,21,1.155320278737618,-0.5590339196665759,-0.3841664400375301,12,-0.5821009521238388,NA,-0.3081871121027818,Subjunctive,1
H8M10,MLS-7/8,RBMS,8,7/8,17,1,2,2 SPA/0 ENG,Monolingual,NA,12,3,NA,0,2,NA,Production,EPT-02,llamar,Intensional,Intensional subjunctive,DOM,1,1,0,1,NA,SUBJ,303936,207733,8248273,79960.88,0.711993649,0.2762036834377887,0.8786135231177882,NA,0.5774086032777884,0.905406388172866,18,0.5604165531189935,0.29815142382217236,0.29551264618271245,15,0.351968017563253,NA,0.8731968176245462,Subjunctive,0
H8M10,MLS-7/8,RBMS,8,7/8,17,1,2,2 SPA/0 ENG,Monolingual,NA,12,3,NA,0,2,NA,Production,EPT-08,peinar,Intensional,Intensional subjunctive,DOM,NA,NA,NA,NA,NA,NA,6151,3173,91504,-124599.1,-1.109464919,-0.9850513816679946,-1.0663165084273158,NA,-1.0256839450476551,0.905406388172866,18,0.5604165531189935,0.29815142382217236,0.29551264618271245,15,0.351968017563253,NA,0.8731968176245462,Subjunctive,NA
H8M10,MLS-7/8,RBMS,8,7/8,17,1,2,2 SPA/0 ENG,Monolingual,NA,12,3,NA,0,2,NA,Production,EPT-14,pintar,Intensional,Intensional subjunctive,DOM,1,1,0,1,NA,SUBJ,45606,22466,893704,-105306.1,-0.937674734,-0.8179414916676632,-0.8828811589034613,NA,-0.8504113252855623,0.905406388172866,18,0.5604165531189935,0.29815142382217236,0.29551264618271245,15,0.351968017563253,NA,0.8731968176245462,Subjunctive,0
H8M10,MLS-7/8,RBMS,8,7/8,17,1,2,2 SPA/0 ENG,Monolingual,NA,12,3,NA,0,2,NA,Production,EPT-20,tratar,Intensional,Intensional subjunctive,DOM,1,1,0,1,NA,SUBJ,590952,203027,9516595,75254.88,0.670090129,1.4918471301070348,0.8338694835770605,NA,1.1628583068420475,0.905406388172866,18,0.5604165531189935,0.29815142382217236,0.29551264618271245,15,0.351968017563253,NA,0.8731968176245462,Subjunctive,0
H8M10,MLS-7/8,RBMS,8,7/8,17,1,2,2 SPA/0 ENG,Monolingual,NA,12,3,NA,0,2,NA,Production,EPT-26,mirar,Intensional,Intensional subjunctive,DOM,1,1,0,1,NA,SUBJ,186441,197558,3683993,69785.88,0.621392647,-0.22144114042709367,0.7818709386879318,NA,0.2802148991304191,0.905406388172866,18,0.5604165531189935,0.29815142382217236,0.29551264618271245,15,0.351968017563253,NA,0.8731968176245462,Subjunctive,0
H8M10,MLS-7/8,RBMS,8,7/8,17,1,2,2 SPA/0 ENG,Monolingual,NA,12,3,NA,0,2,NA,Production,EPT-32,llevar,Intensional,Intensional subjunctive,DOM,1,1,0,1,NA,SUBJ,418316,301022,13841181,173259.9,1.542753636,0.7606550639532595,1.765593273375958,NA,1.2631241686646089,0.905406388172866,18,0.5604165531189935,0.29815142382217236,0.29551264618271245,15,0.351968017563253,NA,0.8731968176245462,Subjunctive,0
H8M10,MLS-7/8,RBMS,8,7/8,17,1,2,2 SPA/0 ENG,Monolingual,NA,12,3,NA,0,2,NA,Production,EPT-38,amar,Intensional,Intensional subjunctive,DOM,1,1,1,1,NA,SUBJ,60260,28864,1318934,-67512.13,-0.601146551,-0.7558751292784892,-0.8220498021287957,NA,-0.7889624657036425,0.905406388172866,18,0.5604165531189935,0.29815142382217236,0.29551264618271245,15,0.351968017563253,NA,0.8731968176245462,Subjunctive,1
H8M10,MLS-7/8,RBMS,8,7/8,17,1,2,2 SPA/0 ENG,Monolingual,NA,12,3,NA,0,2,NA,Production,EPT-42,cuidar,Intensional,Intensional subjunctive,DOM,1,1,0,1,NA,SUBJ,208160,26928,1534607,-100844.1,-0.897943857,-0.12945128613949522,-0.8404570398149089,NA,-0.48495416297720206,0.905406388172866,18,0.5604165531189935,0.29815142382217236,0.29551264618271245,15,0.351968017563253,NA,0.8731968176245462,Subjunctive,0
H8M11,MLS-7/8,RBMS,8,7/8,9,0,2,2 SPA/0 ENG,Monolingual,NA,7,1,NA,0,2,NA,Production,EPT-02,llamar,Intensional,Intensional subjunctive,DOM,0,0,0,1,NA,IND,303936,207733,8248273,79960.88,0.711993649,0.2762036834377887,0.8786135231177882,NA,0.5774086032777884,-1.0778647478248404,9,-1.2242946237368797,-1.8448119348996983,-1.0638455262577726,8,-1.8275262450399616,NA,0.8731968176245462,Subjunctive,0
H8M11,MLS-7/8,RBMS,8,7/8,9,0,2,2 SPA/0 ENG,Monolingual,NA,7,1,NA,0,2,NA,Production,EPT-08,peinar,Intensional,Intensional subjunctive,DOM,0,0,0,0,NA,IND,6151,3173,91504,-124599.1,-1.109464919,-0.9850513816679946,-1.0663165084273158,NA,-1.0256839450476551,-1.0778647478248404,9,-1.2242946237368797,-1.8448119348996983,-1.0638455262577726,8,-1.8275262450399616,NA,0.8731968176245462,Subjunctive,0
H8M11,MLS-7/8,RBMS,8,7/8,9,0,2,2 SPA/0 ENG,Monolingual,NA,7,1,NA,0,2,NA,Production,EPT-14,pintar,Intensional,Intensional subjunctive,DOM,0,0,0,0,NA,IND,45606,22466,893704,-105306.1,-0.937674734,-0.8179414916676632,-0.8828811589034613,NA,-0.8504113252855623,-1.0778647478248404,9,-1.2242946237368797,-1.8448119348996983,-1.0638455262577726,8,-1.8275262450399616,NA,0.8731968176245462,Subjunctive,0
H8M11,MLS-7/8,RBMS,8,7/8,9,0,2,2 SPA/0 ENG,Monolingual,NA,7,1,NA,0,2,NA,Production,EPT-20,tratar,Intensional,Intensional subjunctive,DOM,1,1,0,1,NA,SUBJ,590952,203027,9516595,75254.88,0.670090129,1.4918471301070348,0.8338694835770605,NA,1.1628583068420475,-1.0778647478248404,9,-1.2242946237368797,-1.8448119348996983,-1.0638455262577726,8,-1.8275262450399616,NA,0.8731968176245462,Subjunctive,0
H8M11,MLS-7/8,RBMS,8,7/8,9,0,2,2 SPA/0 ENG,Monolingual,NA,7,1,NA,0,2,NA,Production,EPT-26,mirar,Intensional,Intensional subjunctive,DOM,0,0,0,1,NA,IND,186441,197558,3683993,69785.88,0.621392647,-0.22144114042709367,0.7818709386879318,NA,0.2802148991304191,-1.0778647478248404,9,-1.2242946237368797,-1.8448119348996983,-1.0638455262577726,8,-1.8275262450399616,NA,0.8731968176245462,Subjunctive,0
H8M11,MLS-7/8,RBMS,8,7/8,9,0,2,2 SPA/0 ENG,Monolingual,NA,7,1,NA,0,2,NA,Production,EPT-32,llevar,Intensional,Intensional subjunctive,DOM,0,0,0,0,NA,IND,418316,301022,13841181,173259.9,1.542753636,0.7606550639532595,1.765593273375958,NA,1.2631241686646089,-1.0778647478248404,9,-1.2242946237368797,-1.8448119348996983,-1.0638455262577726,8,-1.8275262450399616,NA,0.8731968176245462,Subjunctive,0
H8M11,MLS-7/8,RBMS,8,7/8,9,0,2,2 SPA/0 ENG,Monolingual,NA,7,1,NA,0,2,NA,Production,EPT-38,amar,Intensional,Intensional subjunctive,DOM,0,0,0,0,NA,IND,60260,28864,1318934,-67512.13,-0.601146551,-0.7558751292784892,-0.8220498021287957,NA,-0.7889624657036425,-1.0778647478248404,9,-1.2242946237368797,-1.8448119348996983,-1.0638455262577726,8,-1.8275262450399616,NA,0.8731968176245462,Subjunctive,0
H8M11,MLS-7/8,RBMS,8,7/8,9,0,2,2 SPA/0 ENG,Monolingual,NA,7,1,NA,0,2,NA,Production,EPT-42,cuidar,Intensional,Intensional subjunctive,DOM,0,0,0,NA,NA,INF,208160,26928,1534607,-100844.1,-0.897943857,-0.12945128613949522,-0.8404570398149089,NA,-0.48495416297720206,-1.0778647478248404,9,-1.2242946237368797,-1.8448119348996983,-1.0638455262577726,8,-1.8275262450399616,NA,0.8731968176245462,Subjunctive,0
H8M12,MLS-7/8,RBMS,8,7/8,20,5,0,2 SPA/2 ENG,Bilingual,NA,13,4,4,0,2,NA,Production,EPT-02,llamar,Intensional,Intensional subjunctive,DOM,1,1,1,1,NA,SUBJ,303936,207733,8248273,79960.88,0.711993649,0.2762036834377887,0.8786135231177882,NA,0.5774086032777884,1.649133064172006,25,1.9485252462291172,0.7267440955665465,0.9751917324029548,17,0.9746806640213144,NA,-1.4895710418301098,Subjunctive,1
H8M12,MLS-7/8,RBMS,8,7/8,20,5,0,2 SPA/2 ENG,Bilingual,NA,13,4,4,0,2,NA,Production,EPT-08,peinar,Intensional,Intensional subjunctive,DOM,1,1,1,1,NA,SUBJ,6151,3173,91504,-124599.1,-1.109464919,-0.9850513816679946,-1.0663165084273158,NA,-1.0256839450476551,1.649133064172006,25,1.9485252462291172,0.7267440955665465,0.9751917324029548,17,0.9746806640213144,NA,-1.4895710418301098,Subjunctive,1
H8M12,MLS-7/8,RBMS,8,7/8,20,5,0,2 SPA/2 ENG,Bilingual,NA,13,4,4,0,2,NA,Production,EPT-14,pintar,Intensional,Intensional subjunctive,DOM,0,0,0,1,NA,IND,45606,22466,893704,-105306.1,-0.937674734,-0.8179414916676632,-0.8828811589034613,NA,-0.8504113252855623,1.649133064172006,25,1.9485252462291172,0.7267440955665465,0.9751917324029548,17,0.9746806640213144,NA,-1.4895710418301098,Subjunctive,0
H8M12,MLS-7/8,RBMS,8,7/8,20,5,0,2 SPA/2 ENG,Bilingual,NA,13,4,4,0,2,NA,Production,EPT-20,tratar,Intensional,Intensional subjunctive,DOM,0,0,0,1,NA,IND,590952,203027,9516595,75254.88,0.670090129,1.4918471301070348,0.8338694835770605,NA,1.1628583068420475,1.649133064172006,25,1.9485252462291172,0.7267440955665465,0.9751917324029548,17,0.9746806640213144,NA,-1.4895710418301098,Subjunctive,0
H8M12,MLS-7/8,RBMS,8,7/8,20,5,0,2 SPA/2 ENG,Bilingual,NA,13,4,4,0,2,NA,Production,EPT-26,mirar,Intensional,Intensional subjunctive,DOM,1,1,1,1,NA,SUBJ,186441,197558,3683993,69785.88,0.621392647,-0.22144114042709367,0.7818709386879318,NA,0.2802148991304191,1.649133064172006,25,1.9485252462291172,0.7267440955665465,0.9751917324029548,17,0.9746806640213144,NA,-1.4895710418301098,Subjunctive,1
H8M12,MLS-7/8,RBMS,8,7/8,20,5,0,2 SPA/2 ENG,Bilingual,NA,13,4,4,0,2,NA,Production,EPT-32,llevar,Intensional,Intensional subjunctive,DOM,1,1,1,1,NA,SUBJ,418316,301022,13841181,173259.9,1.542753636,0.7606550639532595,1.765593273375958,NA,1.2631241686646089,1.649133064172006,25,1.9485252462291172,0.7267440955665465,0.9751917324029548,17,0.9746806640213144,NA,-1.4895710418301098,Subjunctive,1
H8M12,MLS-7/8,RBMS,8,7/8,20,5,0,2 SPA/2 ENG,Bilingual,NA,13,4,4,0,2,NA,Production,EPT-38,amar,Intensional,Intensional subjunctive,DOM,0,0,0,NA,NA,INF,60260,28864,1318934,-67512.13,-0.601146551,-0.7558751292784892,-0.8220498021287957,NA,-0.7889624657036425,1.649133064172006,25,1.9485252462291172,0.7267440955665465,0.9751917324029548,17,0.9746806640213144,NA,-1.4895710418301098,Subjunctive,0
H8M12,MLS-7/8,RBMS,8,7/8,20,5,0,2 SPA/2 ENG,Bilingual,NA,13,4,4,0,2,NA,Production,EPT-42,cuidar,Intensional,Intensional subjunctive,DOM,0,NA,0,1,NA,IND MODAL,208160,26928,1534607,-100844.1,-0.897943857,-0.12945128613949522,-0.8404570398149089,NA,-0.48495416297720206,1.649133064172006,25,1.9485252462291172,0.7267440955665465,0.9751917324029548,17,0.9746806640213144,NA,-1.4895710418301098,Subjunctive,0
H8M13,MLS-7/8,RBMS,8,7/8,13,2,0,2 SPA/2 ENG,Bilingual,NA,12,4,4,0,2,NA,Production,EPT-02,llamar,Intensional,Intensional subjunctive,DOM,1,1,1,1,NA,SUBJ,303936,207733,8248273,79960.88,0.711993649,0.2762036834377887,0.8786135231177882,NA,0.5774086032777884,-0.08622917982598718,15,-0.03448717249963091,0.29815142382217236,0.9751917324029548,16,0.6633243407922836,NA,-1.4895710418301098,Subjunctive,1
H8M13,MLS-7/8,RBMS,8,7/8,13,2,0,2 SPA/2 ENG,Bilingual,NA,12,4,4,0,2,NA,Production,EPT-08,peinar,Intensional,Intensional subjunctive,DOM,1,1,NA,1,NA,SUBJ,6151,3173,91504,-124599.1,-1.109464919,-0.9850513816679946,-1.0663165084273158,NA,-1.0256839450476551,-0.08622917982598718,15,-0.03448717249963091,0.29815142382217236,0.9751917324029548,16,0.6633243407922836,NA,-1.4895710418301098,Subjunctive,NA
H8M13,MLS-7/8,RBMS,8,7/8,13,2,0,2 SPA/2 ENG,Bilingual,NA,12,4,4,0,2,NA,Production,EPT-14,pintar,Intensional,Intensional subjunctive,DOM,1,1,NA,1,NA,SUBJ,45606,22466,893704,-105306.1,-0.937674734,-0.8179414916676632,-0.8828811589034613,NA,-0.8504113252855623,-0.08622917982598718,15,-0.03448717249963091,0.29815142382217236,0.9751917324029548,16,0.6633243407922836,NA,-1.4895710418301098,Subjunctive,NA
H8M13,MLS-7/8,RBMS,8,7/8,13,2,0,2 SPA/2 ENG,Bilingual,NA,12,4,4,0,2,NA,Production,EPT-20,tratar,Intensional,Intensional subjunctive,DOM,1,1,0,1,NA,SUBJ,590952,203027,9516595,75254.88,0.670090129,1.4918471301070348,0.8338694835770605,NA,1.1628583068420475,-0.08622917982598718,15,-0.03448717249963091,0.29815142382217236,0.9751917324029548,16,0.6633243407922836,NA,-1.4895710418301098,Subjunctive,0
H8M13,MLS-7/8,RBMS,8,7/8,13,2,0,2 SPA/2 ENG,Bilingual,NA,12,4,4,0,2,NA,Production,EPT-26,mirar,Intensional,Intensional subjunctive,DOM,1,1,0,1,NA,SUBJ,186441,197558,3683993,69785.88,0.621392647,-0.22144114042709367,0.7818709386879318,NA,0.2802148991304191,-0.08622917982598718,15,-0.03448717249963091,0.29815142382217236,0.9751917324029548,16,0.6633243407922836,NA,-1.4895710418301098,Subjunctive,0
H8M13,MLS-7/8,RBMS,8,7/8,13,2,0,2 SPA/2 ENG,Bilingual,NA,12,4,4,0,2,NA,Production,EPT-32,llevar,Intensional,Intensional subjunctive,DOM,1,1,1,1,NA,SUBJ,418316,301022,13841181,173259.9,1.542753636,0.7606550639532595,1.765593273375958,NA,1.2631241686646089,-0.08622917982598718,15,-0.03448717249963091,0.29815142382217236,0.9751917324029548,16,0.6633243407922836,NA,-1.4895710418301098,Subjunctive,1
H8M13,MLS-7/8,RBMS,8,7/8,13,2,0,2 SPA/2 ENG,Bilingual,NA,12,4,4,0,2,NA,Production,EPT-38,amar,Intensional,Intensional subjunctive,DOM,1,1,0,1,NA,SUBJ,60260,28864,1318934,-67512.13,-0.601146551,-0.7558751292784892,-0.8220498021287957,NA,-0.7889624657036425,-0.08622917982598718,15,-0.03448717249963091,0.29815142382217236,0.9751917324029548,16,0.6633243407922836,NA,-1.4895710418301098,Subjunctive,0
H8M13,MLS-7/8,RBMS,8,7/8,13,2,0,2 SPA/2 ENG,Bilingual,NA,12,4,4,0,2,NA,Production,EPT-42,cuidar,Intensional,Intensional subjunctive,DOM,1,1,0,1,NA,SUBJ,208160,26928,1534607,-100844.1,-0.897943857,-0.12945128613949522,-0.8404570398149089,NA,-0.48495416297720206,-0.08622917982598718,15,-0.03448717249963091,0.29815142382217236,0.9751917324029548,16,0.6633243407922836,NA,-1.4895710418301098,Subjunctive,0
H8M01,MLS-7/8,RBMS,8,7/8,10,1,1,2 SPA/1 ENG,Bilingual,NA,13,3,3,0,2,NA,Production,EPT-12,amar,Intensional,Intensional indicative,DOM,1,1,1,1,NA,IND,60260,28864,1318934,NA,NA,-0.7558751292784892,-0.8220498021287957,NA,-0.7889624657036425,-0.8299558558251272,11,-0.8276921399911301,0.7267440955665465,0.29551264618271245,16,0.6633243407922836,NA,-0.3081871121027818,Indicative,1
H8M01,MLS-7/8,RBMS,8,7/8,10,1,1,2 SPA/1 ENG,Bilingual,NA,13,3,3,0,2,NA,Production,EPT-24,pintar,Intensional,Intensional indicative,DOM,1,1,1,1,NA,IND,45606,22466,893704,NA,NA,-0.8179414916676632,-0.8828811589034613,NA,-0.8504113252855623,-0.8299558558251272,11,-0.8276921399911301,0.7267440955665465,0.29551264618271245,16,0.6633243407922836,NA,-0.3081871121027818,Indicative,1
H8M02,MLS-7/8,RBMS,8,7/8,11,0,1,2 SPA/1 ENG,Bilingual,NA,14,4,3,0,2,NA,Production,EPT-12,amar,Intensional,Intensional indicative,DOM,1,1,1,1,NA,IND,60260,28864,1318934,NA,NA,-0.7558751292784892,-0.8220498021287957,NA,-0.7889624657036425,-0.5820469638254139,11,-0.8276921399911301,1.1553367673109205,0.9751917324029548,18,1.286036987250345,NA,-0.3081871121027818,Indicative,1
H8M02,MLS-7/8,RBMS,8,7/8,11,0,1,2 SPA/1 ENG,Bilingual,NA,14,4,3,0,2,NA,Production,EPT-24,pintar,Intensional,Intensional indicative,DOM,0,0,0,1,NA,IMP SUBJ,45606,22466,893704,NA,NA,-0.8179414916676632,-0.8828811589034613,NA,-0.8504113252855623,-0.5820469638254139,11,-0.8276921399911301,1.1553367673109205,0.9751917324029548,18,1.286036987250345,NA,-0.3081871121027818,Indicative,0
H8M03,MLS-7/8,RBMS,8,7/8,7,0,2,2 SPA/0 ENG,Monolingual,NA,8,4,5,0,2,NA,Production,EPT-12,amar,Intensional,Intensional indicative,DOM,0,NA,0,NA,NA,INF,60260,28864,1318934,NA,NA,-0.7558751292784892,-0.8220498021287957,NA,-0.7889624657036425,-1.573682531824267,7,-1.6208971074826295,-1.416219263155324,0.9751917324029548,12,-0.5821009521238388,NA,0.8731968176245462,Indicative,0
H8M03,MLS-7/8,RBMS,8,7/8,7,0,2,2 SPA/0 ENG,Monolingual,NA,8,4,5,0,2,NA,Production,EPT-24,pintar,Intensional,Intensional indicative,DOM,0,0,0,1,NA,SUBJ,45606,22466,893704,NA,NA,-0.8179414916676632,-0.8828811589034613,NA,-0.8504113252855623,-1.573682531824267,7,-1.6208971074826295,-1.416219263155324,0.9751917324029548,12,-0.5821009521238388,NA,0.8731968176245462,Indicative,0
H8M04,MLS-7/8,RBMS,8,7/8,11,0,2,2 SPA/0 ENG,Monolingual,NA,12,0,0,0,2,NA,Production,EPT-12,amar,Intensional,Intensional indicative,DOM,0,NA,0,NA,NA,INF,60260,28864,1318934,NA,NA,-0.7558751292784892,-0.8220498021287957,NA,-0.7889624657036425,-0.5820469638254139,11,-0.8276921399911301,0.29815142382217236,-1.743524612478015,12,-0.5821009521238388,NA,0.8731968176245462,Indicative,0
H8M04,MLS-7/8,RBMS,8,7/8,11,0,2,2 SPA/0 ENG,Monolingual,NA,12,0,0,0,2,NA,Production,EPT-24,pintar,Intensional,Intensional indicative,DOM,0,NA,0,1,NA,INF,45606,22466,893704,NA,NA,-0.8179414916676632,-0.8828811589034613,NA,-0.8504113252855623,-0.5820469638254139,11,-0.8276921399911301,0.29815142382217236,-1.743524612478015,12,-0.5821009521238388,NA,0.8731968176245462,Indicative,0
H8M05,MLS-7/8,RBMS,8,7/8,21,4,1,2 SPA/1 ENG,Bilingual,NA,13,2,0,0,2,NA,Production,EPT-12,amar,Intensional,Intensional indicative,DOM,1,1,0,1,NA,IND,60260,28864,1318934,NA,NA,-0.7558751292784892,-0.8220498021287957,NA,-0.7889624657036425,1.8970419561717196,25,1.9485252462291172,0.7267440955665465,-0.3841664400375301,15,0.351968017563253,NA,-0.3081871121027818,Indicative,0
H8M05,MLS-7/8,RBMS,8,7/8,21,4,1,2 SPA/1 ENG,Bilingual,NA,13,2,0,0,2,NA,Production,EPT-24,pintar,Intensional,Intensional indicative,DOM,NA,NA,NA,NA,NA,NA,45606,22466,893704,NA,NA,-0.8179414916676632,-0.8828811589034613,NA,-0.8504113252855623,1.8970419561717196,25,1.9485252462291172,0.7267440955665465,-0.3841664400375301,15,0.351968017563253,NA,-0.3081871121027818,Indicative,NA
H8M06,MLS-7/8,RBMS,8,7/8,15,0,2,2 SPA/0 ENG,Monolingual,NA,14,4,2,0,2,NA,Production,EPT-12,amar,Intensional,Intensional indicative,DOM,1,1,1,1,NA,IND,60260,28864,1318934,NA,NA,-0.7558751292784892,-0.8220498021287957,NA,-0.7889624657036425,0.4095886041734395,15,-0.03448717249963091,1.1553367673109205,0.9751917324029548,18,1.286036987250345,NA,0.8731968176245462,Indicative,1
H8M06,MLS-7/8,RBMS,8,7/8,15,0,2,2 SPA/0 ENG,Monolingual,NA,14,4,2,0,2,NA,Production,EPT-24,pintar,Intensional,Intensional indicative,DOM,1,1,0,1,NA,IND,45606,22466,893704,NA,NA,-0.8179414916676632,-0.8828811589034613,NA,-0.8504113252855623,0.4095886041734395,15,-0.03448717249963091,1.1553367673109205,0.9751917324029548,18,1.286036987250345,NA,0.8731968176245462,Indicative,0
H8M07,MLS-7/8,RBMS,8,7/8,11,1,2,2 SPA/0 ENG,Monolingual,NA,12,1,NA,0,2,NA,Production,EPT-12,amar,Intensional,Intensional indicative,DOM,1,1,0,0,1,IND,60260,28864,1318934,NA,NA,-0.7558751292784892,-0.8220498021287957,NA,-0.7889624657036425,-0.5820469638254139,12,-0.6293908981182553,0.29815142382217236,-1.0638455262577726,13,-0.2707446288948082,NA,0.8731968176245462,Indicative,0
H8M07,MLS-7/8,RBMS,8,7/8,11,1,2,2 SPA/0 ENG,Monolingual,NA,12,1,NA,0,2,NA,Production,EPT-24,pintar,Intensional,Intensional indicative,DOM,0,0,0,0,NA,INF,45606,22466,893704,NA,NA,-0.8179414916676632,-0.8828811589034613,NA,-0.8504113252855623,-0.5820469638254139,12,-0.6293908981182553,0.29815142382217236,-1.0638455262577726,13,-0.2707446288948082,NA,0.8731968176245462,Indicative,0
H8M08,MLS-7/8,RBMS,8,7/8,20,3,2,2 SPA/0 ENG,Monolingual,NA,10,4,3,0,2,NA,Production,EPT-12,amar,Intensional,Intensional indicative,DOM,1,1,0,1,NA,IND,60260,28864,1318934,NA,NA,-0.7558751292784892,-0.8220498021287957,NA,-0.7889624657036425,1.649133064172006,23,1.5519227624833676,-0.5590339196665759,0.9751917324029548,14,0.0406116943342224,NA,0.8731968176245462,Indicative,0
H8M08,MLS-7/8,RBMS,8,7/8,20,3,2,2 SPA/0 ENG,Monolingual,NA,10,4,3,0,2,NA,Production,EPT-24,pintar,Intensional,Intensional indicative,DOM,0,0,0,1,NA,SUBJ,45606,22466,893704,NA,NA,-0.8179414916676632,-0.8828811589034613,NA,-0.8504113252855623,1.649133064172006,23,1.5519227624833676,-0.5590339196665759,0.9751917324029548,14,0.0406116943342224,NA,0.8731968176245462,Indicative,0
H8M09,MLS-7/8,RBMS,8,7/8,16,5,1,2 SPA/1 ENG,Bilingual,NA,10,2,NA,0,2,NA,Production,EPT-12,amar,Intensional,Intensional indicative,DOM,0,0,0,NA,NA,INF,60260,28864,1318934,NA,NA,-0.7558751292784892,-0.8220498021287957,NA,-0.7889624657036425,0.6574974961731528,21,1.155320278737618,-0.5590339196665759,-0.3841664400375301,12,-0.5821009521238388,NA,-0.3081871121027818,Indicative,0
H8M09,MLS-7/8,RBMS,8,7/8,16,5,1,2 SPA/1 ENG,Bilingual,NA,10,2,NA,0,2,NA,Production,EPT-24,pintar,Intensional,Intensional indicative,DOM,0,0,0,1,NA,SUBJ,45606,22466,893704,NA,NA,-0.8179414916676632,-0.8828811589034613,NA,-0.8504113252855623,0.6574974961731528,21,1.155320278737618,-0.5590339196665759,-0.3841664400375301,12,-0.5821009521238388,NA,-0.3081871121027818,Indicative,0
H8M10,MLS-7/8,RBMS,8,7/8,17,1,2,2 SPA/0 ENG,Monolingual,NA,12,3,NA,0,2,NA,Production,EPT-12,amar,Intensional,Intensional indicative,DOM,NA,NA,NA,NA,NA,NA,60260,28864,1318934,NA,NA,-0.7558751292784892,-0.8220498021287957,NA,-0.7889624657036425,0.905406388172866,18,0.5604165531189935,0.29815142382217236,0.29551264618271245,15,0.351968017563253,NA,0.8731968176245462,Indicative,NA
H8M10,MLS-7/8,RBMS,8,7/8,17,1,2,2 SPA/0 ENG,Monolingual,NA,12,3,NA,0,2,NA,Production,EPT-24,pintar,Intensional,Intensional indicative,DOM,0,0,0,1,NA,SUBJ,45606,22466,893704,NA,NA,-0.8179414916676632,-0.8828811589034613,NA,-0.8504113252855623,0.905406388172866,18,0.5604165531189935,0.29815142382217236,0.29551264618271245,15,0.351968017563253,NA,0.8731968176245462,Indicative,0
H8M11,MLS-7/8,RBMS,8,7/8,9,0,2,2 SPA/0 ENG,Monolingual,NA,7,1,NA,0,2,NA,Production,EPT-12,amar,Intensional,Intensional indicative,DOM,0,0,0,NA,NA,INF,60260,28864,1318934,NA,NA,-0.7558751292784892,-0.8220498021287957,NA,-0.7889624657036425,-1.0778647478248404,9,-1.2242946237368797,-1.8448119348996983,-1.0638455262577726,8,-1.8275262450399616,NA,0.8731968176245462,Indicative,0
H8M11,MLS-7/8,RBMS,8,7/8,9,0,2,2 SPA/0 ENG,Monolingual,NA,7,1,NA,0,2,NA,Production,EPT-24,pintar,Intensional,Intensional indicative,DOM,1,1,0,0,NA,IND,45606,22466,893704,NA,NA,-0.8179414916676632,-0.8828811589034613,NA,-0.8504113252855623,-1.0778647478248404,9,-1.2242946237368797,-1.8448119348996983,-1.0638455262577726,8,-1.8275262450399616,NA,0.8731968176245462,Indicative,0
H8M12,MLS-7/8,RBMS,8,7/8,20,5,0,2 SPA/2 ENG,Bilingual,NA,13,4,4,0,2,NA,Production,EPT-12,amar,Intensional,Intensional indicative,DOM,1,1,1,1,NA,IND,60260,28864,1318934,NA,NA,-0.7558751292784892,-0.8220498021287957,NA,-0.7889624657036425,1.649133064172006,25,1.9485252462291172,0.7267440955665465,0.9751917324029548,17,0.9746806640213144,NA,-1.4895710418301098,Indicative,1
H8M12,MLS-7/8,RBMS,8,7/8,20,5,0,2 SPA/2 ENG,Bilingual,NA,13,4,4,0,2,NA,Production,EPT-24,pintar,Intensional,Intensional indicative,DOM,1,NA,0,0,NA,IND MODAL,45606,22466,893704,NA,NA,-0.8179414916676632,-0.8828811589034613,NA,-0.8504113252855623,1.649133064172006,25,1.9485252462291172,0.7267440955665465,0.9751917324029548,17,0.9746806640213144,NA,-1.4895710418301098,Indicative,0
H8M13,MLS-7/8,RBMS,8,7/8,13,2,0,2 SPA/2 ENG,Bilingual,NA,12,4,4,0,2,NA,Production,EPT-12,amar,Intensional,Intensional indicative,DOM,1,1,1,1,NA,IND,60260,28864,1318934,NA,NA,-0.7558751292784892,-0.8220498021287957,NA,-0.7889624657036425,-0.08622917982598718,15,-0.03448717249963091,0.29815142382217236,0.9751917324029548,16,0.6633243407922836,NA,-1.4895710418301098,Indicative,1
H8M13,MLS-7/8,RBMS,8,7/8,13,2,0,2 SPA/2 ENG,Bilingual,NA,12,4,4,0,2,NA,Production,EPT-24,pintar,Intensional,Intensional indicative,DOM,1,1,0,1,NA,IND,45606,22466,893704,NA,NA,-0.8179414916676632,-0.8828811589034613,NA,-0.8504113252855623,-0.08622917982598718,15,-0.03448717249963091,0.29815142382217236,0.9751917324029548,16,0.6633243407922836,NA,-1.4895710418301098,Indicative,0
H5B01,DLBE-5,GBCS,5,5,22,4,2,2 SPA/0 ENG,Monolingual,NA,11,0,NA,0,2,NA,Production,EPT-02,llamar,Intensional,Intensional subjunctive,DOM,0,0,0,1,NA,IND,303936,207733,8248273,79960.88,0.711993649,0.2762036834377887,0.8786135231177882,NA,0.5774086032777884,1.110337652712942,26,0.9976638936588408,0.5183508423845298,-1.151284003546733,11,-0.03792619373233095,NA,1.295831508338228,Subjunctive,0
H5B01,DLBE-5,GBCS,5,5,22,4,2,2 SPA/0 ENG,Monolingual,NA,11,0,NA,0,2,NA,Production,EPT-08,peinar,Intensional,Intensional subjunctive,DOM,1,1,1,1,NA,SUBJ,6151,3173,91504,-124599.1,-1.109464919,-0.9850513816679946,-1.0663165084273158,NA,-1.0256839450476551,1.110337652712942,26,0.9976638936588408,0.5183508423845298,-1.151284003546733,11,-0.03792619373233095,NA,1.295831508338228,Subjunctive,1
H5B01,DLBE-5,GBCS,5,5,22,4,2,2 SPA/0 ENG,Monolingual,NA,11,0,NA,0,2,NA,Production,EPT-14,pintar,Intensional,Intensional subjunctive,DOM,0,0,0,1,NA,IND,45606,22466,893704,-105306.1,-0.937674734,-0.8179414916676632,-0.8828811589034613,NA,-0.8504113252855623,1.110337652712942,26,0.9976638936588408,0.5183508423845298,-1.151284003546733,11,-0.03792619373233095,NA,1.295831508338228,Subjunctive,0
H5B01,DLBE-5,GBCS,5,5,22,4,2,2 SPA/0 ENG,Monolingual,NA,11,0,NA,0,2,NA,Production,EPT-20,tratar,Intensional,Intensional subjunctive,DOM,1,1,0,1,NA,SUBJ,590952,203027,9516595,75254.88,0.670090129,1.4918471301070348,0.8338694835770605,NA,1.1628583068420475,1.110337652712942,26,0.9976638936588408,0.5183508423845298,-1.151284003546733,11,-0.03792619373233095,NA,1.295831508338228,Subjunctive,0
H5B01,DLBE-5,GBCS,5,5,22,4,2,2 SPA/0 ENG,Monolingual,NA,11,0,NA,0,2,NA,Production,EPT-26,mirar,Intensional,Intensional subjunctive,DOM,0,0,1,1,NA,IND,186441,197558,3683993,69785.88,0.621392647,-0.22144114042709367,0.7818709386879318,NA,0.2802148991304191,1.110337652712942,26,0.9976638936588408,0.5183508423845298,-1.151284003546733,11,-0.03792619373233095,NA,1.295831508338228,Subjunctive,1
H5B01,DLBE-5,GBCS,5,5,22,4,2,2 SPA/0 ENG,Monolingual,NA,11,0,NA,0,2,NA,Production,EPT-32,llevar,Intensional,Intensional subjunctive,DOM,0,0,0,1,NA,IND,418316,301022,13841181,173259.9,1.542753636,0.7606550639532595,1.765593273375958,NA,1.2631241686646089,1.110337652712942,26,0.9976638936588408,0.5183508423845298,-1.151284003546733,11,-0.03792619373233095,NA,1.295831508338228,Subjunctive,0
H5B01,DLBE-5,GBCS,5,5,22,4,2,2 SPA/0 ENG,Monolingual,NA,11,0,NA,0,2,NA,Production,EPT-38,amar,Intensional,Intensional subjunctive,DOM,0,0,0,1,NA,IND,60260,28864,1318934,-67512.13,-0.601146551,-0.7558751292784892,-0.8220498021287957,NA,-0.7889624657036425,1.110337652712942,26,0.9976638936588408,0.5183508423845298,-1.151284003546733,11,-0.03792619373233095,NA,1.295831508338228,Subjunctive,0
H5B01,DLBE-5,GBCS,5,5,22,4,2,2 SPA/0 ENG,Monolingual,NA,11,0,NA,0,2,NA,Production,EPT-42,cuidar,Intensional,Intensional subjunctive,DOM,0,0,0,1,NA,IND,208160,26928,1534607,-100844.1,-0.897943857,-0.12945128613949522,-0.8404570398149089,NA,-0.48495416297720206,1.110337652712942,26,0.9976638936588408,0.5183508423845298,-1.151284003546733,11,-0.03792619373233095,NA,1.295831508338228,Subjunctive,0
H5B02,DLBE-5,GBCS,5,5,20,5,0,2 SPA/2 ENG,Bilingual,NA,13,1,NA,0,2,NA,Production,EPT-02,llamar,Intensional,Intensional subjunctive,DOM,0,0,0,1,NA,IND,303936,207733,8248273,79960.88,0.711993649,0.2762036834377887,0.8786135231177882,NA,0.5774086032777884,0.7853228496078932,25,0.8668535086057054,1.1338924677161597,-0.5263012587642213,14,0.682671487181969,NA,-1.0490064591309487,Subjunctive,0
H5B02,DLBE-5,GBCS,5,5,20,5,0,2 SPA/2 ENG,Bilingual,NA,13,1,NA,0,2,NA,Production,EPT-08,peinar,Intensional,Intensional subjunctive,DOM,0,0,0,1,NA,MISC,6151,3173,91504,-124599.1,-1.109464919,-0.9850513816679946,-1.0663165084273158,NA,-1.0256839450476551,0.7853228496078932,25,0.8668535086057054,1.1338924677161597,-0.5263012587642213,14,0.682671487181969,NA,-1.0490064591309487,Subjunctive,0
H5B02,DLBE-5,GBCS,5,5,20,5,0,2 SPA/2 ENG,Bilingual,NA,13,1,NA,0,2,NA,Production,EPT-14,pintar,Intensional,Intensional subjunctive,DOM,0,0,0,1,NA,IND,45606,22466,893704,-105306.1,-0.937674734,-0.8179414916676632,-0.8828811589034613,NA,-0.8504113252855623,0.7853228496078932,25,0.8668535086057054,1.1338924677161597,-0.5263012587642213,14,0.682671487181969,NA,-1.0490064591309487,Subjunctive,0
H5B02,DLBE-5,GBCS,5,5,20,5,0,2 SPA/2 ENG,Bilingual,NA,13,1,NA,0,2,NA,Production,EPT-20,tratar,Intensional,Intensional subjunctive,DOM,0,0,0,1,NA,IND,590952,203027,9516595,75254.88,0.670090129,1.4918471301070348,0.8338694835770605,NA,1.1628583068420475,0.7853228496078932,25,0.8668535086057054,1.1338924677161597,-0.5263012587642213,14,0.682671487181969,NA,-1.0490064591309487,Subjunctive,0
H5B02,DLBE-5,GBCS,5,5,20,5,0,2 SPA/2 ENG,Bilingual,NA,13,1,NA,0,2,NA,Production,EPT-26,mirar,Intensional,Intensional subjunctive,DOM,0,0,0,1,NA,IND,186441,197558,3683993,69785.88,0.621392647,-0.22144114042709367,0.7818709386879318,NA,0.2802148991304191,0.7853228496078932,25,0.8668535086057054,1.1338924677161597,-0.5263012587642213,14,0.682671487181969,NA,-1.0490064591309487,Subjunctive,0
H5B02,DLBE-5,GBCS,5,5,20,5,0,2 SPA/2 ENG,Bilingual,NA,13,1,NA,0,2,NA,Production,EPT-32,llevar,Intensional,Intensional subjunctive,DOM,0,0,0,1,NA,IND,418316,301022,13841181,173259.9,1.542753636,0.7606550639532595,1.765593273375958,NA,1.2631241686646089,0.7853228496078932,25,0.8668535086057054,1.1338924677161597,-0.5263012587642213,14,0.682671487181969,NA,-1.0490064591309487,Subjunctive,0
H5B02,DLBE-5,GBCS,5,5,20,5,0,2 SPA/2 ENG,Bilingual,NA,13,1,NA,0,2,NA,Production,EPT-38,amar,Intensional,Intensional subjunctive,DOM,0,0,0,1,NA,IND,60260,28864,1318934,-67512.13,-0.601146551,-0.7558751292784892,-0.8220498021287957,NA,-0.7889624657036425,0.7853228496078932,25,0.8668535086057054,1.1338924677161597,-0.5263012587642213,14,0.682671487181969,NA,-1.0490064591309487,Subjunctive,0
H5B02,DLBE-5,GBCS,5,5,20,5,0,2 SPA/2 ENG,Bilingual,NA,13,1,NA,0,2,NA,Production,EPT-42,cuidar,Intensional,Intensional subjunctive,DOM,0,0,0,0,NA,IND,208160,26928,1534607,-100844.1,-0.897943857,-0.12945128613949522,-0.8404570398149089,NA,-0.48495416297720206,0.7853228496078932,25,0.8668535086057054,1.1338924677161597,-0.5263012587642213,14,0.682671487181969,NA,-1.0490064591309487,Subjunctive,0
H5B03,DLBE-5,GBCS,5,5,6,3,1,2 SPA/1 ENG,Bilingual,NA,0,0,NA,0,2,NA,Production,EPT-02,llamar,Intensional,Intensional subjunctive,DOM,NA,NA,NA,NA,NA,NA,303936,207733,8248273,79960.88,0.711993649,0.2762036834377887,0.8786135231177882,NA,0.5774086032777884,-1.489780772127448,9,-1.2261126522444588,-2.867128096939434,-1.151284003546733,0,-2.6801176904180974,NA,0.1234125246036397,Subjunctive,NA
H5B03,DLBE-5,GBCS,5,5,6,3,1,2 SPA/1 ENG,Bilingual,NA,0,0,NA,0,2,NA,Production,EPT-08,peinar,Intensional,Intensional subjunctive,DOM,NA,NA,NA,NA,NA,NA,6151,3173,91504,-124599.1,-1.109464919,-0.9850513816679946,-1.0663165084273158,NA,-1.0256839450476551,-1.489780772127448,9,-1.2261126522444588,-2.867128096939434,-1.151284003546733,0,-2.6801176904180974,NA,0.1234125246036397,Subjunctive,NA
H5B03,DLBE-5,GBCS,5,5,6,3,1,2 SPA/1 ENG,Bilingual,NA,0,0,NA,0,2,NA,Production,EPT-14,pintar,Intensional,Intensional subjunctive,DOM,0,NA,1,1,NA,IND,45606,22466,893704,-105306.1,-0.937674734,-0.8179414916676632,-0.8828811589034613,NA,-0.8504113252855623,-1.489780772127448,9,-1.2261126522444588,-2.867128096939434,-1.151284003546733,0,-2.6801176904180974,NA,0.1234125246036397,Subjunctive,1
H5B03,DLBE-5,GBCS,5,5,6,3,1,2 SPA/1 ENG,Bilingual,NA,0,0,NA,0,2,NA,Production,EPT-20,tratar,Intensional,Intensional subjunctive,DOM,NA,NA,NA,NA,NA,NA,590952,203027,9516595,75254.88,0.670090129,1.4918471301070348,0.8338694835770605,NA,1.1628583068420475,-1.489780772127448,9,-1.2261126522444588,-2.867128096939434,-1.151284003546733,0,-2.6801176904180974,NA,0.1234125246036397,Subjunctive,NA
H5B03,DLBE-5,GBCS,5,5,6,3,1,2 SPA/1 ENG,Bilingual,NA,0,0,NA,0,2,NA,Production,EPT-26,mirar,Intensional,Intensional subjunctive,DOM,1,1,0,1,NA,SUBJ,186441,197558,3683993,69785.88,0.621392647,-0.22144114042709367,0.7818709386879318,NA,0.2802148991304191,-1.489780772127448,9,-1.2261126522444588,-2.867128096939434,-1.151284003546733,0,-2.6801176904180974,NA,0.1234125246036397,Subjunctive,0
H5B03,DLBE-5,GBCS,5,5,6,3,1,2 SPA/1 ENG,Bilingual,NA,0,0,NA,0,2,NA,Production,EPT-32,llevar,Intensional,Intensional subjunctive,DOM,NA,NA,NA,NA,NA,NA,418316,301022,13841181,173259.9,1.542753636,0.7606550639532595,1.765593273375958,NA,1.2631241686646089,-1.489780772127448,9,-1.2261126522444588,-2.867128096939434,-1.151284003546733,0,-2.6801176904180974,NA,0.1234125246036397,Subjunctive,NA
H5B03,DLBE-5,GBCS,5,5,6,3,1,2 SPA/1 ENG,Bilingual,NA,0,0,NA,0,2,NA,Production,EPT-38,amar,Intensional,Intensional subjunctive,DOM,0,0,0,0,NA,IND,60260,28864,1318934,-67512.13,-0.601146551,-0.7558751292784892,-0.8220498021287957,NA,-0.7889624657036425,-1.489780772127448,9,-1.2261126522444588,-2.867128096939434,-1.151284003546733,0,-2.6801176904180974,NA,0.1234125246036397,Subjunctive,0
H5B03,DLBE-5,GBCS,5,5,6,3,1,2 SPA/1 ENG,Bilingual,NA,0,0,NA,0,2,NA,Production,EPT-42,cuidar,Intensional,Intensional subjunctive,DOM,0,NA,0,1,NA,IND,208160,26928,1534607,-100844.1,-0.897943857,-0.12945128613949522,-0.8404570398149089,NA,-0.48495416297720206,-1.489780772127448,9,-1.2261126522444588,-2.867128096939434,-1.151284003546733,0,-2.6801176904180974,NA,0.1234125246036397,Subjunctive,0
H5B04,DLBE-5,GBCS,5,5,11,2,2,2 SPA/0 ENG,Monolingual,NA,8,4,NA,0,2,NA,Production,EPT-02,llamar,Intensional,Intensional subjunctive,DOM,0,0,0,1,NA,IND,303936,207733,8248273,79960.88,0.711993649,0.2762036834377887,0.8786135231177882,NA,0.5774086032777884,-0.677243764364826,13,-0.7028711120319177,-0.4049615956129149,1.3486469755833148,12,0.20227303323910237,NA,1.295831508338228,Subjunctive,0
H5B04,DLBE-5,GBCS,5,5,11,2,2,2 SPA/0 ENG,Monolingual,NA,8,4,NA,0,2,NA,Production,EPT-08,peinar,Intensional,Intensional subjunctive,DOM,0,0,0,1,NA,IND,6151,3173,91504,-124599.1,-1.109464919,-0.9850513816679946,-1.0663165084273158,NA,-1.0256839450476551,-0.677243764364826,13,-0.7028711120319177,-0.4049615956129149,1.3486469755833148,12,0.20227303323910237,NA,1.295831508338228,Subjunctive,0
H5B04,DLBE-5,GBCS,5,5,11,2,2,2 SPA/0 ENG,Monolingual,NA,8,4,NA,0,2,NA,Production,EPT-14,pintar,Intensional,Intensional subjunctive,DOM,0,0,NA,1,NA,IND,45606,22466,893704,-105306.1,-0.937674734,-0.8179414916676632,-0.8828811589034613,NA,-0.8504113252855623,-0.677243764364826,13,-0.7028711120319177,-0.4049615956129149,1.3486469755833148,12,0.20227303323910237,NA,1.295831508338228,Subjunctive,NA
H5B04,DLBE-5,GBCS,5,5,11,2,2,2 SPA/0 ENG,Monolingual,NA,8,4,NA,0,2,NA,Production,EPT-20,tratar,Intensional,Intensional subjunctive,DOM,0,0,1,1,NA,IND,590952,203027,9516595,75254.88,0.670090129,1.4918471301070348,0.8338694835770605,NA,1.1628583068420475,-0.677243764364826,13,-0.7028711120319177,-0.4049615956129149,1.3486469755833148,12,0.20227303323910237,NA,1.295831508338228,Subjunctive,1
H5B04,DLBE-5,GBCS,5,5,11,2,2,2 SPA/0 ENG,Monolingual,NA,8,4,NA,0,2,NA,Production,EPT-26,mirar,Intensional,Intensional subjunctive,DOM,0,0,1,1,NA,IND,186441,197558,3683993,69785.88,0.621392647,-0.22144114042709367,0.7818709386879318,NA,0.2802148991304191,-0.677243764364826,13,-0.7028711120319177,-0.4049615956129149,1.3486469755833148,12,0.20227303323910237,NA,1.295831508338228,Subjunctive,1
H5B04,DLBE-5,GBCS,5,5,11,2,2,2 SPA/0 ENG,Monolingual,NA,8,4,NA,0,2,NA,Production,EPT-32,llevar,Intensional,Intensional subjunctive,DOM,0,0,0,1,NA,IND,418316,301022,13841181,173259.9,1.542753636,0.7606550639532595,1.765593273375958,NA,1.2631241686646089,-0.677243764364826,13,-0.7028711120319177,-0.4049615956129149,1.3486469755833148,12,0.20227303323910237,NA,1.295831508338228,Subjunctive,0
H5B04,DLBE-5,GBCS,5,5,11,2,2,2 SPA/0 ENG,Monolingual,NA,8,4,NA,0,2,NA,Production,EPT-38,amar,Intensional,Intensional subjunctive,DOM,0,0,1,1,NA,IND,60260,28864,1318934,-67512.13,-0.601146551,-0.7558751292784892,-0.8220498021287957,NA,-0.7889624657036425,-0.677243764364826,13,-0.7028711120319177,-0.4049615956129149,1.3486469755833148,12,0.20227303323910237,NA,1.295831508338228,Subjunctive,1
H5B04,DLBE-5,GBCS,5,5,11,2,2,2 SPA/0 ENG,Monolingual,NA,8,4,NA,0,2,NA,Production,EPT-42,cuidar,Intensional,Intensional subjunctive,DOM,0,0,1,1,NA,IND,208160,26928,1534607,-100844.1,-0.897943857,-0.12945128613949522,-0.8404570398149089,NA,-0.48495416297720206,-0.677243764364826,13,-0.7028711120319177,-0.4049615956129149,1.3486469755833148,12,0.20227303323910237,NA,1.295831508338228,Subjunctive,1
H5B06,DLBE-5,GBCS,5,5,10,1,0,2 SPA/2 ENG,Bilingual,NA,12,4,NA,0,2,NA,Production,EPT-02,llamar,Intensional,Intensional subjunctive,DOM,0,0,0,1,NA,IND,303936,207733,8248273,79960.88,0.711993649,0.2762036834377887,0.8786135231177882,NA,0.5774086032777884,-0.8397511659173504,11,-0.9644918821381884,0.8261216550503446,1.3486469755833148,16,1.1630699411248355,NA,-1.0490064591309487,Subjunctive,0
H5B06,DLBE-5,GBCS,5,5,10,1,0,2 SPA/2 ENG,Bilingual,NA,12,4,NA,0,2,NA,Production,EPT-08,peinar,Intensional,Intensional subjunctive,DOM,1,1,0,1,NA,SUBJ,6151,3173,91504,-124599.1,-1.109464919,-0.9850513816679946,-1.0663165084273158,NA,-1.0256839450476551,-0.8397511659173504,11,-0.9644918821381884,0.8261216550503446,1.3486469755833148,16,1.1630699411248355,NA,-1.0490064591309487,Subjunctive,0
H5B06,DLBE-5,GBCS,5,5,10,1,0,2 SPA/2 ENG,Bilingual,NA,12,4,NA,0,2,NA,Production,EPT-14,pintar,Intensional,Intensional subjunctive,DOM,0,0,0,1,NA,IND,45606,22466,893704,-105306.1,-0.937674734,-0.8179414916676632,-0.8828811589034613,NA,-0.8504113252855623,-0.8397511659173504,11,-0.9644918821381884,0.8261216550503446,1.3486469755833148,16,1.1630699411248355,NA,-1.0490064591309487,Subjunctive,0
H5B06,DLBE-5,GBCS,5,5,10,1,0,2 SPA/2 ENG,Bilingual,NA,12,4,NA,0,2,NA,Production,EPT-20,tratar,Intensional,Intensional subjunctive,DOM,0,0,0,1,NA,IND,590952,203027,9516595,75254.88,0.670090129,1.4918471301070348,0.8338694835770605,NA,1.1628583068420475,-0.8397511659173504,11,-0.9644918821381884,0.8261216550503446,1.3486469755833148,16,1.1630699411248355,NA,-1.0490064591309487,Subjunctive,0
H5B06,DLBE-5,GBCS,5,5,10,1,0,2 SPA/2 ENG,Bilingual,NA,12,4,NA,0,2,NA,Production,EPT-26,mirar,Intensional,Intensional subjunctive,DOM,0,0,0,1,NA,IND,186441,197558,3683993,69785.88,0.621392647,-0.22144114042709367,0.7818709386879318,NA,0.2802148991304191,-0.8397511659173504,11,-0.9644918821381884,0.8261216550503446,1.3486469755833148,16,1.1630699411248355,NA,-1.0490064591309487,Subjunctive,0
H5B06,DLBE-5,GBCS,5,5,10,1,0,2 SPA/2 ENG,Bilingual,NA,12,4,NA,0,2,NA,Production,EPT-32,llevar,Intensional,Intensional subjunctive,DOM,0,0,0,1,NA,IND,418316,301022,13841181,173259.9,1.542753636,0.7606550639532595,1.765593273375958,NA,1.2631241686646089,-0.8397511659173504,11,-0.9644918821381884,0.8261216550503446,1.3486469755833148,16,1.1630699411248355,NA,-1.0490064591309487,Subjunctive,0
H5B06,DLBE-5,GBCS,5,5,10,1,0,2 SPA/2 ENG,Bilingual,NA,12,4,NA,0,2,NA,Production,EPT-38,amar,Intensional,Intensional subjunctive,DOM,0,0,0,0,NA,IND,60260,28864,1318934,-67512.13,-0.601146551,-0.7558751292784892,-0.8220498021287957,NA,-0.7889624657036425,-0.8397511659173504,11,-0.9644918821381884,0.8261216550503446,1.3486469755833148,16,1.1630699411248355,NA,-1.0490064591309487,Subjunctive,0
H5B06,DLBE-5,GBCS,5,5,10,1,0,2 SPA/2 ENG,Bilingual,NA,12,4,NA,0,2,NA,Production,EPT-42,cuidar,Intensional,Intensional subjunctive,DOM,0,0,0,1,NA,IND,208160,26928,1534607,-100844.1,-0.897943857,-0.12945128613949522,-0.8404570398149089,NA,-0.48495416297720206,-0.8397511659173504,11,-0.9644918821381884,0.8261216550503446,1.3486469755833148,16,1.1630699411248355,NA,-1.0490064591309487,Subjunctive,0
H5B07,DLBE-5,GBCS,5,5,22,4,2,2 SPA/0 ENG,Monolingual,NA,13,1,NA,0,2,NA,Production,EPT-02,llamar,Intensional,Intensional subjunctive,DOM,NA,NA,NA,NA,NA,NA,303936,207733,8248273,79960.88,0.711993649,0.2762036834377887,0.8786135231177882,NA,0.5774086032777884,1.110337652712942,26,0.9976638936588408,1.1338924677161597,-0.5263012587642213,14,0.682671487181969,NA,1.295831508338228,Subjunctive,NA
H5B07,DLBE-5,GBCS,5,5,22,4,2,2 SPA/0 ENG,Monolingual,NA,13,1,NA,0,2,NA,Production,EPT-08,peinar,Intensional,Intensional subjunctive,DOM,0,0,1,0,NA,IND,6151,3173,91504,-124599.1,-1.109464919,-0.9850513816679946,-1.0663165084273158,NA,-1.0256839450476551,1.110337652712942,26,0.9976638936588408,1.1338924677161597,-0.5263012587642213,14,0.682671487181969,NA,1.295831508338228,Subjunctive,1
H5B07,DLBE-5,GBCS,5,5,22,4,2,2 SPA/0 ENG,Monolingual,NA,13,1,NA,0,2,NA,Production,EPT-14,pintar,Intensional,Intensional subjunctive,DOM,1,1,NA,1,NA,SUBJ,45606,22466,893704,-105306.1,-0.937674734,-0.8179414916676632,-0.8828811589034613,NA,-0.8504113252855623,1.110337652712942,26,0.9976638936588408,1.1338924677161597,-0.5263012587642213,14,0.682671487181969,NA,1.295831508338228,Subjunctive,NA
H5B07,DLBE-5,GBCS,5,5,22,4,2,2 SPA/0 ENG,Monolingual,NA,13,1,NA,0,2,NA,Production,EPT-20,tratar,Intensional,Intensional subjunctive,DOM,0,0,0,1,NA,IND,590952,203027,9516595,75254.88,0.670090129,1.4918471301070348,0.8338694835770605,NA,1.1628583068420475,1.110337652712942,26,0.9976638936588408,1.1338924677161597,-0.5263012587642213,14,0.682671487181969,NA,1.295831508338228,Subjunctive,0
H5B07,DLBE-5,GBCS,5,5,22,4,2,2 SPA/0 ENG,Monolingual,NA,13,1,NA,0,2,NA,Production,EPT-26,mirar,Intensional,Intensional subjunctive,DOM,0,NA,0,1,NA,IND,186441,197558,3683993,69785.88,0.621392647,-0.22144114042709367,0.7818709386879318,NA,0.2802148991304191,1.110337652712942,26,0.9976638936588408,1.1338924677161597,-0.5263012587642213,14,0.682671487181969,NA,1.295831508338228,Subjunctive,0
H5B07,DLBE-5,GBCS,5,5,22,4,2,2 SPA/0 ENG,Monolingual,NA,13,1,NA,0,2,NA,Production,EPT-32,llevar,Intensional,Intensional subjunctive,DOM,1,1,0,1,NA,SUBJ,418316,301022,13841181,173259.9,1.542753636,0.7606550639532595,1.765593273375958,NA,1.2631241686646089,1.110337652712942,26,0.9976638936588408,1.1338924677161597,-0.5263012587642213,14,0.682671487181969,NA,1.295831508338228,Subjunctive,0
H5B07,DLBE-5,GBCS,5,5,22,4,2,2 SPA/0 ENG,Monolingual,NA,13,1,NA,0,2,NA,Production,EPT-38,amar,Intensional,Intensional subjunctive,DOM,1,1,1,1,NA,SUBJ,60260,28864,1318934,-67512.13,-0.601146551,-0.7558751292784892,-0.8220498021287957,NA,-0.7889624657036425,1.110337652712942,26,0.9976638936588408,1.1338924677161597,-0.5263012587642213,14,0.682671487181969,NA,1.295831508338228,Subjunctive,1
H5B07,DLBE-5,GBCS,5,5,22,4,2,2 SPA/0 ENG,Monolingual,NA,13,1,NA,0,2,NA,Production,EPT-42,cuidar,Intensional,Intensional subjunctive,DOM,0,0,1,1,NA,IND,208160,26928,1534607,-100844.1,-0.897943857,-0.12945128613949522,-0.8404570398149089,NA,-0.48495416297720206,1.110337652712942,26,0.9976638936588408,1.1338924677161597,-0.5263012587642213,14,0.682671487181969,NA,1.295831508338228,Subjunctive,1
H5B08,DLBE-5,GBCS,5,5,19,4,0,2 SPA/2 ENG,Bilingual,NA,6,1,NA,0,2,NA,Production,EPT-02,llamar,Intensional,Intensional subjunctive,DOM,0,0,1,0,NA,IND,303936,207733,8248273,79960.88,0.711993649,0.2762036834377887,0.8786135231177882,NA,0.5774086032777884,0.6228154480553688,23,0.6052327384994349,-1.0205032209445446,-0.5263012587642213,7,-0.9987231016180642,NA,-1.0490064591309487,Subjunctive,1
H5B08,DLBE-5,GBCS,5,5,19,4,0,2 SPA/2 ENG,Bilingual,NA,6,1,NA,0,2,NA,Production,EPT-08,peinar,Intensional,Intensional subjunctive,DOM,1,NA,0,1,NA,SUBJ MODAL,6151,3173,91504,-124599.1,-1.109464919,-0.9850513816679946,-1.0663165084273158,NA,-1.0256839450476551,0.6228154480553688,23,0.6052327384994349,-1.0205032209445446,-0.5263012587642213,7,-0.9987231016180642,NA,-1.0490064591309487,Subjunctive,0
H5B08,DLBE-5,GBCS,5,5,19,4,0,2 SPA/2 ENG,Bilingual,NA,6,1,NA,0,2,NA,Production,EPT-14,pintar,Intensional,Intensional subjunctive,DOM,1,1,1,1,NA,SUBJ,45606,22466,893704,-105306.1,-0.937674734,-0.8179414916676632,-0.8828811589034613,NA,-0.8504113252855623,0.6228154480553688,23,0.6052327384994349,-1.0205032209445446,-0.5263012587642213,7,-0.9987231016180642,NA,-1.0490064591309487,Subjunctive,1
H5B08,DLBE-5,GBCS,5,5,19,4,0,2 SPA/2 ENG,Bilingual,NA,6,1,NA,0,2,NA,Production,EPT-20,tratar,Intensional,Intensional subjunctive,DOM,0,0,1,1,NA,IND,590952,203027,9516595,75254.88,0.670090129,1.4918471301070348,0.8338694835770605,NA,1.1628583068420475,0.6228154480553688,23,0.6052327384994349,-1.0205032209445446,-0.5263012587642213,7,-0.9987231016180642,NA,-1.0490064591309487,Subjunctive,1
H5B08,DLBE-5,GBCS,5,5,19,4,0,2 SPA/2 ENG,Bilingual,NA,6,1,NA,0,2,NA,Production,EPT-26,mirar,Intensional,Intensional subjunctive,DOM,0,0,1,0,NA,IND,186441,197558,3683993,69785.88,0.621392647,-0.22144114042709367,0.7818709386879318,NA,0.2802148991304191,0.6228154480553688,23,0.6052327384994349,-1.0205032209445446,-0.5263012587642213,7,-0.9987231016180642,NA,-1.0490064591309487,Subjunctive,1
H5B08,DLBE-5,GBCS,5,5,19,4,0,2 SPA/2 ENG,Bilingual,NA,6,1,NA,0,2,NA,Production,EPT-32,llevar,Intensional,Intensional subjunctive,DOM,0,0,1,0,NA,IND,418316,301022,13841181,173259.9,1.542753636,0.7606550639532595,1.765593273375958,NA,1.2631241686646089,0.6228154480553688,23,0.6052327384994349,-1.0205032209445446,-0.5263012587642213,7,-0.9987231016180642,NA,-1.0490064591309487,Subjunctive,1
H5B08,DLBE-5,GBCS,5,5,19,4,0,2 SPA/2 ENG,Bilingual,NA,6,1,NA,0,2,NA,Production,EPT-38,amar,Intensional,Intensional subjunctive,DOM,0,0,1,1,NA,IND,60260,28864,1318934,-67512.13,-0.601146551,-0.7558751292784892,-0.8220498021287957,NA,-0.7889624657036425,0.6228154480553688,23,0.6052327384994349,-1.0205032209445446,-0.5263012587642213,7,-0.9987231016180642,NA,-1.0490064591309487,Subjunctive,1
H5B08,DLBE-5,GBCS,5,5,19,4,0,2 SPA/2 ENG,Bilingual,NA,6,1,NA,0,2,NA,Production,EPT-42,cuidar,Intensional,Intensional subjunctive,DOM,0,0,1,1,NA,IND,208160,26928,1534607,-100844.1,-0.897943857,-0.12945128613949522,-0.8404570398149089,NA,-0.48495416297720206,0.6228154480553688,23,0.6052327384994349,-1.0205032209445446,-0.5263012587642213,7,-0.9987231016180642,NA,-1.0490064591309487,Subjunctive,1
H5B10,DLBE-5,GBCS,5,5,5,0,1,2 SPA/1 ENG,Bilingual,NA,7,1,NA,0,2,NA,Production,EPT-02,llamar,Intensional,Intensional subjunctive,DOM,1,1,1,1,NA,SUBJ,303936,207733,8248273,79960.88,0.711993649,0.2762036834377887,0.8786135231177882,NA,0.5774086032777884,-1.6522881736799722,5,-1.7493541924569995,-0.7127324082787297,-0.5263012587642213,8,-0.758523874646631,NA,0.1234125246036397,Subjunctive,1
H5B10,DLBE-5,GBCS,5,5,5,0,1,2 SPA/1 ENG,Bilingual,NA,7,1,NA,0,2,NA,Production,EPT-08,peinar,Intensional,Intensional subjunctive,DOM,1,1,1,1,NA,SUBJ,6151,3173,91504,-124599.1,-1.109464919,-0.9850513816679946,-1.0663165084273158,NA,-1.0256839450476551,-1.6522881736799722,5,-1.7493541924569995,-0.7127324082787297,-0.5263012587642213,8,-0.758523874646631,NA,0.1234125246036397,Subjunctive,1
H5B10,DLBE-5,GBCS,5,5,5,0,1,2 SPA/1 ENG,Bilingual,NA,7,1,NA,0,2,NA,Production,EPT-14,pintar,Intensional,Intensional subjunctive,DOM,1,1,1,1,NA,SUBJ,45606,22466,893704,-105306.1,-0.937674734,-0.8179414916676632,-0.8828811589034613,NA,-0.8504113252855623,-1.6522881736799722,5,-1.7493541924569995,-0.7127324082787297,-0.5263012587642213,8,-0.758523874646631,NA,0.1234125246036397,Subjunctive,1
H5B10,DLBE-5,GBCS,5,5,5,0,1,2 SPA/1 ENG,Bilingual,NA,7,1,NA,0,2,NA,Production,EPT-20,tratar,Intensional,Intensional subjunctive,DOM,1,1,0,1,NA,SUBJ,590952,203027,9516595,75254.88,0.670090129,1.4918471301070348,0.8338694835770605,NA,1.1628583068420475,-1.6522881736799722,5,-1.7493541924569995,-0.7127324082787297,-0.5263012587642213,8,-0.758523874646631,NA,0.1234125246036397,Subjunctive,0
H5B10,DLBE-5,GBCS,5,5,5,0,1,2 SPA/1 ENG,Bilingual,NA,7,1,NA,0,2,NA,Production,EPT-26,mirar,Intensional,Intensional subjunctive,DOM,1,1,1,1,NA,SUBJ,186441,197558,3683993,69785.88,0.621392647,-0.22144114042709367,0.7818709386879318,NA,0.2802148991304191,-1.6522881736799722,5,-1.7493541924569995,-0.7127324082787297,-0.5263012587642213,8,-0.758523874646631,NA,0.1234125246036397,Subjunctive,1
H5B10,DLBE-5,GBCS,5,5,5,0,1,2 SPA/1 ENG,Bilingual,NA,7,1,NA,0,2,NA,Production,EPT-32,llevar,Intensional,Intensional subjunctive,DOM,1,1,1,1,NA,SUBJ,418316,301022,13841181,173259.9,1.542753636,0.7606550639532595,1.765593273375958,NA,1.2631241686646089,-1.6522881736799722,5,-1.7493541924569995,-0.7127324082787297,-0.5263012587642213,8,-0.758523874646631,NA,0.1234125246036397,Subjunctive,1
H5B10,DLBE-5,GBCS,5,5,5,0,1,2 SPA/1 ENG,Bilingual,NA,7,1,NA,0,2,NA,Production,EPT-38,amar,Intensional,Intensional subjunctive,DOM,1,1,1,1,NA,SUBJ,60260,28864,1318934,-67512.13,-0.601146551,-0.7558751292784892,-0.8220498021287957,NA,-0.7889624657036425,-1.6522881736799722,5,-1.7493541924569995,-0.7127324082787297,-0.5263012587642213,8,-0.758523874646631,NA,0.1234125246036397,Subjunctive,1
H5B10,DLBE-5,GBCS,5,5,5,0,1,2 SPA/1 ENG,Bilingual,NA,7,1,NA,0,2,NA,Production,EPT-42,cuidar,Intensional,Intensional subjunctive,DOM,1,1,0,1,NA,SUBJ,208160,26928,1534607,-100844.1,-0.897943857,-0.12945128613949522,-0.8404570398149089,NA,-0.48495416297720206,-1.6522881736799722,5,-1.7493541924569995,-0.7127324082787297,-0.5263012587642213,8,-0.758523874646631,NA,0.1234125246036397,Subjunctive,0
H5B13,DLBE-5,GBCS,5,5,22,4,2,2 SPA/0 ENG,Monolingual,NA,12,4,NA,0,2,NA,Production,EPT-02,llamar,Intensional,Intensional subjunctive,DOM,NA,NA,1,1,NA,IND MODAL,303936,207733,8248273,79960.88,0.711993649,0.2762036834377887,0.8786135231177882,NA,0.5774086032777884,1.110337652712942,26,0.9976638936588408,0.8261216550503446,1.3486469755833148,16,1.1630699411248355,NA,1.295831508338228,Subjunctive,1
H5B13,DLBE-5,GBCS,5,5,22,4,2,2 SPA/0 ENG,Monolingual,NA,12,4,NA,0,2,NA,Production,EPT-08,peinar,Intensional,Intensional subjunctive,DOM,1,1,NA,1,NA,SUBJ,6151,3173,91504,-124599.1,-1.109464919,-0.9850513816679946,-1.0663165084273158,NA,-1.0256839450476551,1.110337652712942,26,0.9976638936588408,0.8261216550503446,1.3486469755833148,16,1.1630699411248355,NA,1.295831508338228,Subjunctive,NA
H5B13,DLBE-5,GBCS,5,5,22,4,2,2 SPA/0 ENG,Monolingual,NA,12,4,NA,0,2,NA,Production,EPT-14,pintar,Intensional,Intensional subjunctive,DOM,NA,NA,NA,1,NA,IND MODAL,45606,22466,893704,-105306.1,-0.937674734,-0.8179414916676632,-0.8828811589034613,NA,-0.8504113252855623,1.110337652712942,26,0.9976638936588408,0.8261216550503446,1.3486469755833148,16,1.1630699411248355,NA,1.295831508338228,Subjunctive,NA
H5B13,DLBE-5,GBCS,5,5,22,4,2,2 SPA/0 ENG,Monolingual,NA,12,4,NA,0,2,NA,Production,EPT-20,tratar,Intensional,Intensional subjunctive,DOM,NA,NA,NA,NA,NA,NA,590952,203027,9516595,75254.88,0.670090129,1.4918471301070348,0.8338694835770605,NA,1.1628583068420475,1.110337652712942,26,0.9976638936588408,0.8261216550503446,1.3486469755833148,16,1.1630699411248355,NA,1.295831508338228,Subjunctive,NA
H5B13,DLBE-5,GBCS,5,5,22,4,2,2 SPA/0 ENG,Monolingual,NA,12,4,NA,0,2,NA,Production,EPT-26,mirar,Intensional,Intensional subjunctive,DOM,0,0,1,1,NA,INF,186441,197558,3683993,69785.88,0.621392647,-0.22144114042709367,0.7818709386879318,NA,0.2802148991304191,1.110337652712942,26,0.9976638936588408,0.8261216550503446,1.3486469755833148,16,1.1630699411248355,NA,1.295831508338228,Subjunctive,1
H5B13,DLBE-5,GBCS,5,5,22,4,2,2 SPA/0 ENG,Monolingual,NA,12,4,NA,0,2,NA,Production,EPT-32,llevar,Intensional,Intensional subjunctive,DOM,0,0,NA,1,NA,IND,418316,301022,13841181,173259.9,1.542753636,0.7606550639532595,1.765593273375958,NA,1.2631241686646089,1.110337652712942,26,0.9976638936588408,0.8261216550503446,1.3486469755833148,16,1.1630699411248355,NA,1.295831508338228,Subjunctive,NA
H5B13,DLBE-5,GBCS,5,5,22,4,2,2 SPA/0 ENG,Monolingual,NA,12,4,NA,0,2,NA,Production,EPT-38,amar,Intensional,Intensional subjunctive,DOM,1,1,1,0,NA,SUBJ,60260,28864,1318934,-67512.13,-0.601146551,-0.7558751292784892,-0.8220498021287957,NA,-0.7889624657036425,1.110337652712942,26,0.9976638936588408,0.8261216550503446,1.3486469755833148,16,1.1630699411248355,NA,1.295831508338228,Subjunctive,1
H5B13,DLBE-5,GBCS,5,5,22,4,2,2 SPA/0 ENG,Monolingual,NA,12,4,NA,0,2,NA,Production,EPT-42,cuidar,Intensional,Intensional subjunctive,DOM,NA,NA,NA,NA,NA,NA,208160,26928,1534607,-100844.1,-0.897943857,-0.12945128613949522,-0.8404570398149089,NA,-0.48495416297720206,1.110337652712942,26,0.9976638936588408,0.8261216550503446,1.3486469755833148,16,1.1630699411248355,NA,1.295831508338228,Subjunctive,NA
H5B16,DLBE-5,GBCS,5,5,21,5,2,2 SPA/0 ENG,Monolingual,NA,12,4,NA,0,2,NA,Production,EPT-02,llamar,Intensional,Intensional subjunctive,DOM,1,NA,NA,0,NA,SUBJ,303936,207733,8248273,79960.88,0.711993649,0.2762036834377887,0.8786135231177882,NA,0.5774086032777884,0.9478302511604176,26,0.9976638936588408,0.8261216550503446,1.3486469755833148,16,1.1630699411248355,NA,1.295831508338228,Subjunctive,NA
H5B16,DLBE-5,GBCS,5,5,21,5,2,2 SPA/0 ENG,Monolingual,NA,12,4,NA,0,2,NA,Production,EPT-08,peinar,Intensional,Intensional subjunctive,DOM,1,1,1,1,NA,SUBJ,6151,3173,91504,-124599.1,-1.109464919,-0.9850513816679946,-1.0663165084273158,NA,-1.0256839450476551,0.9478302511604176,26,0.9976638936588408,0.8261216550503446,1.3486469755833148,16,1.1630699411248355,NA,1.295831508338228,Subjunctive,1
H5B16,DLBE-5,GBCS,5,5,21,5,2,2 SPA/0 ENG,Monolingual,NA,12,4,NA,0,2,NA,Production,EPT-14,pintar,Intensional,Intensional subjunctive,DOM,1,1,1,0,NA,SUBJ,45606,22466,893704,-105306.1,-0.937674734,-0.8179414916676632,-0.8828811589034613,NA,-0.8504113252855623,0.9478302511604176,26,0.9976638936588408,0.8261216550503446,1.3486469755833148,16,1.1630699411248355,NA,1.295831508338228,Subjunctive,1
H5B16,DLBE-5,GBCS,5,5,21,5,2,2 SPA/0 ENG,Monolingual,NA,12,4,NA,0,2,NA,Production,EPT-20,tratar,Intensional,Intensional subjunctive,DOM,1,1,1,1,NA,SUBJ,590952,203027,9516595,75254.88,0.670090129,1.4918471301070348,0.8338694835770605,NA,1.1628583068420475,0.9478302511604176,26,0.9976638936588408,0.8261216550503446,1.3486469755833148,16,1.1630699411248355,NA,1.295831508338228,Subjunctive,1
H5B16,DLBE-5,GBCS,5,5,21,5,2,2 SPA/0 ENG,Monolingual,NA,12,4,NA,0,2,NA,Production,EPT-26,mirar,Intensional,Intensional subjunctive,DOM,1,1,1,1,NA,SUBJ,186441,197558,3683993,69785.88,0.621392647,-0.22144114042709367,0.7818709386879318,NA,0.2802148991304191,0.9478302511604176,26,0.9976638936588408,0.8261216550503446,1.3486469755833148,16,1.1630699411248355,NA,1.295831508338228,Subjunctive,1
H5B16,DLBE-5,GBCS,5,5,21,5,2,2 SPA/0 ENG,Monolingual,NA,12,4,NA,0,2,NA,Production,EPT-32,llevar,Intensional,Intensional subjunctive,DOM,1,1,1,1,NA,SUBJ,418316,301022,13841181,173259.9,1.542753636,0.7606550639532595,1.765593273375958,NA,1.2631241686646089,0.9478302511604176,26,0.9976638936588408,0.8261216550503446,1.3486469755833148,16,1.1630699411248355,NA,1.295831508338228,Subjunctive,1
H5B16,DLBE-5,GBCS,5,5,21,5,2,2 SPA/0 ENG,Monolingual,NA,12,4,NA,0,2,NA,Production,EPT-38,amar,Intensional,Intensional subjunctive,DOM,1,1,1,1,NA,SUBJ,60260,28864,1318934,-67512.13,-0.601146551,-0.7558751292784892,-0.8220498021287957,NA,-0.7889624657036425,0.9478302511604176,26,0.9976638936588408,0.8261216550503446,1.3486469755833148,16,1.1630699411248355,NA,1.295831508338228,Subjunctive,1
H5B16,DLBE-5,GBCS,5,5,21,5,2,2 SPA/0 ENG,Monolingual,NA,12,4,NA,0,2,NA,Production,EPT-42,cuidar,Intensional,Intensional subjunctive,DOM,1,1,1,1,NA,SUBJ,208160,26928,1534607,-100844.1,-0.897943857,-0.12945128613949522,-0.8404570398149089,NA,-0.48495416297720206,0.9478302511604176,26,0.9976638936588408,0.8261216550503446,1.3486469755833148,16,1.1630699411248355,NA,1.295831508338228,Subjunctive,1
H5B17,DLBE-5,GBCS,5,5,20,5,0,2 SPA/2 ENG,Bilingual,NA,12,4,NA,0,2,NA,Production,EPT-02,llamar,Intensional,Intensional subjunctive,DOM,1,1,1,1,NA,SUBJ,303936,207733,8248273,79960.88,0.711993649,0.2762036834377887,0.8786135231177882,NA,0.5774086032777884,0.7853228496078932,25,0.8668535086057054,0.8261216550503446,1.3486469755833148,16,1.1630699411248355,NA,-1.0490064591309487,Subjunctive,1
H5B17,DLBE-5,GBCS,5,5,20,5,0,2 SPA/2 ENG,Bilingual,NA,12,4,NA,0,2,NA,Production,EPT-08,peinar,Intensional,Intensional subjunctive,DOM,1,NA,0,1,NA,SUBJ MODAL,6151,3173,91504,-124599.1,-1.109464919,-0.9850513816679946,-1.0663165084273158,NA,-1.0256839450476551,0.7853228496078932,25,0.8668535086057054,0.8261216550503446,1.3486469755833148,16,1.1630699411248355,NA,-1.0490064591309487,Subjunctive,0
H5B17,DLBE-5,GBCS,5,5,20,5,0,2 SPA/2 ENG,Bilingual,NA,12,4,NA,0,2,NA,Production,EPT-14,pintar,Intensional,Intensional subjunctive,DOM,1,1,0,1,NA,SUBJ,45606,22466,893704,-105306.1,-0.937674734,-0.8179414916676632,-0.8828811589034613,NA,-0.8504113252855623,0.7853228496078932,25,0.8668535086057054,0.8261216550503446,1.3486469755833148,16,1.1630699411248355,NA,-1.0490064591309487,Subjunctive,0
H5B17,DLBE-5,GBCS,5,5,20,5,0,2 SPA/2 ENG,Bilingual,NA,12,4,NA,0,2,NA,Production,EPT-20,tratar,Intensional,Intensional subjunctive,DOM,NA,NA,NA,NA,NA,IND,590952,203027,9516595,75254.88,0.670090129,1.4918471301070348,0.8338694835770605,NA,1.1628583068420475,0.7853228496078932,25,0.8668535086057054,0.8261216550503446,1.3486469755833148,16,1.1630699411248355,NA,-1.0490064591309487,Subjunctive,NA
H5B17,DLBE-5,GBCS,5,5,20,5,0,2 SPA/2 ENG,Bilingual,NA,12,4,NA,0,2,NA,Production,EPT-26,mirar,Intensional,Intensional subjunctive,DOM,1,1,0,1,NA,SUBJ,186441,197558,3683993,69785.88,0.621392647,-0.22144114042709367,0.7818709386879318,NA,0.2802148991304191,0.7853228496078932,25,0.8668535086057054,0.8261216550503446,1.3486469755833148,16,1.1630699411248355,NA,-1.0490064591309487,Subjunctive,0
H5B17,DLBE-5,GBCS,5,5,20,5,0,2 SPA/2 ENG,Bilingual,NA,12,4,NA,0,2,NA,Production,EPT-32,llevar,Intensional,Intensional subjunctive,DOM,1,1,0,1,NA,SUBJ,418316,301022,13841181,173259.9,1.542753636,0.7606550639532595,1.765593273375958,NA,1.2631241686646089,0.7853228496078932,25,0.8668535086057054,0.8261216550503446,1.3486469755833148,16,1.1630699411248355,NA,-1.0490064591309487,Subjunctive,0
H5B17,DLBE-5,GBCS,5,5,20,5,0,2 SPA/2 ENG,Bilingual,NA,12,4,NA,0,2,NA,Production,EPT-38,amar,Intensional,Intensional subjunctive,DOM,1,1,0,1,NA,SUBJ,60260,28864,1318934,-67512.13,-0.601146551,-0.7558751292784892,-0.8220498021287957,NA,-0.7889624657036425,0.7853228496078932,25,0.8668535086057054,0.8261216550503446,1.3486469755833148,16,1.1630699411248355,NA,-1.0490064591309487,Subjunctive,0
H5B17,DLBE-5,GBCS,5,5,20,5,0,2 SPA/2 ENG,Bilingual,NA,12,4,NA,0,2,NA,Production,EPT-42,cuidar,Intensional,Intensional subjunctive,DOM,1,1,0,1,NA,SUBJ,208160,26928,1534607,-100844.1,-0.897943857,-0.12945128613949522,-0.8404570398149089,NA,-0.48495416297720206,0.7853228496078932,25,0.8668535086057054,0.8261216550503446,1.3486469755833148,16,1.1630699411248355,NA,-1.0490064591309487,Subjunctive,0
H5B18,DLBE-5,GBCS,5,5,9,2,2,2 SPA/0 ENG,Monolingual,NA,9,2,NA,0,2,NA,Production,EPT-02,llamar,Intensional,Intensional subjunctive,DOM,0,0,1,0,NA,IND,303936,207733,8248273,79960.88,0.711993649,0.2762036834377887,0.8786135231177882,NA,0.5774086032777884,-1.0022585674698747,11,-0.9644918821381884,-0.0971907829471,0.09868148601829071,11,-0.03792619373233095,NA,1.295831508338228,Subjunctive,1
H5B18,DLBE-5,GBCS,5,5,9,2,2,2 SPA/0 ENG,Monolingual,NA,9,2,NA,0,2,NA,Production,EPT-08,peinar,Intensional,Intensional subjunctive,DOM,0,0,1,0,NA,IND,6151,3173,91504,-124599.1,-1.109464919,-0.9850513816679946,-1.0663165084273158,NA,-1.0256839450476551,-1.0022585674698747,11,-0.9644918821381884,-0.0971907829471,0.09868148601829071,11,-0.03792619373233095,NA,1.295831508338228,Subjunctive,1
H5B18,DLBE-5,GBCS,5,5,9,2,2,2 SPA/0 ENG,Monolingual,NA,9,2,NA,0,2,NA,Production,EPT-14,pintar,Intensional,Intensional subjunctive,DOM,0,NA,1,1,NA,IND MODAL,45606,22466,893704,-105306.1,-0.937674734,-0.8179414916676632,-0.8828811589034613,NA,-0.8504113252855623,-1.0022585674698747,11,-0.9644918821381884,-0.0971907829471,0.09868148601829071,11,-0.03792619373233095,NA,1.295831508338228,Subjunctive,1
H5B18,DLBE-5,GBCS,5,5,9,2,2,2 SPA/0 ENG,Monolingual,NA,9,2,NA,0,2,NA,Production,EPT-20,tratar,Intensional,Intensional subjunctive,DOM,0,0,0,1,NA,IND,590952,203027,9516595,75254.88,0.670090129,1.4918471301070348,0.8338694835770605,NA,1.1628583068420475,-1.0022585674698747,11,-0.9644918821381884,-0.0971907829471,0.09868148601829071,11,-0.03792619373233095,NA,1.295831508338228,Subjunctive,0
H5B18,DLBE-5,GBCS,5,5,9,2,2,2 SPA/0 ENG,Monolingual,NA,9,2,NA,0,2,NA,Production,EPT-26,mirar,Intensional,Intensional subjunctive,DOM,0,0,0,1,NA,IND,186441,197558,3683993,69785.88,0.621392647,-0.22144114042709367,0.7818709386879318,NA,0.2802148991304191,-1.0022585674698747,11,-0.9644918821381884,-0.0971907829471,0.09868148601829071,11,-0.03792619373233095,NA,1.295831508338228,Subjunctive,0
H5B18,DLBE-5,GBCS,5,5,9,2,2,2 SPA/0 ENG,Monolingual,NA,9,2,NA,0,2,NA,Production,EPT-32,llevar,Intensional,Intensional subjunctive,DOM,0,0,0,1,NA,IND,418316,301022,13841181,173259.9,1.542753636,0.7606550639532595,1.765593273375958,NA,1.2631241686646089,-1.0022585674698747,11,-0.9644918821381884,-0.0971907829471,0.09868148601829071,11,-0.03792619373233095,NA,1.295831508338228,Subjunctive,0
H5B18,DLBE-5,GBCS,5,5,9,2,2,2 SPA/0 ENG,Monolingual,NA,9,2,NA,0,2,NA,Production,EPT-38,amar,Intensional,Intensional subjunctive,DOM,0,0,0,1,NA,IND,60260,28864,1318934,-67512.13,-0.601146551,-0.7558751292784892,-0.8220498021287957,NA,-0.7889624657036425,-1.0022585674698747,11,-0.9644918821381884,-0.0971907829471,0.09868148601829071,11,-0.03792619373233095,NA,1.295831508338228,Subjunctive,0
H5B18,DLBE-5,GBCS,5,5,9,2,2,2 SPA/0 ENG,Monolingual,NA,9,2,NA,0,2,NA,Production,EPT-42,cuidar,Intensional,Intensional subjunctive,DOM,0,0,0,1,NA,IND,208160,26928,1534607,-100844.1,-0.897943857,-0.12945128613949522,-0.8404570398149089,NA,-0.48495416297720206,-1.0022585674698747,11,-0.9644918821381884,-0.0971907829471,0.09868148601829071,11,-0.03792619373233095,NA,1.295831508338228,Subjunctive,0
H5B19,DLBE-5,GBCS,5,5,12,2,1,2 SPA/1 ENG,Bilingual,NA,13,4,NA,0,2,NA,Production,EPT-02,llamar,Intensional,Intensional subjunctive,DOM,1,1,1,1,NA,SUBJ,303936,207733,8248273,79960.88,0.711993649,0.2762036834377887,0.8786135231177882,NA,0.5774086032777884,-0.5147363628123016,14,-0.5720607269787824,1.1338924677161597,1.3486469755833148,17,1.403269168096269,NA,0.1234125246036397,Subjunctive,1
H5B19,DLBE-5,GBCS,5,5,12,2,1,2 SPA/1 ENG,Bilingual,NA,13,4,NA,0,2,NA,Production,EPT-08,peinar,Intensional,Intensional subjunctive,DOM,1,1,1,1,NA,IND,6151,3173,91504,-124599.1,-1.109464919,-0.9850513816679946,-1.0663165084273158,NA,-1.0256839450476551,-0.5147363628123016,14,-0.5720607269787824,1.1338924677161597,1.3486469755833148,17,1.403269168096269,NA,0.1234125246036397,Subjunctive,1
H5B19,DLBE-5,GBCS,5,5,12,2,1,2 SPA/1 ENG,Bilingual,NA,13,4,NA,0,2,NA,Production,EPT-14,pintar,Intensional,Intensional subjunctive,DOM,1,1,NA,1,NA,SUBJ,45606,22466,893704,-105306.1,-0.937674734,-0.8179414916676632,-0.8828811589034613,NA,-0.8504113252855623,-0.5147363628123016,14,-0.5720607269787824,1.1338924677161597,1.3486469755833148,17,1.403269168096269,NA,0.1234125246036397,Subjunctive,NA
H5B19,DLBE-5,GBCS,5,5,12,2,1,2 SPA/1 ENG,Bilingual,NA,13,4,NA,0,2,NA,Production,EPT-20,tratar,Intensional,Intensional subjunctive,DOM,1,1,1,1,NA,SUBJ,590952,203027,9516595,75254.88,0.670090129,1.4918471301070348,0.8338694835770605,NA,1.1628583068420475,-0.5147363628123016,14,-0.5720607269787824,1.1338924677161597,1.3486469755833148,17,1.403269168096269,NA,0.1234125246036397,Subjunctive,1
H5B19,DLBE-5,GBCS,5,5,12,2,1,2 SPA/1 ENG,Bilingual,NA,13,4,NA,0,2,NA,Production,EPT-26,mirar,Intensional,Intensional subjunctive,DOM,1,1,1,1,NA,SUBJ,186441,197558,3683993,69785.88,0.621392647,-0.22144114042709367,0.7818709386879318,NA,0.2802148991304191,-0.5147363628123016,14,-0.5720607269787824,1.1338924677161597,1.3486469755833148,17,1.403269168096269,NA,0.1234125246036397,Subjunctive,1
H5B19,DLBE-5,GBCS,5,5,12,2,1,2 SPA/1 ENG,Bilingual,NA,13,4,NA,0,2,NA,Production,EPT-32,llevar,Intensional,Intensional subjunctive,DOM,1,1,1,1,NA,SUBJ,418316,301022,13841181,173259.9,1.542753636,0.7606550639532595,1.765593273375958,NA,1.2631241686646089,-0.5147363628123016,14,-0.5720607269787824,1.1338924677161597,1.3486469755833148,17,1.403269168096269,NA,0.1234125246036397,Subjunctive,1
H5B19,DLBE-5,GBCS,5,5,12,2,1,2 SPA/1 ENG,Bilingual,NA,13,4,NA,0,2,NA,Production,EPT-38,amar,Intensional,Intensional subjunctive,DOM,NA,NA,1,1,NA,IND,60260,28864,1318934,-67512.13,-0.601146551,-0.7558751292784892,-0.8220498021287957,NA,-0.7889624657036425,-0.5147363628123016,14,-0.5720607269787824,1.1338924677161597,1.3486469755833148,17,1.403269168096269,NA,0.1234125246036397,Subjunctive,1
H5B19,DLBE-5,GBCS,5,5,12,2,1,2 SPA/1 ENG,Bilingual,NA,13,4,NA,0,2,NA,Production,EPT-42,cuidar,Intensional,Intensional subjunctive,DOM,1,1,1,1,NA,SUBJ,208160,26928,1534607,-100844.1,-0.897943857,-0.12945128613949522,-0.8404570398149089,NA,-0.48495416297720206,-0.5147363628123016,14,-0.5720607269787824,1.1338924677161597,1.3486469755833148,17,1.403269168096269,NA,0.1234125246036397,Subjunctive,1
H5B20,DLBE-5,GBCS,5,5,20,5,0,2 SPA/2 ENG,Bilingual,NA,7,2,NA,0,2,NA,Production,EPT-02,llamar,Intensional,Intensional subjunctive,DOM,NA,NA,NA,NA,NA,NA,303936,207733,8248273,79960.88,0.711993649,0.2762036834377887,0.8786135231177882,NA,0.5774086032777884,0.7853228496078932,25,0.8668535086057054,-0.7127324082787297,0.09868148601829071,9,-0.5183246476751976,NA,-1.0490064591309487,Subjunctive,NA
H5B20,DLBE-5,GBCS,5,5,20,5,0,2 SPA/2 ENG,Bilingual,NA,7,2,NA,0,2,NA,Production,EPT-08,peinar,Intensional,Intensional subjunctive,DOM,1,1,1,1,NA,SUBJ,6151,3173,91504,-124599.1,-1.109464919,-0.9850513816679946,-1.0663165084273158,NA,-1.0256839450476551,0.7853228496078932,25,0.8668535086057054,-0.7127324082787297,0.09868148601829071,9,-0.5183246476751976,NA,-1.0490064591309487,Subjunctive,1
H5B20,DLBE-5,GBCS,5,5,20,5,0,2 SPA/2 ENG,Bilingual,NA,7,2,NA,0,2,NA,Production,EPT-14,pintar,Intensional,Intensional subjunctive,DOM,1,1,0,1,NA,SUBJ,45606,22466,893704,-105306.1,-0.937674734,-0.8179414916676632,-0.8828811589034613,NA,-0.8504113252855623,0.7853228496078932,25,0.8668535086057054,-0.7127324082787297,0.09868148601829071,9,-0.5183246476751976,NA,-1.0490064591309487,Subjunctive,0
H5B20,DLBE-5,GBCS,5,5,20,5,0,2 SPA/2 ENG,Bilingual,NA,7,2,NA,0,2,NA,Production,EPT-20,tratar,Intensional,Intensional subjunctive,DOM,0,0,0,1,NA,IND,590952,203027,9516595,75254.88,0.670090129,1.4918471301070348,0.8338694835770605,NA,1.1628583068420475,0.7853228496078932,25,0.8668535086057054,-0.7127324082787297,0.09868148601829071,9,-0.5183246476751976,NA,-1.0490064591309487,Subjunctive,0
H5B20,DLBE-5,GBCS,5,5,20,5,0,2 SPA/2 ENG,Bilingual,NA,7,2,NA,0,2,NA,Production,EPT-26,mirar,Intensional,Intensional subjunctive,DOM,NA,NA,NA,NA,NA,NA,186441,197558,3683993,69785.88,0.621392647,-0.22144114042709367,0.7818709386879318,NA,0.2802148991304191,0.7853228496078932,25,0.8668535086057054,-0.7127324082787297,0.09868148601829071,9,-0.5183246476751976,NA,-1.0490064591309487,Subjunctive,NA
H5B20,DLBE-5,GBCS,5,5,20,5,0,2 SPA/2 ENG,Bilingual,NA,7,2,NA,0,2,NA,Production,EPT-32,llevar,Intensional,Intensional subjunctive,DOM,1,1,1,1,NA,SUBJ,418316,301022,13841181,173259.9,1.542753636,0.7606550639532595,1.765593273375958,NA,1.2631241686646089,0.7853228496078932,25,0.8668535086057054,-0.7127324082787297,0.09868148601829071,9,-0.5183246476751976,NA,-1.0490064591309487,Subjunctive,1
H5B20,DLBE-5,GBCS,5,5,20,5,0,2 SPA/2 ENG,Bilingual,NA,7,2,NA,0,2,NA,Production,EPT-38,amar,Intensional,Intensional subjunctive,DOM,1,1,1,1,NA,SUBJ,60260,28864,1318934,-67512.13,-0.601146551,-0.7558751292784892,-0.8220498021287957,NA,-0.7889624657036425,0.7853228496078932,25,0.8668535086057054,-0.7127324082787297,0.09868148601829071,9,-0.5183246476751976,NA,-1.0490064591309487,Subjunctive,1
H5B20,DLBE-5,GBCS,5,5,20,5,0,2 SPA/2 ENG,Bilingual,NA,7,2,NA,0,2,NA,Production,EPT-42,cuidar,Intensional,Intensional subjunctive,DOM,0,NA,1,NA,NA,INF,208160,26928,1534607,-100844.1,-0.897943857,-0.12945128613949522,-0.8404570398149089,NA,-0.48495416297720206,0.7853228496078932,25,0.8668535086057054,-0.7127324082787297,0.09868148601829071,9,-0.5183246476751976,NA,-1.0490064591309487,Subjunctive,1
H5B21,DLBE-5,GBCS,5,5,19,5,1,2 SPA/1 ENG,Bilingual,NA,7,1,NA,0,2,NA,Production,EPT-02,llamar,Intensional,Intensional subjunctive,DOM,0,0,0,1,NA,IND,303936,207733,8248273,79960.88,0.711993649,0.2762036834377887,0.8786135231177882,NA,0.5774086032777884,0.6228154480553688,24,0.7360431235525702,-0.7127324082787297,-0.5263012587642213,8,-0.758523874646631,NA,0.1234125246036397,Subjunctive,0
H5B21,DLBE-5,GBCS,5,5,19,5,1,2 SPA/1 ENG,Bilingual,NA,7,1,NA,0,2,NA,Production,EPT-08,peinar,Intensional,Intensional subjunctive,DOM,NA,NA,0,NA,NA,IND,6151,3173,91504,-124599.1,-1.109464919,-0.9850513816679946,-1.0663165084273158,NA,-1.0256839450476551,0.6228154480553688,24,0.7360431235525702,-0.7127324082787297,-0.5263012587642213,8,-0.758523874646631,NA,0.1234125246036397,Subjunctive,0
H5B21,DLBE-5,GBCS,5,5,19,5,1,2 SPA/1 ENG,Bilingual,NA,7,1,NA,0,2,NA,Production,EPT-14,pintar,Intensional,Intensional subjunctive,DOM,1,1,0,0,NA,IND,45606,22466,893704,-105306.1,-0.937674734,-0.8179414916676632,-0.8828811589034613,NA,-0.8504113252855623,0.6228154480553688,24,0.7360431235525702,-0.7127324082787297,-0.5263012587642213,8,-0.758523874646631,NA,0.1234125246036397,Subjunctive,0
H5B21,DLBE-5,GBCS,5,5,19,5,1,2 SPA/1 ENG,Bilingual,NA,7,1,NA,0,2,NA,Production,EPT-20,tratar,Intensional,Intensional subjunctive,DOM,0,0,0,0,NA,IND,590952,203027,9516595,75254.88,0.670090129,1.4918471301070348,0.8338694835770605,NA,1.1628583068420475,0.6228154480553688,24,0.7360431235525702,-0.7127324082787297,-0.5263012587642213,8,-0.758523874646631,NA,0.1234125246036397,Subjunctive,0
H5B21,DLBE-5,GBCS,5,5,19,5,1,2 SPA/1 ENG,Bilingual,NA,7,1,NA,0,2,NA,Production,EPT-26,mirar,Intensional,Intensional subjunctive,DOM,0,0,0,0,NA,IND,186441,197558,3683993,69785.88,0.621392647,-0.22144114042709367,0.7818709386879318,NA,0.2802148991304191,0.6228154480553688,24,0.7360431235525702,-0.7127324082787297,-0.5263012587642213,8,-0.758523874646631,NA,0.1234125246036397,Subjunctive,0
H5B21,DLBE-5,GBCS,5,5,19,5,1,2 SPA/1 ENG,Bilingual,NA,7,1,NA,0,2,NA,Production,EPT-32,llevar,Intensional,Intensional subjunctive,DOM,0,0,0,0,NA,IND,418316,301022,13841181,173259.9,1.542753636,0.7606550639532595,1.765593273375958,NA,1.2631241686646089,0.6228154480553688,24,0.7360431235525702,-0.7127324082787297,-0.5263012587642213,8,-0.758523874646631,NA,0.1234125246036397,Subjunctive,0
H5B21,DLBE-5,GBCS,5,5,19,5,1,2 SPA/1 ENG,Bilingual,NA,7,1,NA,0,2,NA,Production,EPT-38,amar,Intensional,Intensional subjunctive,DOM,0,0,0,0,NA,IND,60260,28864,1318934,-67512.13,-0.601146551,-0.7558751292784892,-0.8220498021287957,NA,-0.7889624657036425,0.6228154480553688,24,0.7360431235525702,-0.7127324082787297,-0.5263012587642213,8,-0.758523874646631,NA,0.1234125246036397,Subjunctive,0
H5B21,DLBE-5,GBCS,5,5,19,5,1,2 SPA/1 ENG,Bilingual,NA,7,1,NA,0,2,NA,Production,EPT-42,cuidar,Intensional,Intensional subjunctive,DOM,0,0,0,0,NA,IND,208160,26928,1534607,-100844.1,-0.897943857,-0.12945128613949522,-0.8404570398149089,NA,-0.48495416297720206,0.6228154480553688,24,0.7360431235525702,-0.7127324082787297,-0.5263012587642213,8,-0.758523874646631,NA,0.1234125246036397,Subjunctive,0
H5B22,DLBE-5,GBCS,5,5,5,0,0,2 SPA/2 ENG,Bilingual,NA,10,0,NA,0,2,NA,Production,EPT-02,llamar,Intensional,Intensional subjunctive,DOM,0,NA,0,1,NA,PER FUT,303936,207733,8248273,79960.88,0.711993649,0.2762036834377887,0.8786135231177882,NA,0.5774086032777884,-1.6522881736799722,5,-1.7493541924569995,0.21058002971871487,-1.151284003546733,10,-0.2781254207037643,NA,-1.0490064591309487,Subjunctive,0
H5B22,DLBE-5,GBCS,5,5,5,0,0,2 SPA/2 ENG,Bilingual,NA,10,0,NA,0,2,NA,Production,EPT-08,peinar,Intensional,Intensional subjunctive,DOM,0,NA,1,1,NA,PER FUT,6151,3173,91504,-124599.1,-1.109464919,-0.9850513816679946,-1.0663165084273158,NA,-1.0256839450476551,-1.6522881736799722,5,-1.7493541924569995,0.21058002971871487,-1.151284003546733,10,-0.2781254207037643,NA,-1.0490064591309487,Subjunctive,1
H5B22,DLBE-5,GBCS,5,5,5,0,0,2 SPA/2 ENG,Bilingual,NA,10,0,NA,0,2,NA,Production,EPT-14,pintar,Intensional,Intensional subjunctive,DOM,0,NA,0,1,NA,PER FUT,45606,22466,893704,-105306.1,-0.937674734,-0.8179414916676632,-0.8828811589034613,NA,-0.8504113252855623,-1.6522881736799722,5,-1.7493541924569995,0.21058002971871487,-1.151284003546733,10,-0.2781254207037643,NA,-1.0490064591309487,Subjunctive,0
H5B22,DLBE-5,GBCS,5,5,5,0,0,2 SPA/2 ENG,Bilingual,NA,10,0,NA,0,2,NA,Production,EPT-20,tratar,Intensional,Intensional subjunctive,DOM,0,NA,0,1,NA,PER FUT,590952,203027,9516595,75254.88,0.670090129,1.4918471301070348,0.8338694835770605,NA,1.1628583068420475,-1.6522881736799722,5,-1.7493541924569995,0.21058002971871487,-1.151284003546733,10,-0.2781254207037643,NA,-1.0490064591309487,Subjunctive,0
H5B22,DLBE-5,GBCS,5,5,5,0,0,2 SPA/2 ENG,Bilingual,NA,10,0,NA,0,2,NA,Production,EPT-26,mirar,Intensional,Intensional subjunctive,DOM,0,NA,0,1,NA,PER FUT,186441,197558,3683993,69785.88,0.621392647,-0.22144114042709367,0.7818709386879318,NA,0.2802148991304191,-1.6522881736799722,5,-1.7493541924569995,0.21058002971871487,-1.151284003546733,10,-0.2781254207037643,NA,-1.0490064591309487,Subjunctive,0
H5B22,DLBE-5,GBCS,5,5,5,0,0,2 SPA/2 ENG,Bilingual,NA,10,0,NA,0,2,NA,Production,EPT-32,llevar,Intensional,Intensional subjunctive,DOM,0,NA,0,1,NA,PER FUT,418316,301022,13841181,173259.9,1.542753636,0.7606550639532595,1.765593273375958,NA,1.2631241686646089,-1.6522881736799722,5,-1.7493541924569995,0.21058002971871487,-1.151284003546733,10,-0.2781254207037643,NA,-1.0490064591309487,Subjunctive,0
H5B22,DLBE-5,GBCS,5,5,5,0,0,2 SPA/2 ENG,Bilingual,NA,10,0,NA,0,2,NA,Production,EPT-38,amar,Intensional,Intensional subjunctive,DOM,0,NA,1,1,NA,PER FUT,60260,28864,1318934,-67512.13,-0.601146551,-0.7558751292784892,-0.8220498021287957,NA,-0.7889624657036425,-1.6522881736799722,5,-1.7493541924569995,0.21058002971871487,-1.151284003546733,10,-0.2781254207037643,NA,-1.0490064591309487,Subjunctive,1
H5B22,DLBE-5,GBCS,5,5,5,0,0,2 SPA/2 ENG,Bilingual,NA,10,0,NA,0,2,NA,Production,EPT-42,cuidar,Intensional,Intensional subjunctive,DOM,0,NA,0,1,NA,PER FUT,208160,26928,1534607,-100844.1,-0.897943857,-0.12945128613949522,-0.8404570398149089,NA,-0.48495416297720206,-1.6522881736799722,5,-1.7493541924569995,0.21058002971871487,-1.151284003546733,10,-0.2781254207037643,NA,-1.0490064591309487,Subjunctive,0
H5B23,DLBE-5,GBCS,5,5,5,0,0,2 SPA/2 ENG,Bilingual,NA,10,0,NA,0,2,NA,Production,EPT-02,llamar,Intensional,Intensional subjunctive,DOM,0,0,0,0,NA,IND,303936,207733,8248273,79960.88,0.711993649,0.2762036834377887,0.8786135231177882,NA,0.5774086032777884,-1.6522881736799722,5,-1.7493541924569995,0.21058002971871487,-1.151284003546733,10,-0.2781254207037643,NA,-1.0490064591309487,Subjunctive,0
H5B23,DLBE-5,GBCS,5,5,5,0,0,2 SPA/2 ENG,Bilingual,NA,10,0,NA,0,2,NA,Production,EPT-08,peinar,Intensional,Intensional subjunctive,DOM,0,0,0,0,NA,IND,6151,3173,91504,-124599.1,-1.109464919,-0.9850513816679946,-1.0663165084273158,NA,-1.0256839450476551,-1.6522881736799722,5,-1.7493541924569995,0.21058002971871487,-1.151284003546733,10,-0.2781254207037643,NA,-1.0490064591309487,Subjunctive,0
H5B23,DLBE-5,GBCS,5,5,5,0,0,2 SPA/2 ENG,Bilingual,NA,10,0,NA,0,2,NA,Production,EPT-14,pintar,Intensional,Intensional subjunctive,DOM,0,0,0,0,NA,IND,45606,22466,893704,-105306.1,-0.937674734,-0.8179414916676632,-0.8828811589034613,NA,-0.8504113252855623,-1.6522881736799722,5,-1.7493541924569995,0.21058002971871487,-1.151284003546733,10,-0.2781254207037643,NA,-1.0490064591309487,Subjunctive,0
H5B23,DLBE-5,GBCS,5,5,21,3,0,2 SPA/2 ENG,Bilingual,NA,10,0,NA,0,2,NA,Production,EPT-20,tratar,Intensional,Intensional subjunctive,DOM,0,0,0,0,NA,IND,590952,203027,9516595,75254.88,0.670090129,1.4918471301070348,0.8338694835770605,NA,1.1628583068420475,0.9478302511604176,24,0.7360431235525702,0.21058002971871487,-1.151284003546733,10,-0.2781254207037643,NA,-1.0490064591309487,Subjunctive,0
H5B23,DLBE-5,GBCS,5,5,21,3,0,2 SPA/2 ENG,Bilingual,NA,10,0,NA,0,2,NA,Production,EPT-26,mirar,Intensional,Intensional subjunctive,DOM,0,0,0,1,NA,IND,186441,197558,3683993,69785.88,0.621392647,-0.22144114042709367,0.7818709386879318,NA,0.2802148991304191,0.9478302511604176,24,0.7360431235525702,0.21058002971871487,-1.151284003546733,10,-0.2781254207037643,NA,-1.0490064591309487,Subjunctive,0
H5B23,DLBE-5,GBCS,5,5,21,3,0,2 SPA/2 ENG,Bilingual,NA,10,0,NA,0,2,NA,Production,EPT-32,llevar,Intensional,Intensional subjunctive,DOM,0,0,0,0,NA,IND,418316,301022,13841181,173259.9,1.542753636,0.7606550639532595,1.765593273375958,NA,1.2631241686646089,0.9478302511604176,24,0.7360431235525702,0.21058002971871487,-1.151284003546733,10,-0.2781254207037643,NA,-1.0490064591309487,Subjunctive,0
H5B23,DLBE-5,GBCS,5,5,21,3,0,2 SPA/2 ENG,Bilingual,NA,10,0,NA,0,2,NA,Production,EPT-38,amar,Intensional,Intensional subjunctive,DOM,0,0,0,0,NA,IND,60260,28864,1318934,-67512.13,-0.601146551,-0.7558751292784892,-0.8220498021287957,NA,-0.7889624657036425,0.9478302511604176,24,0.7360431235525702,0.21058002971871487,-1.151284003546733,10,-0.2781254207037643,NA,-1.0490064591309487,Subjunctive,0
H5B23,DLBE-5,GBCS,5,5,21,3,0,2 SPA/2 ENG,Bilingual,NA,10,0,NA,0,2,NA,Production,EPT-42,cuidar,Intensional,Intensional subjunctive,DOM,0,0,0,1,NA,IND,208160,26928,1534607,-100844.1,-0.897943857,-0.12945128613949522,-0.8404570398149089,NA,-0.48495416297720206,0.9478302511604176,24,0.7360431235525702,0.21058002971871487,-1.151284003546733,10,-0.2781254207037643,NA,-1.0490064591309487,Subjunctive,0
H5B24,DLBE-5,GBCS,5,5,14,4,1,2 SPA/1 ENG,Bilingual,NA,9,0,NA,0,2,NA,Production,EPT-02,llamar,Intensional,Intensional subjunctive,DOM,1,1,0,1,NA,SUBJ,303936,207733,8248273,79960.88,0.711993649,0.2762036834377887,0.8786135231177882,NA,0.5774086032777884,-0.1897215597072529,18,-0.0488191867662414,-0.0971907829471,-1.151284003546733,9,-0.5183246476751976,NA,0.1234125246036397,Subjunctive,0
H5B24,DLBE-5,GBCS,5,5,14,4,1,2 SPA/1 ENG,Bilingual,NA,9,0,NA,0,2,NA,Production,EPT-08,peinar,Intensional,Intensional subjunctive,DOM,0,0,0,1,NA,MISC,6151,3173,91504,-124599.1,-1.109464919,-0.9850513816679946,-1.0663165084273158,NA,-1.0256839450476551,-0.1897215597072529,18,-0.0488191867662414,-0.0971907829471,-1.151284003546733,9,-0.5183246476751976,NA,0.1234125246036397,Subjunctive,0
H5B24,DLBE-5,GBCS,5,5,14,4,1,2 SPA/1 ENG,Bilingual,NA,9,0,NA,0,2,NA,Production,EPT-14,pintar,Intensional,Intensional subjunctive,DOM,0,0,0,1,NA,IND,45606,22466,893704,-105306.1,-0.937674734,-0.8179414916676632,-0.8828811589034613,NA,-0.8504113252855623,-0.1897215597072529,18,-0.0488191867662414,-0.0971907829471,-1.151284003546733,9,-0.5183246476751976,NA,0.1234125246036397,Subjunctive,0
H5B24,DLBE-5,GBCS,5,5,14,4,1,2 SPA/1 ENG,Bilingual,NA,9,0,NA,0,2,NA,Production,EPT-20,tratar,Intensional,Intensional subjunctive,DOM,0,0,0,1,NA,IND,590952,203027,9516595,75254.88,0.670090129,1.4918471301070348,0.8338694835770605,NA,1.1628583068420475,-0.1897215597072529,18,-0.0488191867662414,-0.0971907829471,-1.151284003546733,9,-0.5183246476751976,NA,0.1234125246036397,Subjunctive,0
H5B24,DLBE-5,GBCS,5,5,14,4,1,2 SPA/1 ENG,Bilingual,NA,9,0,NA,0,2,NA,Production,EPT-26,mirar,Intensional,Intensional subjunctive,DOM,0,0,0,1,NA,IND,186441,197558,3683993,69785.88,0.621392647,-0.22144114042709367,0.7818709386879318,NA,0.2802148991304191,-0.1897215597072529,18,-0.0488191867662414,-0.0971907829471,-1.151284003546733,9,-0.5183246476751976,NA,0.1234125246036397,Subjunctive,0
H5B24,DLBE-5,GBCS,5,5,14,4,1,2 SPA/1 ENG,Bilingual,NA,9,0,NA,0,2,NA,Production,EPT-32,llevar,Intensional,Intensional subjunctive,DOM,0,0,0,1,NA,PRET,418316,301022,13841181,173259.9,1.542753636,0.7606550639532595,1.765593273375958,NA,1.2631241686646089,-0.1897215597072529,18,-0.0488191867662414,-0.0971907829471,-1.151284003546733,9,-0.5183246476751976,NA,0.1234125246036397,Subjunctive,0
H5B24,DLBE-5,GBCS,5,5,14,4,1,2 SPA/1 ENG,Bilingual,NA,9,0,NA,0,2,NA,Production,EPT-38,amar,Intensional,Intensional subjunctive,DOM,0,0,0,1,NA,IND,60260,28864,1318934,-67512.13,-0.601146551,-0.7558751292784892,-0.8220498021287957,NA,-0.7889624657036425,-0.1897215597072529,18,-0.0488191867662414,-0.0971907829471,-1.151284003546733,9,-0.5183246476751976,NA,0.1234125246036397,Subjunctive,0
H5B24,DLBE-5,GBCS,5,5,14,4,1,2 SPA/1 ENG,Bilingual,NA,9,0,NA,0,2,NA,Production,EPT-42,cuidar,Intensional,Intensional subjunctive,DOM,0,0,0,1,NA,IND,208160,26928,1534607,-100844.1,-0.897943857,-0.12945128613949522,-0.8404570398149089,NA,-0.48495416297720206,-0.1897215597072529,18,-0.0488191867662414,-0.0971907829471,-1.151284003546733,9,-0.5183246476751976,NA,0.1234125246036397,Subjunctive,0
H5B25,DLBE-5,GBCS,5,5,16,4,0,2 SPA/2 ENG,Bilingual,NA,6,2,NA,0,2,NA,Production,EPT-02,llamar,Intensional,Intensional subjunctive,DOM,1,NA,NA,1,NA,IMP SUBJ,303936,207733,8248273,79960.88,0.711993649,0.2762036834377887,0.8786135231177882,NA,0.5774086032777884,0.13529324339779578,20,0.21280158334002913,-1.0205032209445446,0.09868148601829071,8,-0.758523874646631,NA,-1.0490064591309487,Subjunctive,NA
H5B25,DLBE-5,GBCS,5,5,16,4,0,2 SPA/2 ENG,Bilingual,NA,6,2,NA,0,2,NA,Production,EPT-08,peinar,Intensional,Intensional subjunctive,DOM,0,0,0,1,NA,IND,6151,3173,91504,-124599.1,-1.109464919,-0.9850513816679946,-1.0663165084273158,NA,-1.0256839450476551,0.13529324339779578,20,0.21280158334002913,-1.0205032209445446,0.09868148601829071,8,-0.758523874646631,NA,-1.0490064591309487,Subjunctive,0
H5B25,DLBE-5,GBCS,5,5,16,4,0,2 SPA/2 ENG,Bilingual,NA,6,2,NA,0,2,NA,Production,EPT-14,pintar,Intensional,Intensional subjunctive,DOM,NA,NA,NA,1,NA,IND,45606,22466,893704,-105306.1,-0.937674734,-0.8179414916676632,-0.8828811589034613,NA,-0.8504113252855623,0.13529324339779578,20,0.21280158334002913,-1.0205032209445446,0.09868148601829071,8,-0.758523874646631,NA,-1.0490064591309487,Subjunctive,NA
H5B25,DLBE-5,GBCS,5,5,16,4,0,2 SPA/2 ENG,Bilingual,NA,6,2,NA,0,2,NA,Production,EPT-20,tratar,Intensional,Intensional subjunctive,DOM,NA,NA,0,1,NA,IND,590952,203027,9516595,75254.88,0.670090129,1.4918471301070348,0.8338694835770605,NA,1.1628583068420475,0.13529324339779578,20,0.21280158334002913,-1.0205032209445446,0.09868148601829071,8,-0.758523874646631,NA,-1.0490064591309487,Subjunctive,0
H5B25,DLBE-5,GBCS,5,5,16,4,0,2 SPA/2 ENG,Bilingual,NA,6,2,NA,0,2,NA,Production,EPT-26,mirar,Intensional,Intensional subjunctive,DOM,0,0,0,1,NA,IND,186441,197558,3683993,69785.88,0.621392647,-0.22144114042709367,0.7818709386879318,NA,0.2802148991304191,0.13529324339779578,20,0.21280158334002913,-1.0205032209445446,0.09868148601829071,8,-0.758523874646631,NA,-1.0490064591309487,Subjunctive,0
H5B25,DLBE-5,GBCS,5,5,16,4,0,2 SPA/2 ENG,Bilingual,NA,6,2,NA,0,2,NA,Production,EPT-32,llevar,Intensional,Intensional subjunctive,DOM,0,0,0,1,NA,IND,418316,301022,13841181,173259.9,1.542753636,0.7606550639532595,1.765593273375958,NA,1.2631241686646089,0.13529324339779578,20,0.21280158334002913,-1.0205032209445446,0.09868148601829071,8,-0.758523874646631,NA,-1.0490064591309487,Subjunctive,0
H5B25,DLBE-5,GBCS,5,5,16,4,0,2 SPA/2 ENG,Bilingual,NA,6,2,NA,0,2,NA,Production,EPT-38,amar,Intensional,Intensional subjunctive,DOM,1,1,0,1,NA,IND,60260,28864,1318934,-67512.13,-0.601146551,-0.7558751292784892,-0.8220498021287957,NA,-0.7889624657036425,0.13529324339779578,20,0.21280158334002913,-1.0205032209445446,0.09868148601829071,8,-0.758523874646631,NA,-1.0490064591309487,Subjunctive,0
H5B25,DLBE-5,GBCS,5,5,16,4,0,2 SPA/2 ENG,Bilingual,NA,6,2,NA,0,2,NA,Production,EPT-42,cuidar,Intensional,Intensional subjunctive,DOM,0,0,0,1,NA,IND,208160,26928,1534607,-100844.1,-0.897943857,-0.12945128613949522,-0.8404570398149089,NA,-0.48495416297720206,0.13529324339779578,20,0.21280158334002913,-1.0205032209445446,0.09868148601829071,8,-0.758523874646631,NA,-1.0490064591309487,Subjunctive,0
H5B01,DLBE-5,GBCS,5,5,22,4,2,2 SPA/0 ENG,Monolingual,NA,11,0,NA,0,2,NA,Production,EPT-12,amar,Intensional,Intensional indicative,DOM,1,1,1,1,NA,IND,60260,28864,1318934,NA,NA,-0.7558751292784892,-0.8220498021287957,NA,-0.7889624657036425,1.110337652712942,26,0.9976638936588408,0.5183508423845298,-1.151284003546733,11,-0.03792619373233095,NA,1.295831508338228,Indicative,1
H5B01,DLBE-5,GBCS,5,5,22,4,2,2 SPA/0 ENG,Monolingual,NA,11,0,NA,0,2,NA,Production,EPT-24,pintar,Intensional,Intensional indicative,DOM,1,1,1,1,NA,IND,45606,22466,893704,NA,NA,-0.8179414916676632,-0.8828811589034613,NA,-0.8504113252855623,1.110337652712942,26,0.9976638936588408,0.5183508423845298,-1.151284003546733,11,-0.03792619373233095,NA,1.295831508338228,Indicative,1
H5B02,DLBE-5,GBCS,5,5,20,5,0,2 SPA/2 ENG,Bilingual,NA,13,1,NA,0,2,NA,Production,EPT-12,amar,Intensional,Intensional indicative,DOM,1,1,1,1,NA,IND,60260,28864,1318934,NA,NA,-0.7558751292784892,-0.8220498021287957,NA,-0.7889624657036425,0.7853228496078932,25,0.8668535086057054,1.1338924677161597,-0.5263012587642213,14,0.682671487181969,NA,-1.0490064591309487,Indicative,1
H5B02,DLBE-5,GBCS,5,5,20,5,0,2 SPA/2 ENG,Bilingual,NA,13,1,NA,0,2,NA,Production,EPT-24,pintar,Intensional,Intensional indicative,DOM,1,1,0,1,NA,IND,45606,22466,893704,NA,NA,-0.8179414916676632,-0.8828811589034613,NA,-0.8504113252855623,0.7853228496078932,25,0.8668535086057054,1.1338924677161597,-0.5263012587642213,14,0.682671487181969,NA,-1.0490064591309487,Indicative,0
H5B03,DLBE-5,GBCS,5,5,6,3,1,2 SPA/1 ENG,Bilingual,NA,0,0,NA,0,2,NA,Production,EPT-12,amar,Intensional,Intensional indicative,DOM,1,1,0,1,NA,IND,60260,28864,1318934,NA,NA,-0.7558751292784892,-0.8220498021287957,NA,-0.7889624657036425,-1.489780772127448,9,-1.2261126522444588,-2.867128096939434,-1.151284003546733,0,-2.6801176904180974,NA,0.1234125246036397,Indicative,0
H5B03,DLBE-5,GBCS,5,5,6,3,1,2 SPA/1 ENG,Bilingual,NA,0,0,NA,0,2,NA,Production,EPT-24,pintar,Intensional,Intensional indicative,DOM,0,0,NA,1,NA,SUBJ,45606,22466,893704,NA,NA,-0.8179414916676632,-0.8828811589034613,NA,-0.8504113252855623,-1.489780772127448,9,-1.2261126522444588,-2.867128096939434,-1.151284003546733,0,-2.6801176904180974,NA,0.1234125246036397,Indicative,NA
H5B04,DLBE-5,GBCS,5,5,11,2,2,2 SPA/0 ENG,Monolingual,NA,8,4,NA,0,2,NA,Production,EPT-12,amar,Intensional,Intensional indicative,DOM,1,1,1,1,NA,IND,60260,28864,1318934,NA,NA,-0.7558751292784892,-0.8220498021287957,NA,-0.7889624657036425,-0.677243764364826,13,-0.7028711120319177,-0.4049615956129149,1.3486469755833148,12,0.20227303323910237,NA,1.295831508338228,Indicative,1
H5B04,DLBE-5,GBCS,5,5,11,2,2,2 SPA/0 ENG,Monolingual,NA,8,4,NA,0,2,NA,Production,EPT-24,pintar,Intensional,Intensional indicative,DOM,1,1,1,1,NA,IND,45606,22466,893704,NA,NA,-0.8179414916676632,-0.8828811589034613,NA,-0.8504113252855623,-0.677243764364826,13,-0.7028711120319177,-0.4049615956129149,1.3486469755833148,12,0.20227303323910237,NA,1.295831508338228,Indicative,1
H5B06,DLBE-5,GBCS,5,5,10,1,0,2 SPA/2 ENG,Bilingual,NA,12,4,NA,0,2,NA,Production,EPT-12,amar,Intensional,Intensional indicative,DOM,1,1,1,1,NA,IND,60260,28864,1318934,NA,NA,-0.7558751292784892,-0.8220498021287957,NA,-0.7889624657036425,-0.8397511659173504,11,-0.9644918821381884,0.8261216550503446,1.3486469755833148,16,1.1630699411248355,NA,-1.0490064591309487,Indicative,1
H5B06,DLBE-5,GBCS,5,5,10,1,0,2 SPA/2 ENG,Bilingual,NA,12,4,NA,0,2,NA,Production,EPT-24,pintar,Intensional,Intensional indicative,DOM,0,0,0,0,NA,SUBJ,45606,22466,893704,NA,NA,-0.8179414916676632,-0.8828811589034613,NA,-0.8504113252855623,-0.8397511659173504,11,-0.9644918821381884,0.8261216550503446,1.3486469755833148,16,1.1630699411248355,NA,-1.0490064591309487,Indicative,0
H5B07,DLBE-5,GBCS,5,5,22,4,2,2 SPA/0 ENG,Monolingual,NA,13,1,NA,0,2,NA,Production,EPT-12,amar,Intensional,Intensional indicative,DOM,1,NA,1,1,NA,IND,60260,28864,1318934,NA,NA,-0.7558751292784892,-0.8220498021287957,NA,-0.7889624657036425,1.110337652712942,26,0.9976638936588408,1.1338924677161597,-0.5263012587642213,14,0.682671487181969,NA,1.295831508338228,Indicative,1
H5B07,DLBE-5,GBCS,5,5,22,4,2,2 SPA/0 ENG,Monolingual,NA,13,1,NA,0,2,NA,Production,EPT-24,pintar,Intensional,Intensional indicative,DOM,1,1,0,1,NA,IND,45606,22466,893704,NA,NA,-0.8179414916676632,-0.8828811589034613,NA,-0.8504113252855623,1.110337652712942,26,0.9976638936588408,1.1338924677161597,-0.5263012587642213,14,0.682671487181969,NA,1.295831508338228,Indicative,0
H5B08,DLBE-5,GBCS,5,5,19,4,0,2 SPA/2 ENG,Bilingual,NA,6,1,NA,0,2,NA,Production,EPT-12,amar,Intensional,Intensional indicative,DOM,1,1,1,1,NA,IND,60260,28864,1318934,NA,NA,-0.7558751292784892,-0.8220498021287957,NA,-0.7889624657036425,0.6228154480553688,23,0.6052327384994349,-1.0205032209445446,-0.5263012587642213,7,-0.9987231016180642,NA,-1.0490064591309487,Indicative,1
H5B08,DLBE-5,GBCS,5,5,19,4,0,2 SPA/2 ENG,Bilingual,NA,6,1,NA,0,2,NA,Production,EPT-24,pintar,Intensional,Intensional indicative,DOM,1,1,1,1,NA,IND,45606,22466,893704,NA,NA,-0.8179414916676632,-0.8828811589034613,NA,-0.8504113252855623,0.6228154480553688,23,0.6052327384994349,-1.0205032209445446,-0.5263012587642213,7,-0.9987231016180642,NA,-1.0490064591309487,Indicative,1
H5B10,DLBE-5,GBCS,5,5,5,0,1,2 SPA/1 ENG,Bilingual,NA,7,1,NA,0,2,NA,Production,EPT-12,amar,Intensional,Intensional indicative,DOM,1,1,1,1,NA,IND,60260,28864,1318934,NA,NA,-0.7558751292784892,-0.8220498021287957,NA,-0.7889624657036425,-1.6522881736799722,5,-1.7493541924569995,-0.7127324082787297,-0.5263012587642213,8,-0.758523874646631,NA,0.1234125246036397,Indicative,1
H5B10,DLBE-5,GBCS,5,5,5,0,1,2 SPA/1 ENG,Bilingual,NA,7,1,NA,0,2,NA,Production,EPT-24,pintar,Intensional,Intensional indicative,DOM,1,1,0,0,NA,FUTURE,45606,22466,893704,NA,NA,-0.8179414916676632,-0.8828811589034613,NA,-0.8504113252855623,-1.6522881736799722,5,-1.7493541924569995,-0.7127324082787297,-0.5263012587642213,8,-0.758523874646631,NA,0.1234125246036397,Indicative,0
H5B13,DLBE-5,GBCS,5,5,22,4,2,2 SPA/0 ENG,Monolingual,NA,12,4,NA,0,2,NA,Production,EPT-12,amar,Intensional,Intensional indicative,DOM,1,1,NA,1,NA,IND,60260,28864,1318934,NA,NA,-0.7558751292784892,-0.8220498021287957,NA,-0.7889624657036425,1.110337652712942,26,0.9976638936588408,0.8261216550503446,1.3486469755833148,16,1.1630699411248355,NA,1.295831508338228,Indicative,NA
H5B13,DLBE-5,GBCS,5,5,22,4,2,2 SPA/0 ENG,Monolingual,NA,12,4,NA,0,2,NA,Production,EPT-24,pintar,Intensional,Intensional indicative,DOM,1,1,NA,1,NA,IND,45606,22466,893704,NA,NA,-0.8179414916676632,-0.8828811589034613,NA,-0.8504113252855623,1.110337652712942,26,0.9976638936588408,0.8261216550503446,1.3486469755833148,16,1.1630699411248355,NA,1.295831508338228,Indicative,NA
H5B16,DLBE-5,GBCS,5,5,21,5,2,2 SPA/0 ENG,Monolingual,NA,12,4,NA,0,2,NA,Production,EPT-12,amar,Intensional,Intensional indicative,DOM,1,1,1,1,NA,IND,60260,28864,1318934,NA,NA,-0.7558751292784892,-0.8220498021287957,NA,-0.7889624657036425,0.9478302511604176,26,0.9976638936588408,0.8261216550503446,1.3486469755833148,16,1.1630699411248355,NA,1.295831508338228,Indicative,1
H5B16,DLBE-5,GBCS,5,5,21,5,2,2 SPA/0 ENG,Monolingual,NA,12,4,NA,0,2,NA,Production,EPT-24,pintar,Intensional,Intensional indicative,DOM,1,1,1,1,NA,IND,45606,22466,893704,NA,NA,-0.8179414916676632,-0.8828811589034613,NA,-0.8504113252855623,0.9478302511604176,26,0.9976638936588408,0.8261216550503446,1.3486469755833148,16,1.1630699411248355,NA,1.295831508338228,Indicative,1
H5B17,DLBE-5,GBCS,5,5,20,5,0,2 SPA/2 ENG,Bilingual,NA,12,4,NA,0,2,NA,Production,EPT-12,amar,Intensional,Intensional indicative,DOM,1,1,0,1,NA,IND,60260,28864,1318934,NA,NA,-0.7558751292784892,-0.8220498021287957,NA,-0.7889624657036425,0.7853228496078932,25,0.8668535086057054,0.8261216550503446,1.3486469755833148,16,1.1630699411248355,NA,-1.0490064591309487,Indicative,0
H5B17,DLBE-5,GBCS,5,5,20,5,0,2 SPA/2 ENG,Bilingual,NA,12,4,NA,0,2,NA,Production,EPT-24,pintar,Intensional,Intensional indicative,DOM,1,1,0,0,NA,PRET,45606,22466,893704,NA,NA,-0.8179414916676632,-0.8828811589034613,NA,-0.8504113252855623,0.7853228496078932,25,0.8668535086057054,0.8261216550503446,1.3486469755833148,16,1.1630699411248355,NA,-1.0490064591309487,Indicative,0
H5B18,DLBE-5,GBCS,5,5,9,2,2,2 SPA/0 ENG,Monolingual,NA,9,2,NA,0,2,NA,Production,EPT-12,amar,Intensional,Intensional indicative,DOM,1,1,1,1,NA,IND,60260,28864,1318934,NA,NA,-0.7558751292784892,-0.8220498021287957,NA,-0.7889624657036425,-1.0022585674698747,11,-0.9644918821381884,-0.0971907829471,0.09868148601829071,11,-0.03792619373233095,NA,1.295831508338228,Indicative,1
H5B18,DLBE-5,GBCS,5,5,9,2,2,2 SPA/0 ENG,Monolingual,NA,9,2,NA,0,2,NA,Production,EPT-24,pintar,Intensional,Intensional indicative,DOM,1,1,0,0,NA,IND MODAL,45606,22466,893704,NA,NA,-0.8179414916676632,-0.8828811589034613,NA,-0.8504113252855623,-1.0022585674698747,11,-0.9644918821381884,-0.0971907829471,0.09868148601829071,11,-0.03792619373233095,NA,1.295831508338228,Indicative,0
H5B19,DLBE-5,GBCS,5,5,12,2,1,2 SPA/1 ENG,Bilingual,NA,13,4,NA,0,2,NA,Production,EPT-12,amar,Intensional,Intensional indicative,DOM,1,1,1,1,NA,IND,60260,28864,1318934,NA,NA,-0.7558751292784892,-0.8220498021287957,NA,-0.7889624657036425,-0.5147363628123016,14,-0.5720607269787824,1.1338924677161597,1.3486469755833148,17,1.403269168096269,NA,0.1234125246036397,Indicative,1
H5B19,DLBE-5,GBCS,5,5,12,2,1,2 SPA/1 ENG,Bilingual,NA,13,4,NA,0,2,NA,Production,EPT-24,pintar,Intensional,Intensional indicative,DOM,1,1,0,1,NA,IND,45606,22466,893704,NA,NA,-0.8179414916676632,-0.8828811589034613,NA,-0.8504113252855623,-0.5147363628123016,14,-0.5720607269787824,1.1338924677161597,1.3486469755833148,17,1.403269168096269,NA,0.1234125246036397,Indicative,0
H5B20,DLBE-5,GBCS,5,5,20,5,0,2 SPA/2 ENG,Bilingual,NA,7,2,NA,0,2,NA,Production,EPT-12,amar,Intensional,Intensional indicative,DOM,NA,NA,NA,NA,NA,NA,60260,28864,1318934,NA,NA,-0.7558751292784892,-0.8220498021287957,NA,-0.7889624657036425,0.7853228496078932,25,0.8668535086057054,-0.7127324082787297,0.09868148601829071,9,-0.5183246476751976,NA,-1.0490064591309487,Indicative,NA
H5B20,DLBE-5,GBCS,5,5,20,5,0,2 SPA/2 ENG,Bilingual,NA,7,2,NA,0,2,NA,Production,EPT-24,pintar,Intensional,Intensional indicative,DOM,1,1,0,1,NA,IND,45606,22466,893704,NA,NA,-0.8179414916676632,-0.8828811589034613,NA,-0.8504113252855623,0.7853228496078932,25,0.8668535086057054,-0.7127324082787297,0.09868148601829071,9,-0.5183246476751976,NA,-1.0490064591309487,Indicative,0
H5B21,DLBE-5,GBCS,5,5,19,5,1,2 SPA/1 ENG,Bilingual,NA,7,1,NA,0,2,NA,Production,EPT-12,amar,Intensional,Intensional indicative,DOM,1,1,0,0,NA,IND,60260,28864,1318934,NA,NA,-0.7558751292784892,-0.8220498021287957,NA,-0.7889624657036425,0.6228154480553688,24,0.7360431235525702,-0.7127324082787297,-0.5263012587642213,8,-0.758523874646631,NA,0.1234125246036397,Indicative,0
H5B21,DLBE-5,GBCS,5,5,19,5,1,2 SPA/1 ENG,Bilingual,NA,7,1,NA,0,2,NA,Production,EPT-24,pintar,Intensional,Intensional indicative,DOM,0,0,0,0,NA,IND,45606,22466,893704,NA,NA,-0.8179414916676632,-0.8828811589034613,NA,-0.8504113252855623,0.6228154480553688,24,0.7360431235525702,-0.7127324082787297,-0.5263012587642213,8,-0.758523874646631,NA,0.1234125246036397,Indicative,0
H5B22,DLBE-5,GBCS,5,5,5,0,0,2 SPA/2 ENG,Bilingual,NA,10,0,NA,0,2,NA,Production,EPT-12,amar,Intensional,Intensional indicative,DOM,1,NA,1,1,NA,PER FUT,60260,28864,1318934,NA,NA,-0.7558751292784892,-0.8220498021287957,NA,-0.7889624657036425,-1.6522881736799722,5,-1.7493541924569995,0.21058002971871487,-1.151284003546733,10,-0.2781254207037643,NA,-1.0490064591309487,Indicative,1
H5B22,DLBE-5,GBCS,5,5,5,0,0,2 SPA/2 ENG,Bilingual,NA,10,0,NA,0,2,NA,Production,EPT-24,pintar,Intensional,Intensional indicative,DOM,1,NA,0,1,NA,PER FUT,45606,22466,893704,NA,NA,-0.8179414916676632,-0.8828811589034613,NA,-0.8504113252855623,-1.6522881736799722,5,-1.7493541924569995,0.21058002971871487,-1.151284003546733,10,-0.2781254207037643,NA,-1.0490064591309487,Indicative,0
H5B23,DLBE-5,GBCS,5,5,5,0,0,2 SPA/2 ENG,Bilingual,NA,10,0,NA,0,2,NA,Production,EPT-12,amar,Intensional,Intensional indicative,DOM,1,1,0,1,NA,IND,60260,28864,1318934,NA,NA,-0.7558751292784892,-0.8220498021287957,NA,-0.7889624657036425,-1.6522881736799722,5,-1.7493541924569995,0.21058002971871487,-1.151284003546733,10,-0.2781254207037643,NA,-1.0490064591309487,Indicative,0
H5B23,DLBE-5,GBCS,5,5,21,3,0,2 SPA/2 ENG,Bilingual,NA,10,0,NA,0,2,NA,Production,EPT-24,pintar,Intensional,Intensional indicative,DOM,1,1,0,0,NA,IND,45606,22466,893704,NA,NA,-0.8179414916676632,-0.8828811589034613,NA,-0.8504113252855623,0.9478302511604176,24,0.7360431235525702,0.21058002971871487,-1.151284003546733,10,-0.2781254207037643,NA,-1.0490064591309487,Indicative,0
H5B24,DLBE-5,GBCS,5,5,14,4,1,2 SPA/1 ENG,Bilingual,NA,9,0,NA,0,2,NA,Production,EPT-12,amar,Intensional,Intensional indicative,DOM,0,0,0,1,NA,SUBJ,60260,28864,1318934,NA,NA,-0.7558751292784892,-0.8220498021287957,NA,-0.7889624657036425,-0.1897215597072529,18,-0.0488191867662414,-0.0971907829471,-1.151284003546733,9,-0.5183246476751976,NA,0.1234125246036397,Indicative,0
H5B24,DLBE-5,GBCS,5,5,14,4,1,2 SPA/1 ENG,Bilingual,NA,9,0,NA,0,2,NA,Production,EPT-24,pintar,Intensional,Intensional indicative,DOM,0,0,0,1,NA,IND,45606,22466,893704,NA,NA,-0.8179414916676632,-0.8828811589034613,NA,-0.8504113252855623,-0.1897215597072529,18,-0.0488191867662414,-0.0971907829471,-1.151284003546733,9,-0.5183246476751976,NA,0.1234125246036397,Indicative,0
H5B25,DLBE-5,GBCS,5,5,16,4,0,2 SPA/2 ENG,Bilingual,NA,6,2,NA,0,2,NA,Production,EPT-12,amar,Intensional,Intensional indicative,DOM,1,1,1,1,NA,IND,60260,28864,1318934,NA,NA,-0.7558751292784892,-0.8220498021287957,NA,-0.7889624657036425,0.13529324339779578,20,0.21280158334002913,-1.0205032209445446,0.09868148601829071,8,-0.758523874646631,NA,-1.0490064591309487,Indicative,1
H5B25,DLBE-5,GBCS,5,5,16,4,0,2 SPA/2 ENG,Bilingual,NA,6,2,NA,0,2,NA,Production,EPT-24,pintar,Intensional,Intensional indicative,DOM,1,1,0,1,NA,IND,45606,22466,893704,NA,NA,-0.8179414916676632,-0.8828811589034613,NA,-0.8504113252855623,0.13529324339779578,20,0.21280158334002913,-1.0205032209445446,0.09868148601829071,8,-0.758523874646631,NA,-1.0490064591309487,Indicative,0
H5M01,MLS-5,RBMS,5,5,10,2,2,2 SPA/0 ENG,Monolingual,NA,14,4,NA,0,2,NA,Production,EPT-02,llamar,Intensional,Intensional subjunctive,DOM,0,0,0,1,NA,IND,303936,207733,8248273,79960.88,0.711993649,0.2762036834377887,0.8786135231177882,NA,0.5774086032777884,-1.104679952642258,12,-0.9780005439750618,2.1613629229438645,1.6885393813509335,18,2.4901213971199487,NA,1.2341509131501367,Subjunctive,0
H5M01,MLS-5,RBMS,5,5,10,2,2,2 SPA/0 ENG,Monolingual,NA,14,4,NA,0,2,NA,Production,EPT-08,peinar,Intensional,Intensional subjunctive,DOM,0,0,0,NA,NA,INF,6151,3173,91504,-124599.1,-1.109464919,-0.9850513816679946,-1.0663165084273158,NA,-1.0256839450476551,-1.104679952642258,12,-0.9780005439750618,2.1613629229438645,1.6885393813509335,18,2.4901213971199487,NA,1.2341509131501367,Subjunctive,0
H5M01,MLS-5,RBMS,5,5,10,2,2,2 SPA/0 ENG,Monolingual,NA,14,4,NA,0,2,NA,Production,EPT-14,pintar,Intensional,Intensional subjunctive,DOM,0,0,0,0,NA,IND,45606,22466,893704,-105306.1,-0.937674734,-0.8179414916676632,-0.8828811589034613,NA,-0.8504113252855623,-1.104679952642258,12,-0.9780005439750618,2.1613629229438645,1.6885393813509335,18,2.4901213971199487,NA,1.2341509131501367,Subjunctive,0
H5M01,MLS-5,RBMS,5,5,10,2,2,2 SPA/0 ENG,Monolingual,NA,14,4,NA,0,2,NA,Production,EPT-20,tratar,Intensional,Intensional subjunctive,DOM,0,0,0,1,NA,IND,590952,203027,9516595,75254.88,0.670090129,1.4918471301070348,0.8338694835770605,NA,1.1628583068420475,-1.104679952642258,12,-0.9780005439750618,2.1613629229438645,1.6885393813509335,18,2.4901213971199487,NA,1.2341509131501367,Subjunctive,0
H5M01,MLS-5,RBMS,5,5,10,2,2,2 SPA/0 ENG,Monolingual,NA,14,4,NA,0,2,NA,Production,EPT-26,mirar,Intensional,Intensional subjunctive,DOM,0,0,0,0,NA,IND,186441,197558,3683993,69785.88,0.621392647,-0.22144114042709367,0.7818709386879318,NA,0.2802148991304191,-1.104679952642258,12,-0.9780005439750618,2.1613629229438645,1.6885393813509335,18,2.4901213971199487,NA,1.2341509131501367,Subjunctive,0
H5M01,MLS-5,RBMS,5,5,10,2,2,2 SPA/0 ENG,Monolingual,NA,14,4,NA,0,2,NA,Production,EPT-32,llevar,Intensional,Intensional subjunctive,DOM,0,0,0,0,NA,IND,1192620,301032,13841181,173259.9,1.542753636,4.040185066914015,1.7656883520830144,NA,2.9029367094985146,-1.104679952642258,12,-0.9780005439750618,2.1613629229438645,1.6885393813509335,18,2.4901213971199487,NA,1.2341509131501367,Subjunctive,0
H5M01,MLS-5,RBMS,5,5,10,2,2,2 SPA/0 ENG,Monolingual,NA,14,4,NA,0,2,NA,Production,EPT-38,amar,Intensional,Intensional subjunctive,DOM,0,0,0,1,NA,IND,60260,28864,1318934,-67512.13,-0.601146551,-0.7558751292784892,-0.8220498021287957,NA,-0.7889624657036425,-1.104679952642258,12,-0.9780005439750618,2.1613629229438645,1.6885393813509335,18,2.4901213971199487,NA,1.2341509131501367,Subjunctive,0
H5M01,MLS-5,RBMS,5,5,10,2,2,2 SPA/0 ENG,Monolingual,NA,14,4,NA,0,2,NA,Production,EPT-42,cuidar,Intensional,Intensional subjunctive,DOM,0,0,0,1,NA,IND,208160,26928,1534607,-100844.1,-0.897943857,-0.12945128613949522,-0.8404570398149089,NA,-0.48495416297720206,-1.104679952642258,12,-0.9780005439750618,2.1613629229438645,1.6885393813509335,18,2.4901213971199487,NA,1.2341509131501367,Subjunctive,0
H5M02,MLS-5,RBMS,5,5,12,1,2,2 SPA/0 ENG,Monolingual,NA,7,2,4,0,2,NA,Production,EPT-02,llamar,Intensional,Intensional subjunctive,DOM,0,NA,0,NA,NA,INF,303936,207733,8248273,79960.88,0.711993649,0.2762036834377887,0.8786135231177882,NA,0.5774086032777884,-0.67321516250328,13,-0.7986253289971474,-0.9945894372875832,0.06132709617497251,9,-0.7723566001308405,NA,1.2341509131501367,Subjunctive,0
H5M02,MLS-5,RBMS,5,5,12,1,2,2 SPA/0 ENG,Monolingual,NA,7,2,4,0,2,NA,Production,EPT-08,peinar,Intensional,Intensional subjunctive,DOM,1,0,0,1,NA,IMP SUBJ,6151,3173,91504,-124599.1,-1.109464919,-0.9850513816679946,-1.0663165084273158,NA,-1.0256839450476551,-0.67321516250328,13,-0.7986253289971474,-0.9945894372875832,0.06132709617497251,9,-0.7723566001308405,NA,1.2341509131501367,Subjunctive,0
H5M02,MLS-5,RBMS,5,5,12,1,2,2 SPA/0 ENG,Monolingual,NA,7,2,4,0,2,NA,Production,EPT-14,pintar,Intensional,Intensional subjunctive,DOM,1,1,0,1,NA,IMP SUBJ,45606,22466,893704,-105306.1,-0.937674734,-0.8179414916676632,-0.8828811589034613,NA,-0.8504113252855623,-0.67321516250328,13,-0.7986253289971474,-0.9945894372875832,0.06132709617497251,9,-0.7723566001308405,NA,1.2341509131501367,Subjunctive,0
H5M02,MLS-5,RBMS,5,5,12,1,2,2 SPA/0 ENG,Monolingual,NA,7,2,4,0,2,NA,Production,EPT-20,tratar,Intensional,Intensional subjunctive,DOM,0,0,0,NA,NA,INF,590952,203027,9516595,75254.88,0.670090129,1.4918471301070348,0.8338694835770605,NA,1.1628583068420475,-0.67321516250328,13,-0.7986253289971474,-0.9945894372875832,0.06132709617497251,9,-0.7723566001308405,NA,1.2341509131501367,Subjunctive,0
H5M02,MLS-5,RBMS,5,5,12,1,2,2 SPA/0 ENG,Monolingual,NA,7,2,4,0,2,NA,Production,EPT-26,mirar,Intensional,Intensional subjunctive,DOM,0,0,1,0,NA,IND,186441,197558,3683993,69785.88,0.621392647,-0.22144114042709367,0.7818709386879318,NA,0.2802148991304191,-0.67321516250328,13,-0.7986253289971474,-0.9945894372875832,0.06132709617497251,9,-0.7723566001308405,NA,1.2341509131501367,Subjunctive,1
H5M02,MLS-5,RBMS,5,5,12,1,2,2 SPA/0 ENG,Monolingual,NA,7,2,4,0,2,NA,Production,EPT-32,llevar,Intensional,Intensional subjunctive,DOM,0,0,0,1,NA,IND,1192620,301032,13841181,173259.9,1.542753636,4.040185066914015,1.7656883520830144,NA,2.9029367094985146,-0.67321516250328,13,-0.7986253289971474,-0.9945894372875832,0.06132709617497251,9,-0.7723566001308405,NA,1.2341509131501367,Subjunctive,0
H5M02,MLS-5,RBMS,5,5,12,1,2,2 SPA/0 ENG,Monolingual,NA,7,2,4,0,2,NA,Production,EPT-38,amar,Intensional,Intensional subjunctive,DOM,0,0,0,0,NA,INF,60260,28864,1318934,-67512.13,-0.601146551,-0.7558751292784892,-0.8220498021287957,NA,-0.7889624657036425,-0.67321516250328,13,-0.7986253289971474,-0.9945894372875832,0.06132709617497251,9,-0.7723566001308405,NA,1.2341509131501367,Subjunctive,0
H5M02,MLS-5,RBMS,5,5,12,1,2,2 SPA/0 ENG,Monolingual,NA,7,2,4,0,2,NA,Production,EPT-42,cuidar,Intensional,Intensional subjunctive,DOM,0,0,0,0,NA,IND,208160,26928,1534607,-100844.1,-0.897943857,-0.12945128613949522,-0.8404570398149089,NA,-0.48495416297720206,-0.67321516250328,13,-0.7986253289971474,-0.9945894372875832,0.06132709617497251,9,-0.7723566001308405,NA,1.2341509131501367,Subjunctive,0
H5M04,MLS-5,RBMS,5,5,22,1,1,2 SPA/1 ENG,Bilingual,NA,8,2,4,0,2,NA,Production,EPT-02,llamar,Intensional,Intensional subjunctive,DOM,1,1,0,0,NA,SUBJ,303936,207733,8248273,79960.88,0.711993649,0.2762036834377887,0.8786135231177882,NA,0.5774086032777884,1.4841087881916095,23,0.995126820781996,-0.543739100111662,0.06132709617497251,10,-0.40985904488075287,NA,0.14261299440846,Subjunctive,0
H5M04,MLS-5,RBMS,5,5,22,1,1,2 SPA/1 ENG,Bilingual,NA,8,2,4,0,2,NA,Production,EPT-08,peinar,Intensional,Intensional subjunctive,DOM,0,0,0,NA,NA,INF,6151,3173,91504,-124599.1,-1.109464919,-0.9850513816679946,-1.0663165084273158,NA,-1.0256839450476551,1.4841087881916095,23,0.995126820781996,-0.543739100111662,0.06132709617497251,10,-0.40985904488075287,NA,0.14261299440846,Subjunctive,0
H5M04,MLS-5,RBMS,5,5,22,1,1,2 SPA/1 ENG,Bilingual,NA,8,2,4,0,2,NA,Production,EPT-14,pintar,Intensional,Intensional subjunctive,DOM,0,0,0,0,NA,IND,45606,22466,893704,-105306.1,-0.937674734,-0.8179414916676632,-0.8828811589034613,NA,-0.8504113252855623,1.4841087881916095,23,0.995126820781996,-0.543739100111662,0.06132709617497251,10,-0.40985904488075287,NA,0.14261299440846,Subjunctive,0
H5M04,MLS-5,RBMS,5,5,22,1,1,2 SPA/1 ENG,Bilingual,NA,8,2,4,0,2,NA,Production,EPT-20,tratar,Intensional,Intensional subjunctive,DOM,1,1,0,1,NA,SUBJ,590952,203027,9516595,75254.88,0.670090129,1.4918471301070348,0.8338694835770605,NA,1.1628583068420475,1.4841087881916095,23,0.995126820781996,-0.543739100111662,0.06132709617497251,10,-0.40985904488075287,NA,0.14261299440846,Subjunctive,0
H5M04,MLS-5,RBMS,5,5,22,1,1,2 SPA/1 ENG,Bilingual,NA,8,2,4,0,2,NA,Production,EPT-26,mirar,Intensional,Intensional subjunctive,DOM,1,1,0,1,NA,SUBJ,186441,197558,3683993,69785.88,0.621392647,-0.22144114042709367,0.7818709386879318,NA,0.2802148991304191,1.4841087881916095,23,0.995126820781996,-0.543739100111662,0.06132709617497251,10,-0.40985904488075287,NA,0.14261299440846,Subjunctive,0
H5M04,MLS-5,RBMS,5,5,22,1,1,2 SPA/1 ENG,Bilingual,NA,8,2,4,0,2,NA,Production,EPT-32,llevar,Intensional,Intensional subjunctive,DOM,1,NA,NA,1,NA,SUBJ,1192620,301032,13841181,173259.9,1.542753636,4.040185066914015,1.7656883520830144,NA,2.9029367094985146,1.4841087881916095,23,0.995126820781996,-0.543739100111662,0.06132709617497251,10,-0.40985904488075287,NA,0.14261299440846,Subjunctive,NA
H5M04,MLS-5,RBMS,5,5,22,1,1,2 SPA/1 ENG,Bilingual,NA,8,2,4,0,2,NA,Production,EPT-38,amar,Intensional,Intensional subjunctive,DOM,0,NA,0,NA,NA,INF,60260,28864,1318934,-67512.13,-0.601146551,-0.7558751292784892,-0.8220498021287957,NA,-0.7889624657036425,1.4841087881916095,23,0.995126820781996,-0.543739100111662,0.06132709617497251,10,-0.40985904488075287,NA,0.14261299440846,Subjunctive,0
H5M04,MLS-5,RBMS,5,5,22,1,1,2 SPA/1 ENG,Bilingual,NA,8,2,4,0,2,NA,Production,EPT-42,cuidar,Intensional,Intensional subjunctive,DOM,0,NA,0,NA,NA,INF,208160,26928,1534607,-100844.1,-0.897943857,-0.12945128613949522,-0.8404570398149089,NA,-0.48495416297720206,1.4841087881916095,23,0.995126820781996,-0.543739100111662,0.06132709617497251,10,-0.40985904488075287,NA,0.14261299440846,Subjunctive,0
H5M05,MLS-5,RBMS,5,5,11,1,0,2 SPA/2 ENG,Bilingual,NA,12,4,3,0,2,NA,Production,EPT-02,llamar,Intensional,Intensional subjunctive,DOM,0,NA,NA,1,NA,IND,303936,207733,8248273,79960.88,0.711993649,0.2762036834377887,0.8786135231177882,NA,0.5774086032777884,-0.888947557572769,12,-0.9780005439750618,1.2596622485920224,1.6885393813509335,16,1.7651262866197732,NA,-0.9489249243332164,Subjunctive,NA
H5M05,MLS-5,RBMS,5,5,11,1,0,2 SPA/2 ENG,Bilingual,NA,12,4,3,0,2,NA,Production,EPT-08,peinar,Intensional,Intensional subjunctive,DOM,1,1,1,1,NA,SUBJ,6151,3173,91504,-124599.1,-1.109464919,-0.9850513816679946,-1.0663165084273158,NA,-1.0256839450476551,-0.888947557572769,12,-0.9780005439750618,1.2596622485920224,1.6885393813509335,16,1.7651262866197732,NA,-0.9489249243332164,Subjunctive,1
H5M05,MLS-5,RBMS,5,5,11,1,0,2 SPA/2 ENG,Bilingual,NA,12,4,3,0,2,NA,Production,EPT-14,pintar,Intensional,Intensional subjunctive,DOM,0,0,0,1,NA,IND MODAL,45606,22466,893704,-105306.1,-0.937674734,-0.8179414916676632,-0.8828811589034613,NA,-0.8504113252855623,-0.888947557572769,12,-0.9780005439750618,1.2596622485920224,1.6885393813509335,16,1.7651262866197732,NA,-0.9489249243332164,Subjunctive,0
H5M05,MLS-5,RBMS,5,5,11,1,0,2 SPA/2 ENG,Bilingual,NA,12,4,3,0,2,NA,Production,EPT-20,tratar,Intensional,Intensional subjunctive,DOM,1,1,0,1,NA,SUBJ,590952,203027,9516595,75254.88,0.670090129,1.4918471301070348,0.8338694835770605,NA,1.1628583068420475,-0.888947557572769,12,-0.9780005439750618,1.2596622485920224,1.6885393813509335,16,1.7651262866197732,NA,-0.9489249243332164,Subjunctive,0
H5M05,MLS-5,RBMS,5,5,11,1,0,2 SPA/2 ENG,Bilingual,NA,12,4,3,0,2,NA,Production,EPT-26,mirar,Intensional,Intensional subjunctive,DOM,0,0,1,1,NA,IND,186441,197558,3683993,69785.88,0.621392647,-0.22144114042709367,0.7818709386879318,NA,0.2802148991304191,-0.888947557572769,12,-0.9780005439750618,1.2596622485920224,1.6885393813509335,16,1.7651262866197732,NA,-0.9489249243332164,Subjunctive,1
H5M05,MLS-5,RBMS,5,5,11,1,0,2 SPA/2 ENG,Bilingual,NA,12,4,3,0,2,NA,Production,EPT-32,llevar,Intensional,Intensional subjunctive,DOM,0,0,0,1,NA,IND,1192620,301032,13841181,173259.9,1.542753636,4.040185066914015,1.7656883520830144,NA,2.9029367094985146,-0.888947557572769,12,-0.9780005439750618,1.2596622485920224,1.6885393813509335,16,1.7651262866197732,NA,-0.9489249243332164,Subjunctive,0
H5M05,MLS-5,RBMS,5,5,11,1,0,2 SPA/2 ENG,Bilingual,NA,12,4,3,0,2,NA,Production,EPT-38,amar,Intensional,Intensional subjunctive,DOM,0,0,0,1,NA,IND,60260,28864,1318934,-67512.13,-0.601146551,-0.7558751292784892,-0.8220498021287957,NA,-0.7889624657036425,-0.888947557572769,12,-0.9780005439750618,1.2596622485920224,1.6885393813509335,16,1.7651262866197732,NA,-0.9489249243332164,Subjunctive,0
H5M05,MLS-5,RBMS,5,5,11,1,0,2 SPA/2 ENG,Bilingual,NA,12,4,3,0,2,NA,Production,EPT-42,cuidar,Intensional,Intensional subjunctive,DOM,0,0,0,1,NA,IND,208160,26928,1534607,-100844.1,-0.897943857,-0.12945128613949522,-0.8404570398149089,NA,-0.48495416297720206,-0.888947557572769,12,-0.9780005439750618,1.2596622485920224,1.6885393813509335,16,1.7651262866197732,NA,-0.9489249243332164,Subjunctive,0
H5M06,MLS-5,RBMS,5,5,20,2,2,2 SPA/0 ENG,Monolingual,NA,10,3,3,0,2,NA,Production,EPT-02,llamar,Intensional,Intensional subjunctive,DOM,1,NA,NA,1,NA,SUBJ,303936,207733,8248273,79960.88,0.711993649,0.2762036834377887,0.8786135231177882,NA,0.5774086032777884,1.052643998052632,22,0.8157516058040818,0.3579615742401802,0.8749332387629531,13,0.6776336208695102,NA,1.2341509131501367,Subjunctive,NA
H5M06,MLS-5,RBMS,5,5,20,2,2,2 SPA/0 ENG,Monolingual,NA,10,3,3,0,2,NA,Production,EPT-08,peinar,Intensional,Intensional subjunctive,DOM,1,1,1,1,NA,SUBJ,6151,3173,91504,-124599.1,-1.109464919,-0.9850513816679946,-1.0663165084273158,NA,-1.0256839450476551,1.052643998052632,22,0.8157516058040818,0.3579615742401802,0.8749332387629531,13,0.6776336208695102,NA,1.2341509131501367,Subjunctive,1
H5M06,MLS-5,RBMS,5,5,20,2,2,2 SPA/0 ENG,Monolingual,NA,10,3,3,0,2,NA,Production,EPT-14,pintar,Intensional,Intensional subjunctive,DOM,1,1,1,NA,NA,SUBJ,45606,22466,893704,-105306.1,-0.937674734,-0.8179414916676632,-0.8828811589034613,NA,-0.8504113252855623,1.052643998052632,22,0.8157516058040818,0.3579615742401802,0.8749332387629531,13,0.6776336208695102,NA,1.2341509131501367,Subjunctive,1
H5M06,MLS-5,RBMS,5,5,20,2,2,2 SPA/0 ENG,Monolingual,NA,10,3,3,0,2,NA,Production,EPT-20,tratar,Intensional,Intensional subjunctive,DOM,1,1,0,1,NA,SUBJ,590952,203027,9516595,75254.88,0.670090129,1.4918471301070348,0.8338694835770605,NA,1.1628583068420475,1.052643998052632,22,0.8157516058040818,0.3579615742401802,0.8749332387629531,13,0.6776336208695102,NA,1.2341509131501367,Subjunctive,0
H5M06,MLS-5,RBMS,5,5,20,2,2,2 SPA/0 ENG,Monolingual,NA,10,3,3,0,2,NA,Production,EPT-26,mirar,Intensional,Intensional subjunctive,DOM,1,1,1,1,NA,SUBJ,186441,197558,3683993,69785.88,0.621392647,-0.22144114042709367,0.7818709386879318,NA,0.2802148991304191,1.052643998052632,22,0.8157516058040818,0.3579615742401802,0.8749332387629531,13,0.6776336208695102,NA,1.2341509131501367,Subjunctive,1
H5M06,MLS-5,RBMS,5,5,20,2,2,2 SPA/0 ENG,Monolingual,NA,10,3,3,0,2,NA,Production,EPT-32,llevar,Intensional,Intensional subjunctive,DOM,1,1,1,0,NA,SUBJ,1192620,301032,13841181,173259.9,1.542753636,4.040185066914015,1.7656883520830144,NA,2.9029367094985146,1.052643998052632,22,0.8157516058040818,0.3579615742401802,0.8749332387629531,13,0.6776336208695102,NA,1.2341509131501367,Subjunctive,1
H5M06,MLS-5,RBMS,5,5,20,2,2,2 SPA/0 ENG,Monolingual,NA,10,3,3,0,2,NA,Production,EPT-38,amar,Intensional,Intensional subjunctive,DOM,1,1,1,1,NA,SUBJ,60260,28864,1318934,-67512.13,-0.601146551,-0.7558751292784892,-0.8220498021287957,NA,-0.7889624657036425,1.052643998052632,22,0.8157516058040818,0.3579615742401802,0.8749332387629531,13,0.6776336208695102,NA,1.2341509131501367,Subjunctive,1
H5M06,MLS-5,RBMS,5,5,20,2,2,2 SPA/0 ENG,Monolingual,NA,10,3,3,0,2,NA,Production,EPT-42,cuidar,Intensional,Intensional subjunctive,DOM,1,1,0,NA,NA,SUBJ,208160,26928,1534607,-100844.1,-0.897943857,-0.12945128613949522,-0.8404570398149089,NA,-0.48495416297720206,1.052643998052632,22,0.8157516058040818,0.3579615742401802,0.8749332387629531,13,0.6776336208695102,NA,1.2341509131501367,Subjunctive,0
H5M07,MLS-5,RBMS,5,5,15,4,2,2 SPA/0 ENG,Monolingual,NA,9,2,NA,0,2,NA,Production,EPT-02,llamar,Intensional,Intensional subjunctive,DOM,1,1,0,1,NA,SUBJ,303936,207733,8248273,79960.88,0.711993649,0.2762036834377887,0.8786135231177882,NA,0.5774086032777884,-0.02601797729481304,19,0.2776259608703387,-0.09288876293574087,0.06132709617497251,11,-0.04736148963066516,NA,1.2341509131501367,Subjunctive,0
H5M07,MLS-5,RBMS,5,5,15,4,2,2 SPA/0 ENG,Monolingual,NA,9,2,NA,0,2,NA,Production,EPT-08,peinar,Intensional,Intensional subjunctive,DOM,1,1,0,1,NA,SUBJ,6151,3173,91504,-124599.1,-1.109464919,-0.9850513816679946,-1.0663165084273158,NA,-1.0256839450476551,-0.02601797729481304,19,0.2776259608703387,-0.09288876293574087,0.06132709617497251,11,-0.04736148963066516,NA,1.2341509131501367,Subjunctive,0
H5M07,MLS-5,RBMS,5,5,15,4,2,2 SPA/0 ENG,Monolingual,NA,9,2,NA,0,2,NA,Production,EPT-14,pintar,Intensional,Intensional subjunctive,DOM,0,1,0,NA,NA,IND,45606,22466,893704,-105306.1,-0.937674734,-0.8179414916676632,-0.8828811589034613,NA,-0.8504113252855623,-0.02601797729481304,19,0.2776259608703387,-0.09288876293574087,0.06132709617497251,11,-0.04736148963066516,NA,1.2341509131501367,Subjunctive,0
H5M07,MLS-5,RBMS,5,5,15,4,2,2 SPA/0 ENG,Monolingual,NA,9,2,NA,0,2,NA,Production,EPT-20,tratar,Intensional,Intensional subjunctive,DOM,1,1,0,1,NA,SUBJ,590952,203027,9516595,75254.88,0.670090129,1.4918471301070348,0.8338694835770605,NA,1.1628583068420475,-0.02601797729481304,19,0.2776259608703387,-0.09288876293574087,0.06132709617497251,11,-0.04736148963066516,NA,1.2341509131501367,Subjunctive,0
H5M07,MLS-5,RBMS,5,5,15,4,2,2 SPA/0 ENG,Monolingual,NA,9,2,NA,0,2,NA,Production,EPT-26,mirar,Intensional,Intensional subjunctive,DOM,1,1,0,1,NA,SUBJ,186441,197558,3683993,69785.88,0.621392647,-0.22144114042709367,0.7818709386879318,NA,0.2802148991304191,-0.02601797729481304,19,0.2776259608703387,-0.09288876293574087,0.06132709617497251,11,-0.04736148963066516,NA,1.2341509131501367,Subjunctive,0
H5M07,MLS-5,RBMS,5,5,15,4,2,2 SPA/0 ENG,Monolingual,NA,9,2,NA,0,2,NA,Production,EPT-32,llevar,Intensional,Intensional subjunctive,DOM,1,1,0,0,NA,SUBJ,1192620,301032,13841181,173259.9,1.542753636,4.040185066914015,1.7656883520830144,NA,2.9029367094985146,-0.02601797729481304,19,0.2776259608703387,-0.09288876293574087,0.06132709617497251,11,-0.04736148963066516,NA,1.2341509131501367,Subjunctive,0
H5M07,MLS-5,RBMS,5,5,15,4,2,2 SPA/0 ENG,Monolingual,NA,9,2,NA,0,2,NA,Production,EPT-38,amar,Intensional,Intensional subjunctive,DOM,1,1,0,1,NA,SUBJ,60260,28864,1318934,-67512.13,-0.601146551,-0.7558751292784892,-0.8220498021287957,NA,-0.7889624657036425,-0.02601797729481304,19,0.2776259608703387,-0.09288876293574087,0.06132709617497251,11,-0.04736148963066516,NA,1.2341509131501367,Subjunctive,0
H5M07,MLS-5,RBMS,5,5,15,4,2,2 SPA/0 ENG,Monolingual,NA,9,2,NA,0,2,NA,Production,EPT-42,cuidar,Intensional,Intensional subjunctive,DOM,0,NA,0,NA,NA,INF,208160,26928,1534607,-100844.1,-0.897943857,-0.12945128613949522,-0.8404570398149089,NA,-0.48495416297720206,-0.02601797729481304,19,0.2776259608703387,-0.09288876293574087,0.06132709617497251,11,-0.04736148963066516,NA,1.2341509131501367,Subjunctive,0
H5M08,MLS-5,RBMS,5,5,18,3,2,2 SPA/0 ENG,Monolingual,NA,9,0,NA,0,2,NA,Production,EPT-02,llamar,Intensional,Intensional subjunctive,DOM,0,0,0,0,NA,IND,303936,207733,8248273,79960.88,0.711993649,0.2762036834377887,0.8786135231177882,NA,0.5774086032777884,0.6211792079136539,21,0.6363763908261674,-0.09288876293574087,-1.5658851890009888,9,-0.7723566001308405,NA,1.2341509131501367,Subjunctive,0
H5M08,MLS-5,RBMS,5,5,18,3,2,2 SPA/0 ENG,Monolingual,NA,9,0,NA,0,2,NA,Production,EPT-08,peinar,Intensional,Intensional subjunctive,DOM,0,0,1,0,NA,IND,6151,3173,91504,-124599.1,-1.109464919,-0.9850513816679946,-1.0663165084273158,NA,-1.0256839450476551,0.6211792079136539,21,0.6363763908261674,-0.09288876293574087,-1.5658851890009888,9,-0.7723566001308405,NA,1.2341509131501367,Subjunctive,1
H5M08,MLS-5,RBMS,5,5,18,3,2,2 SPA/0 ENG,Monolingual,NA,9,0,NA,0,2,NA,Production,EPT-14,pintar,Intensional,Intensional subjunctive,DOM,0,0,NA,1,NA,IND,45606,22466,893704,-105306.1,-0.937674734,-0.8179414916676632,-0.8828811589034613,NA,-0.8504113252855623,0.6211792079136539,21,0.6363763908261674,-0.09288876293574087,-1.5658851890009888,9,-0.7723566001308405,NA,1.2341509131501367,Subjunctive,NA
H5M08,MLS-5,RBMS,5,5,18,3,2,2 SPA/0 ENG,Monolingual,NA,9,0,NA,0,2,NA,Production,EPT-20,tratar,Intensional,Intensional subjunctive,DOM,0,0,0,1,NA,IND,590952,203027,9516595,75254.88,0.670090129,1.4918471301070348,0.8338694835770605,NA,1.1628583068420475,0.6211792079136539,21,0.6363763908261674,-0.09288876293574087,-1.5658851890009888,9,-0.7723566001308405,NA,1.2341509131501367,Subjunctive,0
H5M08,MLS-5,RBMS,5,5,18,3,2,2 SPA/0 ENG,Monolingual,NA,9,0,NA,0,2,NA,Production,EPT-26,mirar,Intensional,Intensional subjunctive,DOM,0,0,0,0,NA,IND,186441,197558,3683993,69785.88,0.621392647,-0.22144114042709367,0.7818709386879318,NA,0.2802148991304191,0.6211792079136539,21,0.6363763908261674,-0.09288876293574087,-1.5658851890009888,9,-0.7723566001308405,NA,1.2341509131501367,Subjunctive,0
H5M08,MLS-5,RBMS,5,5,18,3,2,2 SPA/0 ENG,Monolingual,NA,9,0,NA,0,2,NA,Production,EPT-32,llevar,Intensional,Intensional subjunctive,DOM,0,0,0,0,NA,IND,1192620,301032,13841181,173259.9,1.542753636,4.040185066914015,1.7656883520830144,NA,2.9029367094985146,0.6211792079136539,21,0.6363763908261674,-0.09288876293574087,-1.5658851890009888,9,-0.7723566001308405,NA,1.2341509131501367,Subjunctive,0
H5M08,MLS-5,RBMS,5,5,18,3,2,2 SPA/0 ENG,Monolingual,NA,9,0,NA,0,2,NA,Production,EPT-38,amar,Intensional,Intensional subjunctive,DOM,0,0,0,0,NA,IND,60260,28864,1318934,-67512.13,-0.601146551,-0.7558751292784892,-0.8220498021287957,NA,-0.7889624657036425,0.6211792079136539,21,0.6363763908261674,-0.09288876293574087,-1.5658851890009888,9,-0.7723566001308405,NA,1.2341509131501367,Subjunctive,0
H5M08,MLS-5,RBMS,5,5,18,3,2,2 SPA/0 ENG,Monolingual,NA,9,0,NA,0,2,NA,Production,EPT-42,cuidar,Intensional,Intensional subjunctive,DOM,1,1,0,0,NA,IND,208160,26928,1534607,-100844.1,-0.897943857,-0.12945128613949522,-0.8404570398149089,NA,-0.48495416297720206,0.6211792079136539,21,0.6363763908261674,-0.09288876293574087,-1.5658851890009888,9,-0.7723566001308405,NA,1.2341509131501367,Subjunctive,0
H5M10,MLS-5,RBMS,5,5,11,0,2,2 SPA/0 ENG,Monolingual,NA,11,0,3,0,2,NA,Production,EPT-02,llamar,Intensional,Intensional subjunctive,DOM,0,0,0,0,NA,IND,303936,207733,8248273,79960.88,0.711993649,0.2762036834377887,0.8786135231177882,NA,0.5774086032777884,-0.888947557572769,11,-1.157375758952976,0.8088119114161013,-1.5658851890009888,11,-0.04736148963066516,NA,1.2341509131501367,Subjunctive,0
H5M10,MLS-5,RBMS,5,5,11,0,2,2 SPA/0 ENG,Monolingual,NA,11,0,3,0,2,NA,Production,EPT-08,peinar,Intensional,Intensional subjunctive,DOM,0,0,0,0,NA,IND,6151,3173,91504,-124599.1,-1.109464919,-0.9850513816679946,-1.0663165084273158,NA,-1.0256839450476551,-0.888947557572769,11,-1.157375758952976,0.8088119114161013,-1.5658851890009888,11,-0.04736148963066516,NA,1.2341509131501367,Subjunctive,0
H5M10,MLS-5,RBMS,5,5,11,0,2,2 SPA/0 ENG,Monolingual,NA,11,0,3,0,2,NA,Production,EPT-14,pintar,Intensional,Intensional subjunctive,DOM,0,NA,0,NA,NA,INF,45606,22466,893704,-105306.1,-0.937674734,-0.8179414916676632,-0.8828811589034613,NA,-0.8504113252855623,-0.888947557572769,11,-1.157375758952976,0.8088119114161013,-1.5658851890009888,11,-0.04736148963066516,NA,1.2341509131501367,Subjunctive,0
H5M10,MLS-5,RBMS,5,5,11,0,2,2 SPA/0 ENG,Monolingual,NA,11,0,3,0,2,NA,Production,EPT-20,tratar,Intensional,Intensional subjunctive,DOM,0,0,0,1,NA,IND,590952,203027,9516595,75254.88,0.670090129,1.4918471301070348,0.8338694835770605,NA,1.1628583068420475,-0.888947557572769,11,-1.157375758952976,0.8088119114161013,-1.5658851890009888,11,-0.04736148963066516,NA,1.2341509131501367,Subjunctive,0
H5M10,MLS-5,RBMS,5,5,11,0,2,2 SPA/0 ENG,Monolingual,NA,11,0,3,0,2,NA,Production,EPT-26,mirar,Intensional,Intensional subjunctive,DOM,0,0,0,1,NA,IND,186441,197558,3683993,69785.88,0.621392647,-0.22144114042709367,0.7818709386879318,NA,0.2802148991304191,-0.888947557572769,11,-1.157375758952976,0.8088119114161013,-1.5658851890009888,11,-0.04736148963066516,NA,1.2341509131501367,Subjunctive,0
H5M10,MLS-5,RBMS,5,5,11,0,2,2 SPA/0 ENG,Monolingual,NA,11,0,3,0,2,NA,Production,EPT-32,llevar,Intensional,Intensional subjunctive,DOM,0,0,0,1,NA,IND,1192620,301032,13841181,173259.9,1.542753636,4.040185066914015,1.7656883520830144,NA,2.9029367094985146,-0.888947557572769,11,-1.157375758952976,0.8088119114161013,-1.5658851890009888,11,-0.04736148963066516,NA,1.2341509131501367,Subjunctive,0
H5M10,MLS-5,RBMS,5,5,11,0,2,2 SPA/0 ENG,Monolingual,NA,11,0,3,0,2,NA,Production,EPT-38,amar,Intensional,Intensional subjunctive,DOM,0,0,0,1,NA,IND,60260,28864,1318934,-67512.13,-0.601146551,-0.7558751292784892,-0.8220498021287957,NA,-0.7889624657036425,-0.888947557572769,11,-1.157375758952976,0.8088119114161013,-1.5658851890009888,11,-0.04736148963066516,NA,1.2341509131501367,Subjunctive,0
H5M10,MLS-5,RBMS,5,5,11,0,2,2 SPA/0 ENG,Monolingual,NA,11,0,3,0,2,NA,Production,EPT-42,cuidar,Intensional,Intensional subjunctive,DOM,0,0,0,1,NA,IND,208160,26928,1534607,-100844.1,-0.897943857,-0.12945128613949522,-0.8404570398149089,NA,-0.48495416297720206,-0.888947557572769,11,-1.157375758952976,0.8088119114161013,-1.5658851890009888,11,-0.04736148963066516,NA,1.2341509131501367,Subjunctive,0
H5M13,MLS-5,RBMS,5,5,11,0,0,2 SPA/2 ENG,Bilingual,NA,6,2,4,0,2,NA,Production,EPT-02,llamar,Intensional,Intensional subjunctive,DOM,NA,NA,NA,NA,NA,NA,303936,207733,8248273,79960.88,0.711993649,0.2762036834377887,0.8786135231177882,NA,0.5774086032777884,-0.888947557572769,11,-1.157375758952976,-1.445439774463504,0.06132709617497251,8,-1.1348541553809282,NA,-0.9489249243332164,Subjunctive,NA
H5M13,MLS-5,RBMS,5,5,11,0,0,2 SPA/2 ENG,Bilingual,NA,6,2,4,0,2,NA,Production,EPT-08,peinar,Intensional,Intensional subjunctive,DOM,0,NA,1,NA,NA,INF,6151,3173,91504,-124599.1,-1.109464919,-0.9850513816679946,-1.0663165084273158,NA,-1.0256839450476551,-0.888947557572769,11,-1.157375758952976,-1.445439774463504,0.06132709617497251,8,-1.1348541553809282,NA,-0.9489249243332164,Subjunctive,1
H5M13,MLS-5,RBMS,5,5,11,0,0,2 SPA/2 ENG,Bilingual,NA,6,2,4,0,2,NA,Production,EPT-14,pintar,Intensional,Intensional subjunctive,DOM,0,NA,0,NA,NA,INF,45606,22466,893704,-105306.1,-0.937674734,-0.8179414916676632,-0.8828811589034613,NA,-0.8504113252855623,-0.888947557572769,11,-1.157375758952976,-1.445439774463504,0.06132709617497251,8,-1.1348541553809282,NA,-0.9489249243332164,Subjunctive,0
H5M13,MLS-5,RBMS,5,5,11,0,0,2 SPA/2 ENG,Bilingual,NA,6,2,4,0,2,NA,Production,EPT-20,tratar,Intensional,Intensional subjunctive,DOM,0,0,0,0,NA,IND,590952,203027,9516595,75254.88,0.670090129,1.4918471301070348,0.8338694835770605,NA,1.1628583068420475,-0.888947557572769,11,-1.157375758952976,-1.445439774463504,0.06132709617497251,8,-1.1348541553809282,NA,-0.9489249243332164,Subjunctive,0
H5M13,MLS-5,RBMS,5,5,11,0,0,2 SPA/2 ENG,Bilingual,NA,6,2,4,0,2,NA,Production,EPT-26,mirar,Intensional,Intensional subjunctive,DOM,0,0,0,0,NA,IND,186441,197558,3683993,69785.88,0.621392647,-0.22144114042709367,0.7818709386879318,NA,0.2802148991304191,-0.888947557572769,11,-1.157375758952976,-1.445439774463504,0.06132709617497251,8,-1.1348541553809282,NA,-0.9489249243332164,Subjunctive,0
H5M13,MLS-5,RBMS,5,5,11,0,0,2 SPA/2 ENG,Bilingual,NA,6,2,4,0,2,NA,Production,EPT-32,llevar,Intensional,Intensional subjunctive,DOM,0,NA,1,NA,NA,INF,1192620,301032,13841181,173259.9,1.542753636,4.040185066914015,1.7656883520830144,NA,2.9029367094985146,-0.888947557572769,11,-1.157375758952976,-1.445439774463504,0.06132709617497251,8,-1.1348541553809282,NA,-0.9489249243332164,Subjunctive,1
H5M13,MLS-5,RBMS,5,5,11,0,0,2 SPA/2 ENG,Bilingual,NA,6,2,4,0,2,NA,Production,EPT-38,amar,Intensional,Intensional subjunctive,DOM,0,NA,0,0,NA,MISC,60260,28864,1318934,-67512.13,-0.601146551,-0.7558751292784892,-0.8220498021287957,NA,-0.7889624657036425,-0.888947557572769,11,-1.157375758952976,-1.445439774463504,0.06132709617497251,8,-1.1348541553809282,NA,-0.9489249243332164,Subjunctive,0
H5M13,MLS-5,RBMS,5,5,11,0,0,2 SPA/2 ENG,Bilingual,NA,6,2,4,0,2,NA,Production,EPT-42,cuidar,Intensional,Intensional subjunctive,DOM,0,NA,1,NA,NA,INF,208160,26928,1534607,-100844.1,-0.897943857,-0.12945128613949522,-0.8404570398149089,NA,-0.48495416297720206,-0.888947557572769,11,-1.157375758952976,-1.445439774463504,0.06132709617497251,8,-1.1348541553809282,NA,-0.9489249243332164,Subjunctive,1
H5M16,MLS-5,RBMS,5,5,8,3,2,2 SPA/0 ENG,Monolingual,NA,9,1,1,0,2,NA,Production,EPT-02,llamar,Intensional,Intensional subjunctive,DOM,0,0,0,NA,NA,INF,303936,207733,8248273,79960.88,0.711993649,0.2762036834377887,0.8786135231177882,NA,0.5774086032777884,-1.536144742781236,11,-1.157375758952976,-0.09288876293574087,-0.7522790464130081,10,-0.40985904488075287,NA,1.2341509131501367,Subjunctive,0
H5M16,MLS-5,RBMS,5,5,8,3,2,2 SPA/0 ENG,Monolingual,NA,9,1,1,0,2,NA,Production,EPT-08,peinar,Intensional,Intensional subjunctive,DOM,0,NA,0,1,NA,PER FUT,6151,3173,91504,-124599.1,-1.109464919,-0.9850513816679946,-1.0663165084273158,NA,-1.0256839450476551,-1.536144742781236,11,-1.157375758952976,-0.09288876293574087,-0.7522790464130081,10,-0.40985904488075287,NA,1.2341509131501367,Subjunctive,0
H5M16,MLS-5,RBMS,5,5,8,3,2,2 SPA/0 ENG,Monolingual,NA,9,1,1,0,2,NA,Production,EPT-14,pintar,Intensional,Intensional subjunctive,DOM,0,0,NA,1,NA,IND,45606,22466,893704,-105306.1,-0.937674734,-0.8179414916676632,-0.8828811589034613,NA,-0.8504113252855623,-1.536144742781236,11,-1.157375758952976,-0.09288876293574087,-0.7522790464130081,10,-0.40985904488075287,NA,1.2341509131501367,Subjunctive,NA
H5M16,MLS-5,RBMS,5,5,8,3,2,2 SPA/0 ENG,Monolingual,NA,9,1,1,0,2,NA,Production,EPT-20,tratar,Intensional,Intensional subjunctive,DOM,0,NA,0,1,NA,PER FUT,590952,203027,9516595,75254.88,0.670090129,1.4918471301070348,0.8338694835770605,NA,1.1628583068420475,-1.536144742781236,11,-1.157375758952976,-0.09288876293574087,-0.7522790464130081,10,-0.40985904488075287,NA,1.2341509131501367,Subjunctive,0
H5M16,MLS-5,RBMS,5,5,8,3,2,2 SPA/0 ENG,Monolingual,NA,9,1,1,0,2,NA,Production,EPT-26,mirar,Intensional,Intensional subjunctive,DOM,0,NA,0,1,NA,PER FUT,186441,197558,3683993,69785.88,0.621392647,-0.22144114042709367,0.7818709386879318,NA,0.2802148991304191,-1.536144742781236,11,-1.157375758952976,-0.09288876293574087,-0.7522790464130081,10,-0.40985904488075287,NA,1.2341509131501367,Subjunctive,0
H5M16,MLS-5,RBMS,5,5,8,3,2,2 SPA/0 ENG,Monolingual,NA,9,1,1,0,2,NA,Production,EPT-32,llevar,Intensional,Intensional subjunctive,DOM,0,0,0,NA,NA,INF,1192620,301032,13841181,173259.9,1.542753636,4.040185066914015,1.7656883520830144,NA,2.9029367094985146,-1.536144742781236,11,-1.157375758952976,-0.09288876293574087,-0.7522790464130081,10,-0.40985904488075287,NA,1.2341509131501367,Subjunctive,0
H5M16,MLS-5,RBMS,5,5,8,3,2,2 SPA/0 ENG,Monolingual,NA,9,1,1,0,2,NA,Production,EPT-38,amar,Intensional,Intensional subjunctive,DOM,0,NA,0,1,NA,PER FUT,60260,28864,1318934,-67512.13,-0.601146551,-0.7558751292784892,-0.8220498021287957,NA,-0.7889624657036425,-1.536144742781236,11,-1.157375758952976,-0.09288876293574087,-0.7522790464130081,10,-0.40985904488075287,NA,1.2341509131501367,Subjunctive,0
H5M16,MLS-5,RBMS,5,5,8,3,2,2 SPA/0 ENG,Monolingual,NA,9,1,1,0,2,NA,Production,EPT-42,cuidar,Intensional,Intensional subjunctive,DOM,0,NA,0,1,NA,PER FUT,208160,26928,1534607,-100844.1,-0.897943857,-0.12945128613949522,-0.8404570398149089,NA,-0.48495416297720206,-1.536144742781236,11,-1.157375758952976,-0.09288876293574087,-0.7522790464130081,10,-0.40985904488075287,NA,1.2341509131501367,Subjunctive,0
H5M17,MLS-5,RBMS,5,5,9,0,0,2 SPA/2 ENG,Bilingual,NA,8,3,NA,0,2,NA,Production,EPT-02,llamar,Intensional,Intensional subjunctive,DOM,1,1,1,1,NA,SUBJ,303936,207733,8248273,79960.88,0.711993649,0.2762036834377887,0.8786135231177882,NA,0.5774086032777884,-1.3204123477117469,9,-1.516126188908805,-0.543739100111662,0.8749332387629531,11,-0.04736148963066516,NA,-0.9489249243332164,Subjunctive,1
H5M17,MLS-5,RBMS,5,5,9,0,0,2 SPA/2 ENG,Bilingual,NA,8,3,NA,0,2,NA,Production,EPT-08,peinar,Intensional,Intensional subjunctive,DOM,0,0,0,NA,NA,INF,6151,3173,91504,-124599.1,-1.109464919,-0.9850513816679946,-1.0663165084273158,NA,-1.0256839450476551,-1.3204123477117469,9,-1.516126188908805,-0.543739100111662,0.8749332387629531,11,-0.04736148963066516,NA,-0.9489249243332164,Subjunctive,0
H5M17,MLS-5,RBMS,5,5,9,0,0,2 SPA/2 ENG,Bilingual,NA,8,3,NA,0,2,NA,Production,EPT-14,pintar,Intensional,Intensional subjunctive,DOM,0,0,0,NA,NA,INF,45606,22466,893704,-105306.1,-0.937674734,-0.8179414916676632,-0.8828811589034613,NA,-0.8504113252855623,-1.3204123477117469,9,-1.516126188908805,-0.543739100111662,0.8749332387629531,11,-0.04736148963066516,NA,-0.9489249243332164,Subjunctive,0
H5M17,MLS-5,RBMS,5,5,9,0,0,2 SPA/2 ENG,Bilingual,NA,8,3,NA,0,2,NA,Production,EPT-20,tratar,Intensional,Intensional subjunctive,DOM,0,0,0,NA,NA,INF,590952,203027,9516595,75254.88,0.670090129,1.4918471301070348,0.8338694835770605,NA,1.1628583068420475,-1.3204123477117469,9,-1.516126188908805,-0.543739100111662,0.8749332387629531,11,-0.04736148963066516,NA,-0.9489249243332164,Subjunctive,0
H5M17,MLS-5,RBMS,5,5,9,0,0,2 SPA/2 ENG,Bilingual,NA,8,3,NA,0,2,NA,Production,EPT-26,mirar,Intensional,Intensional subjunctive,DOM,1,1,1,1,NA,SUBJ,186441,197558,3683993,69785.88,0.621392647,-0.22144114042709367,0.7818709386879318,NA,0.2802148991304191,-1.3204123477117469,9,-1.516126188908805,-0.543739100111662,0.8749332387629531,11,-0.04736148963066516,NA,-0.9489249243332164,Subjunctive,1
H5M17,MLS-5,RBMS,5,5,9,0,0,2 SPA/2 ENG,Bilingual,NA,8,3,NA,0,2,NA,Production,EPT-32,llevar,Intensional,Intensional subjunctive,DOM,1,1,1,1,NA,SUBJ,1192620,301032,13841181,173259.9,1.542753636,4.040185066914015,1.7656883520830144,NA,2.9029367094985146,-1.3204123477117469,9,-1.516126188908805,-0.543739100111662,0.8749332387629531,11,-0.04736148963066516,NA,-0.9489249243332164,Subjunctive,1
H5M17,MLS-5,RBMS,5,5,9,0,0,2 SPA/2 ENG,Bilingual,NA,8,3,NA,0,2,NA,Production,EPT-38,amar,Intensional,Intensional subjunctive,DOM,1,1,1,1,NA,SUBJ,60260,28864,1318934,-67512.13,-0.601146551,-0.7558751292784892,-0.8220498021287957,NA,-0.7889624657036425,-1.3204123477117469,9,-1.516126188908805,-0.543739100111662,0.8749332387629531,11,-0.04736148963066516,NA,-0.9489249243332164,Subjunctive,1
H5M17,MLS-5,RBMS,5,5,9,0,0,2 SPA/2 ENG,Bilingual,NA,8,3,NA,0,2,NA,Production,EPT-42,cuidar,Intensional,Intensional subjunctive,DOM,1,1,1,1,NA,SUBJ,208160,26928,1534607,-100844.1,-0.897943857,-0.12945128613949522,-0.8404570398149089,NA,-0.48495416297720206,-1.3204123477117469,9,-1.516126188908805,-0.543739100111662,0.8749332387629531,11,-0.04736148963066516,NA,-0.9489249243332164,Subjunctive,1
H5M18,MLS-5,RBMS,5,5,15,1,2,2 SPA/0 ENG,Monolingual,NA,5,1,NA,0,2,NA,Production,EPT-02,llamar,Intensional,Intensional subjunctive,DOM,0,0,0,0,NA,IND,303936,207733,8248273,79960.88,0.711993649,0.2762036834377887,0.8786135231177882,NA,0.5774086032777884,-0.02601797729481304,16,-0.26049968406340435,-1.8962901116394253,-0.7522790464130081,6,-1.8598492658811032,NA,1.2341509131501367,Subjunctive,0
H5M18,MLS-5,RBMS,5,5,15,1,2,2 SPA/0 ENG,Monolingual,NA,5,1,NA,0,2,NA,Production,EPT-08,peinar,Intensional,Intensional subjunctive,DOM,0,0,0,NA,NA,INF,6151,3173,91504,-124599.1,-1.109464919,-0.9850513816679946,-1.0663165084273158,NA,-1.0256839450476551,-0.02601797729481304,16,-0.26049968406340435,-1.8962901116394253,-0.7522790464130081,6,-1.8598492658811032,NA,1.2341509131501367,Subjunctive,0
H5M18,MLS-5,RBMS,5,5,15,1,2,2 SPA/0 ENG,Monolingual,NA,5,1,NA,0,2,NA,Production,EPT-14,pintar,Intensional,Intensional subjunctive,DOM,0,0,0,0,NA,IND,45606,22466,893704,-105306.1,-0.937674734,-0.8179414916676632,-0.8828811589034613,NA,-0.8504113252855623,-0.02601797729481304,16,-0.26049968406340435,-1.8962901116394253,-0.7522790464130081,6,-1.8598492658811032,NA,1.2341509131501367,Subjunctive,0
H5M18,MLS-5,RBMS,5,5,15,1,2,2 SPA/0 ENG,Monolingual,NA,5,1,NA,0,2,NA,Production,EPT-20,tratar,Intensional,Intensional subjunctive,DOM,0,0,0,1,NA,IND,590952,203027,9516595,75254.88,0.670090129,1.4918471301070348,0.8338694835770605,NA,1.1628583068420475,-0.02601797729481304,16,-0.26049968406340435,-1.8962901116394253,-0.7522790464130081,6,-1.8598492658811032,NA,1.2341509131501367,Subjunctive,0
H5M18,MLS-5,RBMS,5,5,15,1,2,2 SPA/0 ENG,Monolingual,NA,5,1,NA,0,2,NA,Production,EPT-26,mirar,Intensional,Intensional subjunctive,DOM,0,0,0,0,NA,IND,186441,197558,3683993,69785.88,0.621392647,-0.22144114042709367,0.7818709386879318,NA,0.2802148991304191,-0.02601797729481304,16,-0.26049968406340435,-1.8962901116394253,-0.7522790464130081,6,-1.8598492658811032,NA,1.2341509131501367,Subjunctive,0
H5M18,MLS-5,RBMS,5,5,15,1,2,2 SPA/0 ENG,Monolingual,NA,5,1,NA,0,2,NA,Production,EPT-32,llevar,Intensional,Intensional subjunctive,DOM,0,0,0,0,NA,IND,1192620,301032,13841181,173259.9,1.542753636,4.040185066914015,1.7656883520830144,NA,2.9029367094985146,-0.02601797729481304,16,-0.26049968406340435,-1.8962901116394253,-0.7522790464130081,6,-1.8598492658811032,NA,1.2341509131501367,Subjunctive,0
H5M18,MLS-5,RBMS,5,5,15,1,2,2 SPA/0 ENG,Monolingual,NA,5,1,NA,0,2,NA,Production,EPT-38,amar,Intensional,Intensional subjunctive,DOM,0,0,0,1,NA,IND,60260,28864,1318934,-67512.13,-0.601146551,-0.7558751292784892,-0.8220498021287957,NA,-0.7889624657036425,-0.02601797729481304,16,-0.26049968406340435,-1.8962901116394253,-0.7522790464130081,6,-1.8598492658811032,NA,1.2341509131501367,Subjunctive,0
H5M18,MLS-5,RBMS,5,5,15,1,2,2 SPA/0 ENG,Monolingual,NA,5,1,NA,0,2,NA,Production,EPT-42,cuidar,Intensional,Intensional subjunctive,DOM,0,0,0,1,NA,IND,208160,26928,1534607,-100844.1,-0.897943857,-0.12945128613949522,-0.8404570398149089,NA,-0.48495416297720206,-0.02601797729481304,16,-0.26049968406340435,-1.8962901116394253,-0.7522790464130081,6,-1.8598492658811032,NA,1.2341509131501367,Subjunctive,0
H5M19,MLS-5,RBMS,5,5,15,0,0,2 SPA/2 ENG,Bilingual,NA,8,0,NA,0,2,NA,Production,EPT-02,llamar,Intensional,Intensional subjunctive,DOM,0,0,0,1,NA,INF,303936,207733,8248273,79960.88,0.711993649,0.2762036834377887,0.8786135231177882,NA,0.5774086032777884,-0.02601797729481304,15,-0.4398748990413187,-0.543739100111662,-1.5658851890009888,8,-1.1348541553809282,NA,-0.9489249243332164,Subjunctive,0
H5M19,MLS-5,RBMS,5,5,15,0,0,2 SPA/2 ENG,Bilingual,NA,8,0,NA,0,2,NA,Production,EPT-08,peinar,Intensional,Intensional subjunctive,DOM,1,1,0,1,NA,SUBJ,6151,3173,91504,-124599.1,-1.109464919,-0.9850513816679946,-1.0663165084273158,NA,-1.0256839450476551,-0.02601797729481304,15,-0.4398748990413187,-0.543739100111662,-1.5658851890009888,8,-1.1348541553809282,NA,-0.9489249243332164,Subjunctive,0
H5M19,MLS-5,RBMS,5,5,15,0,0,2 SPA/2 ENG,Bilingual,NA,8,0,NA,0,2,NA,Production,EPT-14,pintar,Intensional,Intensional subjunctive,DOM,0,0,NA,0,NA,IND,45606,22466,893704,-105306.1,-0.937674734,-0.8179414916676632,-0.8828811589034613,NA,-0.8504113252855623,-0.02601797729481304,15,-0.4398748990413187,-0.543739100111662,-1.5658851890009888,8,-1.1348541553809282,NA,-0.9489249243332164,Subjunctive,NA
H5M19,MLS-5,RBMS,5,5,15,0,0,2 SPA/2 ENG,Bilingual,NA,8,0,NA,0,2,NA,Production,EPT-20,tratar,Intensional,Intensional subjunctive,DOM,1,1,0,0,NA,IND,590952,203027,9516595,75254.88,0.670090129,1.4918471301070348,0.8338694835770605,NA,1.1628583068420475,-0.02601797729481304,15,-0.4398748990413187,-0.543739100111662,-1.5658851890009888,8,-1.1348541553809282,NA,-0.9489249243332164,Subjunctive,0
H5M19,MLS-5,RBMS,5,5,15,0,0,2 SPA/2 ENG,Bilingual,NA,8,0,NA,0,2,NA,Production,EPT-26,mirar,Intensional,Intensional subjunctive,DOM,0,0,0,0,NA,IND,186441,197558,3683993,69785.88,0.621392647,-0.22144114042709367,0.7818709386879318,NA,0.2802148991304191,-0.02601797729481304,15,-0.4398748990413187,-0.543739100111662,-1.5658851890009888,8,-1.1348541553809282,NA,-0.9489249243332164,Subjunctive,0
H5M19,MLS-5,RBMS,5,5,15,0,0,2 SPA/2 ENG,Bilingual,NA,8,0,NA,0,2,NA,Production,EPT-32,llevar,Intensional,Intensional subjunctive,DOM,0,0,0,NA,NA,INF,1192620,301032,13841181,173259.9,1.542753636,4.040185066914015,1.7656883520830144,NA,2.9029367094985146,-0.02601797729481304,15,-0.4398748990413187,-0.543739100111662,-1.5658851890009888,8,-1.1348541553809282,NA,-0.9489249243332164,Subjunctive,0
H5M19,MLS-5,RBMS,5,5,15,0,0,2 SPA/2 ENG,Bilingual,NA,8,0,NA,0,2,NA,Production,EPT-38,amar,Intensional,Intensional subjunctive,DOM,0,0,1,NA,NA,INF,60260,28864,1318934,-67512.13,-0.601146551,-0.7558751292784892,-0.8220498021287957,NA,-0.7889624657036425,-0.02601797729481304,15,-0.4398748990413187,-0.543739100111662,-1.5658851890009888,8,-1.1348541553809282,NA,-0.9489249243332164,Subjunctive,1
H5M19,MLS-5,RBMS,5,5,15,0,0,2 SPA/2 ENG,Bilingual,NA,8,0,NA,0,2,NA,Production,EPT-42,cuidar,Intensional,Intensional subjunctive,DOM,0,0,1,0,NA,IND,208160,26928,1534607,-100844.1,-0.897943857,-0.12945128613949522,-0.8404570398149089,NA,-0.48495416297720206,-0.02601797729481304,15,-0.4398748990413187,-0.543739100111662,-1.5658851890009888,8,-1.1348541553809282,NA,-0.9489249243332164,Subjunctive,1
H5M20,MLS-5,RBMS,5,5,15,2,2,2 SPA/0 ENG,Monolingual,NA,10,2,NA,0,2,NA,Production,EPT-02,llamar,Intensional,Intensional subjunctive,DOM,1,1,0,0,NA,SUBJ,303936,207733,8248273,79960.88,0.711993649,0.2762036834377887,0.8786135231177882,NA,0.5774086032777884,-0.02601797729481304,17,-0.08112446908549001,0.3579615742401802,0.06132709617497251,12,0.31513606561942253,NA,1.2341509131501367,Subjunctive,0
H5M20,MLS-5,RBMS,5,5,15,2,2,2 SPA/0 ENG,Monolingual,NA,10,2,NA,0,2,NA,Production,EPT-08,peinar,Intensional,Intensional subjunctive,DOM,1,1,0,1,NA,SUBJ,6151,3173,91504,-124599.1,-1.109464919,-0.9850513816679946,-1.0663165084273158,NA,-1.0256839450476551,-0.02601797729481304,17,-0.08112446908549001,0.3579615742401802,0.06132709617497251,12,0.31513606561942253,NA,1.2341509131501367,Subjunctive,0
H5M20,MLS-5,RBMS,5,5,15,2,2,2 SPA/0 ENG,Monolingual,NA,10,2,NA,0,2,NA,Production,EPT-14,pintar,Intensional,Intensional subjunctive,DOM,0,NA,0,0,NA,IND,45606,22466,893704,-105306.1,-0.937674734,-0.8179414916676632,-0.8828811589034613,NA,-0.8504113252855623,-0.02601797729481304,17,-0.08112446908549001,0.3579615742401802,0.06132709617497251,12,0.31513606561942253,NA,1.2341509131501367,Subjunctive,0
H5M20,MLS-5,RBMS,5,5,15,2,2,2 SPA/0 ENG,Monolingual,NA,10,2,NA,0,2,NA,Production,EPT-20,tratar,Intensional,Intensional subjunctive,DOM,0,0,0,1,NA,IND,590952,203027,9516595,75254.88,0.670090129,1.4918471301070348,0.8338694835770605,NA,1.1628583068420475,-0.02601797729481304,17,-0.08112446908549001,0.3579615742401802,0.06132709617497251,12,0.31513606561942253,NA,1.2341509131501367,Subjunctive,0
H5M20,MLS-5,RBMS,5,5,15,2,2,2 SPA/0 ENG,Monolingual,NA,10,2,NA,0,2,NA,Production,EPT-26,mirar,Intensional,Intensional subjunctive,DOM,1,1,0,0,NA,SUBJ,186441,197558,3683993,69785.88,0.621392647,-0.22144114042709367,0.7818709386879318,NA,0.2802148991304191,-0.02601797729481304,17,-0.08112446908549001,0.3579615742401802,0.06132709617497251,12,0.31513606561942253,NA,1.2341509131501367,Subjunctive,0
H5M20,MLS-5,RBMS,5,5,15,2,2,2 SPA/0 ENG,Monolingual,NA,10,2,NA,0,2,NA,Production,EPT-32,llevar,Intensional,Intensional subjunctive,DOM,1,1,0,1,NA,SUBJ,1192620,301032,13841181,173259.9,1.542753636,4.040185066914015,1.7656883520830144,NA,2.9029367094985146,-0.02601797729481304,17,-0.08112446908549001,0.3579615742401802,0.06132709617497251,12,0.31513606561942253,NA,1.2341509131501367,Subjunctive,0
H5M20,MLS-5,RBMS,5,5,15,2,2,2 SPA/0 ENG,Monolingual,NA,10,2,NA,0,2,NA,Production,EPT-38,amar,Intensional,Intensional subjunctive,DOM,1,1,0,1,NA,SUBJ,60260,28864,1318934,-67512.13,-0.601146551,-0.7558751292784892,-0.8220498021287957,NA,-0.7889624657036425,-0.02601797729481304,17,-0.08112446908549001,0.3579615742401802,0.06132709617497251,12,0.31513606561942253,NA,1.2341509131501367,Subjunctive,0
H5M20,MLS-5,RBMS,5,5,15,2,2,2 SPA/0 ENG,Monolingual,NA,10,2,NA,0,2,NA,Production,EPT-42,cuidar,Intensional,Intensional subjunctive,DOM,1,1,0,1,NA,SUBJ,208160,26928,1534607,-100844.1,-0.897943857,-0.12945128613949522,-0.8404570398149089,NA,-0.48495416297720206,-0.02601797729481304,17,-0.08112446908549001,0.3579615742401802,0.06132709617497251,12,0.31513606561942253,NA,1.2341509131501367,Subjunctive,0
H5M01,MLS-5,RBMS,5,5,10,2,2,2 SPA/0 ENG,Monolingual,NA,14,4,NA,0,2,NA,Production,EPT-12,amar,Intensional,Intensional indicative,DOM,1,1,0,0,NA,IND,60260,28864,1318934,NA,NA,-0.7558751292784892,-0.8220498021287957,NA,-0.7889624657036425,-1.104679952642258,12,-0.9780005439750618,2.1613629229438645,1.6885393813509335,18,2.4901213971199487,NA,1.2341509131501367,Indicative,0
H5M01,MLS-5,RBMS,5,5,10,2,2,2 SPA/0 ENG,Monolingual,NA,14,4,NA,0,2,NA,Production,EPT-24,pintar,Intensional,Intensional indicative,DOM,1,1,0,0,NA,IND,45606,22466,893704,NA,NA,-0.8179414916676632,-0.8828811589034613,NA,-0.8504113252855623,-1.104679952642258,12,-0.9780005439750618,2.1613629229438645,1.6885393813509335,18,2.4901213971199487,NA,1.2341509131501367,Indicative,0
H5M02,MLS-5,RBMS,5,5,12,1,2,2 SPA/0 ENG,Monolingual,NA,7,2,4,0,2,NA,Production,EPT-12,amar,Intensional,Intensional indicative,DOM,0,NA,1,NA,NA,INF,60260,28864,1318934,NA,NA,-0.7558751292784892,-0.8220498021287957,NA,-0.7889624657036425,-0.67321516250328,13,-0.7986253289971474,-0.9945894372875832,0.06132709617497251,9,-0.7723566001308405,NA,1.2341509131501367,Indicative,1
H5M02,MLS-5,RBMS,5,5,12,1,2,2 SPA/0 ENG,Monolingual,NA,7,2,4,0,2,NA,Production,EPT-24,pintar,Intensional,Intensional indicative,DOM,0,0,0,NA,NA,INF,45606,22466,893704,NA,NA,-0.8179414916676632,-0.8828811589034613,NA,-0.8504113252855623,-0.67321516250328,13,-0.7986253289971474,-0.9945894372875832,0.06132709617497251,9,-0.7723566001308405,NA,1.2341509131501367,Indicative,0
H5M04,MLS-5,RBMS,5,5,22,1,1,2 SPA/1 ENG,Bilingual,NA,8,2,4,0,2,NA,Production,EPT-12,amar,Intensional,Intensional indicative,DOM,1,1,0,1,NA,IND,60260,28864,1318934,NA,NA,-0.7558751292784892,-0.8220498021287957,NA,-0.7889624657036425,1.4841087881916095,23,0.995126820781996,-0.543739100111662,0.06132709617497251,10,-0.40985904488075287,NA,0.14261299440846,Indicative,0
H5M04,MLS-5,RBMS,5,5,22,1,1,2 SPA/1 ENG,Bilingual,NA,8,2,4,0,2,NA,Production,EPT-24,pintar,Intensional,Intensional indicative,DOM,0,0,0,1,NA,SUBJ,45606,22466,893704,NA,NA,-0.8179414916676632,-0.8828811589034613,NA,-0.8504113252855623,1.4841087881916095,23,0.995126820781996,-0.543739100111662,0.06132709617497251,10,-0.40985904488075287,NA,0.14261299440846,Indicative,0
H5M05,MLS-5,RBMS,5,5,11,1,0,2 SPA/2 ENG,Bilingual,NA,12,4,3,0,2,NA,Production,EPT-12,amar,Intensional,Intensional indicative,DOM,1,1,0,1,NA,IND,60260,28864,1318934,NA,NA,-0.7558751292784892,-0.8220498021287957,NA,-0.7889624657036425,-0.888947557572769,12,-0.9780005439750618,1.2596622485920224,1.6885393813509335,16,1.7651262866197732,NA,-0.9489249243332164,Indicative,0
H5M05,MLS-5,RBMS,5,5,11,1,0,2 SPA/2 ENG,Bilingual,NA,12,4,3,0,2,NA,Production,EPT-24,pintar,Intensional,Intensional indicative,DOM,1,1,0,1,NA,IND MODAL,45606,22466,893704,NA,NA,-0.8179414916676632,-0.8828811589034613,NA,-0.8504113252855623,-0.888947557572769,12,-0.9780005439750618,1.2596622485920224,1.6885393813509335,16,1.7651262866197732,NA,-0.9489249243332164,Indicative,0
H5M06,MLS-5,RBMS,5,5,20,2,2,2 SPA/0 ENG,Monolingual,NA,10,3,3,0,2,NA,Production,EPT-12,amar,Intensional,Intensional indicative,DOM,0,0,1,NA,NA,SUBJ,60260,28864,1318934,NA,NA,-0.7558751292784892,-0.8220498021287957,NA,-0.7889624657036425,1.052643998052632,22,0.8157516058040818,0.3579615742401802,0.8749332387629531,13,0.6776336208695102,NA,1.2341509131501367,Indicative,1
H5M06,MLS-5,RBMS,5,5,20,2,2,2 SPA/0 ENG,Monolingual,NA,10,3,3,0,2,NA,Production,EPT-24,pintar,Intensional,Intensional indicative,DOM,1,1,0,NA,NA,IND,45606,22466,893704,NA,NA,-0.8179414916676632,-0.8828811589034613,NA,-0.8504113252855623,1.052643998052632,22,0.8157516058040818,0.3579615742401802,0.8749332387629531,13,0.6776336208695102,NA,1.2341509131501367,Indicative,0
H5M07,MLS-5,RBMS,5,5,15,4,2,2 SPA/0 ENG,Monolingual,NA,9,2,NA,0,2,NA,Production,EPT-12,amar,Intensional,Intensional indicative,DOM,0,NA,0,NA,NA,INF,60260,28864,1318934,NA,NA,-0.7558751292784892,-0.8220498021287957,NA,-0.7889624657036425,-0.02601797729481304,19,0.2776259608703387,-0.09288876293574087,0.06132709617497251,11,-0.04736148963066516,NA,1.2341509131501367,Indicative,0
H5M07,MLS-5,RBMS,5,5,15,4,2,2 SPA/0 ENG,Monolingual,NA,9,2,NA,0,2,NA,Production,EPT-24,pintar,Intensional,Intensional indicative,DOM,0,NA,0,NA,NA,INF,45606,22466,893704,NA,NA,-0.8179414916676632,-0.8828811589034613,NA,-0.8504113252855623,-0.02601797729481304,19,0.2776259608703387,-0.09288876293574087,0.06132709617497251,11,-0.04736148963066516,NA,1.2341509131501367,Indicative,0
H5M08,MLS-5,RBMS,5,5,18,3,2,2 SPA/0 ENG,Monolingual,NA,9,0,NA,0,2,NA,Production,EPT-12,amar,Intensional,Intensional indicative,DOM,NA,NA,NA,NA,NA,NA,60260,28864,1318934,NA,NA,-0.7558751292784892,-0.8220498021287957,NA,-0.7889624657036425,0.6211792079136539,21,0.6363763908261674,-0.09288876293574087,-1.5658851890009888,9,-0.7723566001308405,NA,1.2341509131501367,Indicative,NA
H5M08,MLS-5,RBMS,5,5,18,3,2,2 SPA/0 ENG,Monolingual,NA,9,0,NA,0,2,NA,Production,EPT-24,pintar,Intensional,Intensional indicative,DOM,1,1,0,1,NA,IND,45606,22466,893704,NA,NA,-0.8179414916676632,-0.8828811589034613,NA,-0.8504113252855623,0.6211792079136539,21,0.6363763908261674,-0.09288876293574087,-1.5658851890009888,9,-0.7723566001308405,NA,1.2341509131501367,Indicative,0
H5M10,MLS-5,RBMS,5,5,11,0,2,2 SPA/0 ENG,Monolingual,NA,11,0,3,0,2,NA,Production,EPT-12,amar,Intensional,Intensional indicative,DOM,1,1,0,1,NA,IND,60260,28864,1318934,NA,NA,-0.7558751292784892,-0.8220498021287957,NA,-0.7889624657036425,-0.888947557572769,11,-1.157375758952976,0.8088119114161013,-1.5658851890009888,11,-0.04736148963066516,NA,1.2341509131501367,Indicative,0
H5M10,MLS-5,RBMS,5,5,11,0,2,2 SPA/0 ENG,Monolingual,NA,11,0,3,0,2,NA,Production,EPT-24,pintar,Intensional,Intensional indicative,DOM,0,0,0,1,NA,IND,45606,22466,893704,NA,NA,-0.8179414916676632,-0.8828811589034613,NA,-0.8504113252855623,-0.888947557572769,11,-1.157375758952976,0.8088119114161013,-1.5658851890009888,11,-0.04736148963066516,NA,1.2341509131501367,Indicative,0
H5M13,MLS-5,RBMS,5,5,11,0,0,2 SPA/2 ENG,Bilingual,NA,6,2,4,0,2,NA,Production,EPT-12,amar,Intensional,Intensional indicative,DOM,1,NA,0,0,NA,MISC,60260,28864,1318934,NA,NA,-0.7558751292784892,-0.8220498021287957,NA,-0.7889624657036425,-0.888947557572769,11,-1.157375758952976,-1.445439774463504,0.06132709617497251,8,-1.1348541553809282,NA,-0.9489249243332164,Indicative,0
H5M13,MLS-5,RBMS,5,5,11,0,0,2 SPA/2 ENG,Bilingual,NA,6,2,4,0,2,NA,Production,EPT-24,pintar,Intensional,Intensional indicative,DOM,0,0,0,NA,NA,INF,45606,22466,893704,NA,NA,-0.8179414916676632,-0.8828811589034613,NA,-0.8504113252855623,-0.888947557572769,11,-1.157375758952976,-1.445439774463504,0.06132709617497251,8,-1.1348541553809282,NA,-0.9489249243332164,Indicative,0
H5M16,MLS-5,RBMS,5,5,8,3,2,2 SPA/0 ENG,Monolingual,NA,9,1,1,0,2,NA,Production,EPT-12,amar,Intensional,Intensional indicative,DOM,1,1,0,1,NA,PER FUT,60260,28864,1318934,NA,NA,-0.7558751292784892,-0.8220498021287957,NA,-0.7889624657036425,-1.536144742781236,11,-1.157375758952976,-0.09288876293574087,-0.7522790464130081,10,-0.40985904488075287,NA,1.2341509131501367,Indicative,0
H5M16,MLS-5,RBMS,5,5,8,3,2,2 SPA/0 ENG,Monolingual,NA,9,1,1,0,2,NA,Production,EPT-24,pintar,Intensional,Intensional indicative,DOM,1,1,0,1,NA,PER FUT,45606,22466,893704,NA,NA,-0.8179414916676632,-0.8828811589034613,NA,-0.8504113252855623,-1.536144742781236,11,-1.157375758952976,-0.09288876293574087,-0.7522790464130081,10,-0.40985904488075287,NA,1.2341509131501367,Indicative,0
H5M17,MLS-5,RBMS,5,5,9,0,0,2 SPA/2 ENG,Bilingual,NA,8,3,NA,0,2,NA,Production,EPT-12,amar,Intensional,Intensional indicative,DOM,1,1,1,1,NA,IND,60260,28864,1318934,NA,NA,-0.7558751292784892,-0.8220498021287957,NA,-0.7889624657036425,-1.3204123477117469,9,-1.516126188908805,-0.543739100111662,0.8749332387629531,11,-0.04736148963066516,NA,-0.9489249243332164,Indicative,1
H5M17,MLS-5,RBMS,5,5,9,0,0,2 SPA/2 ENG,Bilingual,NA,8,3,NA,0,2,NA,Production,EPT-24,pintar,Intensional,Intensional indicative,DOM,0,0,0,0,NA,SUBJ,45606,22466,893704,NA,NA,-0.8179414916676632,-0.8828811589034613,NA,-0.8504113252855623,-1.3204123477117469,9,-1.516126188908805,-0.543739100111662,0.8749332387629531,11,-0.04736148963066516,NA,-0.9489249243332164,Indicative,0
H5M18,MLS-5,RBMS,5,5,15,1,2,2 SPA/0 ENG,Monolingual,NA,5,1,NA,0,2,NA,Production,EPT-12,amar,Intensional,Intensional indicative,DOM,1,1,0,1,NA,IND,60260,28864,1318934,NA,NA,-0.7558751292784892,-0.8220498021287957,NA,-0.7889624657036425,-0.02601797729481304,16,-0.26049968406340435,-1.8962901116394253,-0.7522790464130081,6,-1.8598492658811032,NA,1.2341509131501367,Indicative,0
H5M18,MLS-5,RBMS,5,5,15,1,2,2 SPA/0 ENG,Monolingual,NA,5,1,NA,0,2,NA,Production,EPT-24,pintar,Intensional,Intensional indicative,DOM,1,1,0,0,NA,IND,45606,22466,893704,NA,NA,-0.8179414916676632,-0.8828811589034613,NA,-0.8504113252855623,-0.02601797729481304,16,-0.26049968406340435,-1.8962901116394253,-0.7522790464130081,6,-1.8598492658811032,NA,1.2341509131501367,Indicative,0
H5M19,MLS-5,RBMS,5,5,15,0,0,2 SPA/2 ENG,Bilingual,NA,8,0,NA,0,2,NA,Production,EPT-12,amar,Intensional,Intensional indicative,DOM,0,NA,0,1,NA,IND MODAL,60260,28864,1318934,NA,NA,-0.7558751292784892,-0.8220498021287957,NA,-0.7889624657036425,-0.02601797729481304,15,-0.4398748990413187,-0.543739100111662,-1.5658851890009888,8,-1.1348541553809282,NA,-0.9489249243332164,Indicative,0
H5M19,MLS-5,RBMS,5,5,15,0,0,2 SPA/2 ENG,Bilingual,NA,8,0,NA,0,2,NA,Production,EPT-24,pintar,Intensional,Intensional indicative,DOM,1,1,0,0,NA,IND,45606,22466,893704,NA,NA,-0.8179414916676632,-0.8828811589034613,NA,-0.8504113252855623,-0.02601797729481304,15,-0.4398748990413187,-0.543739100111662,-1.5658851890009888,8,-1.1348541553809282,NA,-0.9489249243332164,Indicative,0
H5M20,MLS-5,RBMS,5,5,15,2,2,2 SPA/0 ENG,Monolingual,NA,10,2,NA,0,2,NA,Production,EPT-12,amar,Intensional,Intensional indicative,DOM,1,1,0,1,NA,IND,60260,28864,1318934,NA,NA,-0.7558751292784892,-0.8220498021287957,NA,-0.7889624657036425,-0.02601797729481304,17,-0.08112446908549001,0.3579615742401802,0.06132709617497251,12,0.31513606561942253,NA,1.2341509131501367,Indicative,0
H5M20,MLS-5,RBMS,5,5,15,2,2,2 SPA/0 ENG,Monolingual,NA,10,2,NA,0,2,NA,Production,EPT-24,pintar,Intensional,Intensional indicative,DOM,1,1,0,1,NA,IND,45606,22466,893704,NA,NA,-0.8179414916676632,-0.8828811589034613,NA,-0.8504113252855623,-0.02601797729481304,17,-0.08112446908549001,0.3579615742401802,0.06132709617497251,12,0.31513606561942253,NA,1.2341509131501367,Indicative,0
HSP01,Adults,NA,NA,Adults,12,4,0,2 SPA/2 ENG,Bilingual,44,14,4,4,0,2,NA,Production,EPT-02,llamar,Intensional,Intensional subjunctive,DOM,1,1,0,NA,NA,SUBJ,303936,207733,8248273,79960.88,0.711993649,0.2762036834377887,0.8786135231177882,NA,0.5774086032777884,0.3653181818859793,16,0.7870857990428007,1.0884845215565138,1.0577873910921654,18,1.3617106537175974,1.2113094016599415,-0.15582114365146038,Subjunctive,0
HSP01,Adults,NA,NA,Adults,12,4,0,2 SPA/2 ENG,Bilingual,44,14,4,4,0,2,NA,Production,EPT-08,peinar,Intensional,Intensional subjunctive,DOM,1,1,1,NA,NA,SUBJ,6151,3173,91504,-124599.1,-1.109464919,-0.9850513816679946,-1.0663165084273158,NA,-1.0256839450476551,0.3653181818859793,16,0.7870857990428007,1.0884845215565138,1.0577873910921654,18,1.3617106537175974,1.2113094016599415,-0.15582114365146038,Subjunctive,1
HSP01,Adults,NA,NA,Adults,12,4,0,2 SPA/2 ENG,Bilingual,44,14,4,4,0,2,NA,Production,EPT-14,pintar,Intensional,Intensional subjunctive,DOM,1,1,0,NA,NA,SUBJ,45606,22466,893704,-105306.1,-0.937674734,-0.8179414916676632,-0.8828811589034613,NA,-0.8504113252855623,0.3653181818859793,16,0.7870857990428007,1.0884845215565138,1.0577873910921654,18,1.3617106537175974,1.2113094016599415,-0.15582114365146038,Subjunctive,0
HSP01,Adults,NA,NA,Adults,12,4,0,2 SPA/2 ENG,Bilingual,44,14,4,4,0,2,NA,Production,EPT-20,tratar,Intensional,Intensional subjunctive,DOM,1,1,0,NA,NA,SUBJ,590952,203027,9516595,75254.88,0.670090129,1.4918471301070348,0.8338694835770605,NA,1.1628583068420475,0.3653181818859793,16,0.7870857990428007,1.0884845215565138,1.0577873910921654,18,1.3617106537175974,1.2113094016599415,-0.15582114365146038,Subjunctive,0
HSP01,Adults,NA,NA,Adults,12,4,0,2 SPA/2 ENG,Bilingual,44,14,4,4,0,2,NA,Production,EPT-26,mirar,Intensional,Intensional subjunctive,DOM,1,1,0,NA,NA,SUBJ,186441,197558,3683993,69785.88,0.621392647,-0.22144114042709367,0.7818709386879318,NA,0.2802148991304191,0.3653181818859793,16,0.7870857990428007,1.0884845215565138,1.0577873910921654,18,1.3617106537175974,1.2113094016599415,-0.15582114365146038,Subjunctive,0
HSP01,Adults,NA,NA,Adults,12,4,0,2 SPA/2 ENG,Bilingual,44,14,4,4,0,2,NA,Production,EPT-32,llevar,Intensional,Intensional subjunctive,DOM,1,1,0,NA,NA,SUBJ,418316,301022,13841181,173259.9,1.542753636,0.7606550639532595,1.765593273375958,NA,1.2631241686646089,0.3653181818859793,16,0.7870857990428007,1.0884845215565138,1.0577873910921654,18,1.3617106537175974,1.2113094016599415,-0.15582114365146038,Subjunctive,0
HSP01,Adults,NA,NA,Adults,12,4,0,2 SPA/2 ENG,Bilingual,44,14,4,4,0,2,NA,Production,EPT-38,amar,Intensional,Intensional subjunctive,DOM,1,1,1,NA,NA,SUBJ,60260,28864,1318934,-67512.13,-0.601146551,-0.7558751292784892,-0.8220498021287957,NA,-0.7889624657036425,0.3653181818859793,16,0.7870857990428007,1.0884845215565138,1.0577873910921654,18,1.3617106537175974,1.2113094016599415,-0.15582114365146038,Subjunctive,1
HSP01,Adults,NA,NA,Adults,12,4,0,2 SPA/2 ENG,Bilingual,44,14,4,4,0,2,NA,Production,EPT-42,cuidar,Intensional,Intensional subjunctive,DOM,1,1,0,NA,NA,SUBJ,208160,26928,1534607,-100844.1,-0.897943857,-0.12945128613949522,-0.8404570398149089,NA,-0.48495416297720206,0.3653181818859793,16,0.7870857990428007,1.0884845215565138,1.0577873910921654,18,1.3617106537175974,1.2113094016599415,-0.15582114365146038,Subjunctive,0
HSP02,Adults,NA,NA,Adults,12,3,0,2 SPA/2 ENG,Bilingual,49,11,4,0,0,3,NA,Production,EPT-02,llamar,Intensional,Intensional subjunctive,DOM,1,1,1,1,NA,SUBJ,303936,207733,8248273,79960.88,0.711993649,0.2762036834377887,0.8786135231177882,NA,0.5774086032777884,0.3653181818859793,15,0.5796368287524502,-0.13157505205628298,1.0577873910921654,15,0.35522886618719884,1.7833166191104683,-0.15582114365146038,Subjunctive,1
HSP02,Adults,NA,NA,Adults,12,3,0,2 SPA/2 ENG,Bilingual,49,11,4,0,0,3,NA,Production,EPT-08,peinar,Intensional,Intensional subjunctive,DOM,NA,NA,NA,NA,NA,NA,6151,3173,91504,-124599.1,-1.109464919,-0.9850513816679946,-1.0663165084273158,NA,-1.0256839450476551,0.3653181818859793,15,0.5796368287524502,-0.13157505205628298,1.0577873910921654,15,0.35522886618719884,1.7833166191104683,-0.15582114365146038,Subjunctive,NA
HSP02,Adults,NA,NA,Adults,12,3,0,2 SPA/2 ENG,Bilingual,49,11,4,0,0,3,NA,Production,EPT-14,pintar,Intensional,Intensional subjunctive,DOM,1,1,1,1,NA,SUBJ,45606,22466,893704,-105306.1,-0.937674734,-0.8179414916676632,-0.8828811589034613,NA,-0.8504113252855623,0.3653181818859793,15,0.5796368287524502,-0.13157505205628298,1.0577873910921654,15,0.35522886618719884,1.7833166191104683,-0.15582114365146038,Subjunctive,1
HSP02,Adults,NA,NA,Adults,12,3,0,2 SPA/2 ENG,Bilingual,49,11,4,0,0,3,NA,Production,EPT-20,tratar,Intensional,Intensional subjunctive,DOM,1,1,1,1,NA,SUBJ,590952,203027,9516595,75254.88,0.670090129,1.4918471301070348,0.8338694835770605,NA,1.1628583068420475,0.3653181818859793,15,0.5796368287524502,-0.13157505205628298,1.0577873910921654,15,0.35522886618719884,1.7833166191104683,-0.15582114365146038,Subjunctive,1
HSP02,Adults,NA,NA,Adults,12,3,0,2 SPA/2 ENG,Bilingual,49,11,4,0,0,3,NA,Production,EPT-26,mirar,Intensional,Intensional subjunctive,DOM,NA,NA,NA,NA,NA,NA,186441,197558,3683993,69785.88,0.621392647,-0.22144114042709367,0.7818709386879318,NA,0.2802148991304191,0.3653181818859793,15,0.5796368287524502,-0.13157505205628298,1.0577873910921654,15,0.35522886618719884,1.7833166191104683,-0.15582114365146038,Subjunctive,NA
HSP02,Adults,NA,NA,Adults,12,3,0,2 SPA/2 ENG,Bilingual,49,11,4,0,0,3,NA,Production,EPT-32,llevar,Intensional,Intensional subjunctive,DOM,1,1,1,1,NA,SUBJ,418316,301022,13841181,173259.9,1.542753636,0.7606550639532595,1.765593273375958,NA,1.2631241686646089,0.3653181818859793,15,0.5796368287524502,-0.13157505205628298,1.0577873910921654,15,0.35522886618719884,1.7833166191104683,-0.15582114365146038,Subjunctive,1
HSP02,Adults,NA,NA,Adults,12,3,0,2 SPA/2 ENG,Bilingual,49,11,4,0,0,3,NA,Production,EPT-38,amar,Intensional,Intensional subjunctive,DOM,1,1,1,1,NA,SUBJ,60260,28864,1318934,-67512.13,-0.601146551,-0.7558751292784892,-0.8220498021287957,NA,-0.7889624657036425,0.3653181818859793,15,0.5796368287524502,-0.13157505205628298,1.0577873910921654,15,0.35522886618719884,1.7833166191104683,-0.15582114365146038,Subjunctive,1
HSP02,Adults,NA,NA,Adults,12,3,0,2 SPA/2 ENG,Bilingual,49,11,4,0,0,3,NA,Production,EPT-42,cuidar,Intensional,Intensional subjunctive,DOM,1,1,1,1,NA,SUBJ,208160,26928,1534607,-100844.1,-0.897943857,-0.12945128613949522,-0.8404570398149089,NA,-0.48495416297720206,0.3653181818859793,15,0.5796368287524502,-0.13157505205628298,1.0577873910921654,15,0.35522886618719884,1.7833166191104683,-0.15582114365146038,Subjunctive,1
HSP03,Adults,NA,NA,Adults,5,3,-1,1 SPA/2 ENG,Bilingual,27,7,4,0,0,2,NA,Production,EPT-02,llamar,Intensional,Intensional subjunctive,DOM,0,0,0,1,NA,IND,303936,207733,8248273,79960.88,0.711993649,0.2762036834377887,0.8786135231177882,NA,0.5774086032777884,-1.2447878790188855,8,-0.8725059632800036,-1.758321150206679,1.0577873910921654,11,-0.9867468505199992,-0.7335151376718487,-1.2154049204813893,Subjunctive,0
HSP03,Adults,NA,NA,Adults,5,3,-1,1 SPA/2 ENG,Bilingual,27,7,4,0,0,2,NA,Production,EPT-08,peinar,Intensional,Intensional subjunctive,DOM,0,0,0,1,NA,IND,6151,3173,91504,-124599.1,-1.109464919,-0.9850513816679946,-1.0663165084273158,NA,-1.0256839450476551,-1.2447878790188855,8,-0.8725059632800036,-1.758321150206679,1.0577873910921654,11,-0.9867468505199992,-0.7335151376718487,-1.2154049204813893,Subjunctive,0
HSP03,Adults,NA,NA,Adults,5,3,-1,1 SPA/2 ENG,Bilingual,27,7,4,0,0,2,NA,Production,EPT-14,pintar,Intensional,Intensional subjunctive,DOM,0,0,0,1,NA,IND,45606,22466,893704,-105306.1,-0.937674734,-0.8179414916676632,-0.8828811589034613,NA,-0.8504113252855623,-1.2447878790188855,8,-0.8725059632800036,-1.758321150206679,1.0577873910921654,11,-0.9867468505199992,-0.7335151376718487,-1.2154049204813893,Subjunctive,0
HSP03,Adults,NA,NA,Adults,5,3,-1,1 SPA/2 ENG,Bilingual,27,7,4,0,0,2,NA,Production,EPT-20,tratar,Intensional,Intensional subjunctive,DOM,1,1,0,1,NA,SUBJ,590952,203027,9516595,75254.88,0.670090129,1.4918471301070348,0.8338694835770605,NA,1.1628583068420475,-1.2447878790188855,8,-0.8725059632800036,-1.758321150206679,1.0577873910921654,11,-0.9867468505199992,-0.7335151376718487,-1.2154049204813893,Subjunctive,0
HSP03,Adults,NA,NA,Adults,5,3,-1,1 SPA/2 ENG,Bilingual,27,7,4,0,0,2,NA,Production,EPT-26,mirar,Intensional,Intensional subjunctive,DOM,0,NA,0,NA,NA,IND,186441,197558,3683993,69785.88,0.621392647,-0.22144114042709367,0.7818709386879318,NA,0.2802148991304191,-1.2447878790188855,8,-0.8725059632800036,-1.758321150206679,1.0577873910921654,11,-0.9867468505199992,-0.7335151376718487,-1.2154049204813893,Subjunctive,0
HSP03,Adults,NA,NA,Adults,5,3,-1,1 SPA/2 ENG,Bilingual,27,7,4,0,0,2,NA,Production,EPT-32,llevar,Intensional,Intensional subjunctive,DOM,0,0,0,1,NA,IND,418316,301022,13841181,173259.9,1.542753636,0.7606550639532595,1.765593273375958,NA,1.2631241686646089,-1.2447878790188855,8,-0.8725059632800036,-1.758321150206679,1.0577873910921654,11,-0.9867468505199992,-0.7335151376718487,-1.2154049204813893,Subjunctive,0
HSP03,Adults,NA,NA,Adults,5,3,-1,1 SPA/2 ENG,Bilingual,27,7,4,0,0,2,NA,Production,EPT-38,amar,Intensional,Intensional subjunctive,DOM,0,NA,0,NA,NA,IND,60260,28864,1318934,-67512.13,-0.601146551,-0.7558751292784892,-0.8220498021287957,NA,-0.7889624657036425,-1.2447878790188855,8,-0.8725059632800036,-1.758321150206679,1.0577873910921654,11,-0.9867468505199992,-0.7335151376718487,-1.2154049204813893,Subjunctive,0
HSP03,Adults,NA,NA,Adults,5,3,-1,1 SPA/2 ENG,Bilingual,27,7,4,0,0,2,NA,Production,EPT-42,cuidar,Intensional,Intensional subjunctive,DOM,0,0,0,1,NA,IND,208160,26928,1534607,-100844.1,-0.897943857,-0.12945128613949522,-0.8404570398149089,NA,-0.48495416297720206,-1.2447878790188855,8,-0.8725059632800036,-1.758321150206679,1.0577873910921654,11,-0.9867468505199992,-0.7335151376718487,-1.2154049204813893,Subjunctive,0
HSP06,Adults,NA,NA,Adults,3,0,-1,1 SPA/2 ENG,Bilingual,25,10,2,0,0,2,NA,Production,EPT-02,llamar,Intensional,Intensional subjunctive,DOM,1,1,0,1,NA,SUBJ,303936,207733,8248273,79960.88,0.711993649,0.2762036834377887,0.8786135231177882,NA,0.5774086032777884,-1.7048181821345614,3,-1.9097508147317563,-0.538261576593882,-0.47262840878585577,12,-0.6512529213431998,-0.9623180246520594,-1.2154049204813893,Subjunctive,0
HSP06,Adults,NA,NA,Adults,3,0,-1,1 SPA/2 ENG,Bilingual,25,10,2,0,0,2,NA,Production,EPT-08,peinar,Intensional,Intensional subjunctive,DOM,1,1,1,1,NA,SUBJ,6151,3173,91504,-124599.1,-1.109464919,-0.9850513816679946,-1.0663165084273158,NA,-1.0256839450476551,-1.7048181821345614,3,-1.9097508147317563,-0.538261576593882,-0.47262840878585577,12,-0.6512529213431998,-0.9623180246520594,-1.2154049204813893,Subjunctive,1
HSP06,Adults,NA,NA,Adults,3,0,-1,1 SPA/2 ENG,Bilingual,25,10,2,0,0,2,NA,Production,EPT-14,pintar,Intensional,Intensional subjunctive,DOM,0,0,0,1,NA,IND,45606,22466,893704,-105306.1,-0.937674734,-0.8179414916676632,-0.8828811589034613,NA,-0.8504113252855623,-1.7048181821345614,3,-1.9097508147317563,-0.538261576593882,-0.47262840878585577,12,-0.6512529213431998,-0.9623180246520594,-1.2154049204813893,Subjunctive,0
HSP06,Adults,NA,NA,Adults,3,0,-1,1 SPA/2 ENG,Bilingual,25,10,2,0,0,2,NA,Production,EPT-20,tratar,Intensional,Intensional subjunctive,DOM,0,0,0,1,NA,IND,590952,203027,9516595,75254.88,0.670090129,1.4918471301070348,0.8338694835770605,NA,1.1628583068420475,-1.7048181821345614,3,-1.9097508147317563,-0.538261576593882,-0.47262840878585577,12,-0.6512529213431998,-0.9623180246520594,-1.2154049204813893,Subjunctive,0
HSP06,Adults,NA,NA,Adults,3,0,-1,1 SPA/2 ENG,Bilingual,25,10,2,0,0,2,NA,Production,EPT-26,mirar,Intensional,Intensional subjunctive,DOM,0,0,0,1,NA,IND,186441,197558,3683993,69785.88,0.621392647,-0.22144114042709367,0.7818709386879318,NA,0.2802148991304191,-1.7048181821345614,3,-1.9097508147317563,-0.538261576593882,-0.47262840878585577,12,-0.6512529213431998,-0.9623180246520594,-1.2154049204813893,Subjunctive,0
HSP06,Adults,NA,NA,Adults,3,0,-1,1 SPA/2 ENG,Bilingual,25,10,2,0,0,2,NA,Production,EPT-32,llevar,Intensional,Intensional subjunctive,DOM,0,0,0,1,NA,IND,418316,301022,13841181,173259.9,1.542753636,0.7606550639532595,1.765593273375958,NA,1.2631241686646089,-1.7048181821345614,3,-1.9097508147317563,-0.538261576593882,-0.47262840878585577,12,-0.6512529213431998,-0.9623180246520594,-1.2154049204813893,Subjunctive,0
HSP06,Adults,NA,NA,Adults,3,0,-1,1 SPA/2 ENG,Bilingual,25,10,2,0,0,2,NA,Production,EPT-38,amar,Intensional,Intensional subjunctive,DOM,0,0,0,1,NA,IND,60260,28864,1318934,-67512.13,-0.601146551,-0.7558751292784892,-0.8220498021287957,NA,-0.7889624657036425,-1.7048181821345614,3,-1.9097508147317563,-0.538261576593882,-0.47262840878585577,12,-0.6512529213431998,-0.9623180246520594,-1.2154049204813893,Subjunctive,0
HSP06,Adults,NA,NA,Adults,3,0,-1,1 SPA/2 ENG,Bilingual,25,10,2,0,0,2,NA,Production,EPT-42,cuidar,Intensional,Intensional subjunctive,DOM,0,0,1,1,NA,IND,208160,26928,1534607,-100844.1,-0.897943857,-0.12945128613949522,-0.8404570398149089,NA,-0.48495416297720206,-1.7048181821345614,3,-1.9097508147317563,-0.538261576593882,-0.47262840878585577,12,-0.6512529213431998,-0.9623180246520594,-1.2154049204813893,Subjunctive,1
HSP07,Adults,NA,NA,Adults,16,2,0,2 SPA/2 ENG,Bilingual,39,14,4,7,0,2,NA,Production,EPT-02,llamar,Intensional,Intensional subjunctive,DOM,1,1,1,1,NA,SUBJ,303936,207733,8248273,79960.88,0.711993649,0.2762036834377887,0.8786135231177882,NA,0.5774086032777884,1.2853787881173309,18,1.2019837396235018,1.0884845215565138,1.0577873910921654,18,1.3617106537175974,0.6393021842094151,-0.15582114365146038,Subjunctive,1
HSP07,Adults,NA,NA,Adults,16,2,0,2 SPA/2 ENG,Bilingual,39,14,4,7,0,2,NA,Production,EPT-08,peinar,Intensional,Intensional subjunctive,DOM,1,1,1,1,NA,SUBJ,6151,3173,91504,-124599.1,-1.109464919,-0.9850513816679946,-1.0663165084273158,NA,-1.0256839450476551,1.2853787881173309,18,1.2019837396235018,1.0884845215565138,1.0577873910921654,18,1.3617106537175974,0.6393021842094151,-0.15582114365146038,Subjunctive,1
HSP07,Adults,NA,NA,Adults,16,2,0,2 SPA/2 ENG,Bilingual,39,14,4,7,0,2,NA,Production,EPT-14,pintar,Intensional,Intensional subjunctive,DOM,1,1,1,1,NA,SUBJ,45606,22466,893704,-105306.1,-0.937674734,-0.8179414916676632,-0.8828811589034613,NA,-0.8504113252855623,1.2853787881173309,18,1.2019837396235018,1.0884845215565138,1.0577873910921654,18,1.3617106537175974,0.6393021842094151,-0.15582114365146038,Subjunctive,1
HSP07,Adults,NA,NA,Adults,16,2,0,2 SPA/2 ENG,Bilingual,39,14,4,7,0,2,NA,Production,EPT-20,tratar,Intensional,Intensional subjunctive,DOM,1,1,0,1,NA,SUBJ,590952,203027,9516595,75254.88,0.670090129,1.4918471301070348,0.8338694835770605,NA,1.1628583068420475,1.2853787881173309,18,1.2019837396235018,1.0884845215565138,1.0577873910921654,18,1.3617106537175974,0.6393021842094151,-0.15582114365146038,Subjunctive,0
HSP07,Adults,NA,NA,Adults,16,2,0,2 SPA/2 ENG,Bilingual,39,14,4,7,0,2,NA,Production,EPT-26,mirar,Intensional,Intensional subjunctive,DOM,1,1,1,1,NA,SUBJ,186441,197558,3683993,69785.88,0.621392647,-0.22144114042709367,0.7818709386879318,NA,0.2802148991304191,1.2853787881173309,18,1.2019837396235018,1.0884845215565138,1.0577873910921654,18,1.3617106537175974,0.6393021842094151,-0.15582114365146038,Subjunctive,1
HSP07,Adults,NA,NA,Adults,16,2,0,2 SPA/2 ENG,Bilingual,39,14,4,7,0,2,NA,Production,EPT-32,llevar,Intensional,Intensional subjunctive,DOM,1,1,1,1,NA,SUBJ,418316,301022,13841181,173259.9,1.542753636,0.7606550639532595,1.765593273375958,NA,1.2631241686646089,1.2853787881173309,18,1.2019837396235018,1.0884845215565138,1.0577873910921654,18,1.3617106537175974,0.6393021842094151,-0.15582114365146038,Subjunctive,1
HSP07,Adults,NA,NA,Adults,16,2,0,2 SPA/2 ENG,Bilingual,39,14,4,7,0,2,NA,Production,EPT-38,amar,Intensional,Intensional subjunctive,DOM,1,NA,1,1,NA,SUBJ,60260,28864,1318934,-67512.13,-0.601146551,-0.7558751292784892,-0.8220498021287957,NA,-0.7889624657036425,1.2853787881173309,18,1.2019837396235018,1.0884845215565138,1.0577873910921654,18,1.3617106537175974,0.6393021842094151,-0.15582114365146038,Subjunctive,1
HSP07,Adults,NA,NA,Adults,16,2,0,2 SPA/2 ENG,Bilingual,39,14,4,7,0,2,NA,Production,EPT-42,cuidar,Intensional,Intensional subjunctive,DOM,1,1,1,1,NA,SUBJ,208160,26928,1534607,-100844.1,-0.897943857,-0.12945128613949522,-0.8404570398149089,NA,-0.48495416297720206,1.2853787881173309,18,1.2019837396235018,1.0884845215565138,1.0577873910921654,18,1.3617106537175974,0.6393021842094151,-0.15582114365146038,Subjunctive,1
HSP08,Adults,NA,NA,Adults,6,2,0,2 SPA/2 ENG,Bilingual,25,11,1,0,0,2,NA,Production,EPT-02,llamar,Intensional,Intensional subjunctive,DOM,0,0,1,1,NA,IND,303936,207733,8248273,79960.88,0.711993649,0.2762036834377887,0.8786135231177882,NA,0.5774086032777884,-1.014772727461048,8,-0.8725059632800036,-0.13157505205628298,-1.2378363087248665,12,-0.6512529213431998,-0.9623180246520594,-0.15582114365146038,Subjunctive,1
HSP08,Adults,NA,NA,Adults,6,2,0,2 SPA/2 ENG,Bilingual,25,11,1,0,0,2,NA,Production,EPT-08,peinar,Intensional,Intensional subjunctive,DOM,0,NA,NA,1,NA,IND,6151,3173,91504,-124599.1,-1.109464919,-0.9850513816679946,-1.0663165084273158,NA,-1.0256839450476551,-1.014772727461048,8,-0.8725059632800036,-0.13157505205628298,-1.2378363087248665,12,-0.6512529213431998,-0.9623180246520594,-0.15582114365146038,Subjunctive,NA
HSP08,Adults,NA,NA,Adults,6,2,0,2 SPA/2 ENG,Bilingual,25,11,1,0,0,2,NA,Production,EPT-14,pintar,Intensional,Intensional subjunctive,DOM,0,0,NA,1,NA,IND,45606,22466,893704,-105306.1,-0.937674734,-0.8179414916676632,-0.8828811589034613,NA,-0.8504113252855623,-1.014772727461048,8,-0.8725059632800036,-0.13157505205628298,-1.2378363087248665,12,-0.6512529213431998,-0.9623180246520594,-0.15582114365146038,Subjunctive,NA
HSP08,Adults,NA,NA,Adults,6,2,0,2 SPA/2 ENG,Bilingual,25,11,1,0,0,2,NA,Production,EPT-20,tratar,Intensional,Intensional subjunctive,DOM,0,0,1,1,NA,IND,590952,203027,9516595,75254.88,0.670090129,1.4918471301070348,0.8338694835770605,NA,1.1628583068420475,-1.014772727461048,8,-0.8725059632800036,-0.13157505205628298,-1.2378363087248665,12,-0.6512529213431998,-0.9623180246520594,-0.15582114365146038,Subjunctive,1
HSP08,Adults,NA,NA,Adults,6,2,0,2 SPA/2 ENG,Bilingual,25,11,1,0,0,2,NA,Production,EPT-26,mirar,Intensional,Intensional subjunctive,DOM,0,0,1,1,NA,IND,186441,197558,3683993,69785.88,0.621392647,-0.22144114042709367,0.7818709386879318,NA,0.2802148991304191,-1.014772727461048,8,-0.8725059632800036,-0.13157505205628298,-1.2378363087248665,12,-0.6512529213431998,-0.9623180246520594,-0.15582114365146038,Subjunctive,1
HSP08,Adults,NA,NA,Adults,6,2,0,2 SPA/2 ENG,Bilingual,25,11,1,0,0,2,NA,Production,EPT-32,llevar,Intensional,Intensional subjunctive,DOM,1,1,1,1,NA,IND,418316,301022,13841181,173259.9,1.542753636,0.7606550639532595,1.765593273375958,NA,1.2631241686646089,-1.014772727461048,8,-0.8725059632800036,-0.13157505205628298,-1.2378363087248665,12,-0.6512529213431998,-0.9623180246520594,-0.15582114365146038,Subjunctive,1
HSP08,Adults,NA,NA,Adults,6,2,0,2 SPA/2 ENG,Bilingual,25,11,1,0,0,2,NA,Production,EPT-38,amar,Intensional,Intensional subjunctive,DOM,1,1,NA,1,NA,IND,60260,28864,1318934,-67512.13,-0.601146551,-0.7558751292784892,-0.8220498021287957,NA,-0.7889624657036425,-1.014772727461048,8,-0.8725059632800036,-0.13157505205628298,-1.2378363087248665,12,-0.6512529213431998,-0.9623180246520594,-0.15582114365146038,Subjunctive,NA
HSP08,Adults,NA,NA,Adults,6,2,0,2 SPA/2 ENG,Bilingual,25,11,1,0,0,2,NA,Production,EPT-42,cuidar,Intensional,Intensional subjunctive,DOM,0,0,NA,1,NA,IND,208160,26928,1534607,-100844.1,-0.897943857,-0.12945128613949522,-0.8404570398149089,NA,-0.48495416297720206,-1.014772727461048,8,-0.8725059632800036,-0.13157505205628298,-1.2378363087248665,12,-0.6512529213431998,-0.9623180246520594,-0.15582114365146038,Subjunctive,NA
HSP09,Adults,NA,NA,Adults,9,0,0,2 SPA/2 ENG,Bilingual,45,11,4,0,0,2,NA,Production,EPT-02,llamar,Intensional,Intensional subjunctive,DOM,1,1,1,1,NA,SUBJ,303936,207733,8248273,79960.88,0.711993649,0.2762036834377887,0.8786135231177882,NA,0.5774086032777884,-0.3247272727875342,9,-0.665056992989653,-0.13157505205628298,1.0577873910921654,15,0.35522886618719884,1.325710845150047,-0.15582114365146038,Subjunctive,1
HSP09,Adults,NA,NA,Adults,9,0,0,2 SPA/2 ENG,Bilingual,45,11,4,0,0,2,NA,Production,EPT-08,peinar,Intensional,Intensional subjunctive,DOM,1,1,1,1,NA,SUBJ,6151,3173,91504,-124599.1,-1.109464919,-0.9850513816679946,-1.0663165084273158,NA,-1.0256839450476551,-0.3247272727875342,9,-0.665056992989653,-0.13157505205628298,1.0577873910921654,15,0.35522886618719884,1.325710845150047,-0.15582114365146038,Subjunctive,1
HSP09,Adults,NA,NA,Adults,9,0,0,2 SPA/2 ENG,Bilingual,45,11,4,0,0,2,NA,Production,EPT-14,pintar,Intensional,Intensional subjunctive,DOM,1,1,NA,1,NA,IND,45606,22466,893704,-105306.1,-0.937674734,-0.8179414916676632,-0.8828811589034613,NA,-0.8504113252855623,-0.3247272727875342,9,-0.665056992989653,-0.13157505205628298,1.0577873910921654,15,0.35522886618719884,1.325710845150047,-0.15582114365146038,Subjunctive,NA
HSP09,Adults,NA,NA,Adults,9,0,0,2 SPA/2 ENG,Bilingual,45,11,4,0,0,2,NA,Production,EPT-20,tratar,Intensional,Intensional subjunctive,DOM,1,1,NA,1,NA,SUBJ,590952,203027,9516595,75254.88,0.670090129,1.4918471301070348,0.8338694835770605,NA,1.1628583068420475,-0.3247272727875342,9,-0.665056992989653,-0.13157505205628298,1.0577873910921654,15,0.35522886618719884,1.325710845150047,-0.15582114365146038,Subjunctive,NA
HSP09,Adults,NA,NA,Adults,9,0,0,2 SPA/2 ENG,Bilingual,45,11,4,0,0,2,NA,Production,EPT-26,mirar,Intensional,Intensional subjunctive,DOM,1,1,1,1,NA,IND,186441,197558,3683993,69785.88,0.621392647,-0.22144114042709367,0.7818709386879318,NA,0.2802148991304191,-0.3247272727875342,9,-0.665056992989653,-0.13157505205628298,1.0577873910921654,15,0.35522886618719884,1.325710845150047,-0.15582114365146038,Subjunctive,1
HSP09,Adults,NA,NA,Adults,9,0,0,2 SPA/2 ENG,Bilingual,45,11,4,0,0,2,NA,Production,EPT-32,llevar,Intensional,Intensional subjunctive,DOM,1,1,1,1,NA,SUBJ,418316,301022,13841181,173259.9,1.542753636,0.7606550639532595,1.765593273375958,NA,1.2631241686646089,-0.3247272727875342,9,-0.665056992989653,-0.13157505205628298,1.0577873910921654,15,0.35522886618719884,1.325710845150047,-0.15582114365146038,Subjunctive,1
HSP09,Adults,NA,NA,Adults,9,0,0,2 SPA/2 ENG,Bilingual,45,11,4,0,0,2,NA,Production,EPT-38,amar,Intensional,Intensional subjunctive,DOM,0,0,1,0,NA,IND,60260,28864,1318934,-67512.13,-0.601146551,-0.7558751292784892,-0.8220498021287957,NA,-0.7889624657036425,-0.3247272727875342,9,-0.665056992989653,-0.13157505205628298,1.0577873910921654,15,0.35522886618719884,1.325710845150047,-0.15582114365146038,Subjunctive,1
HSP09,Adults,NA,NA,Adults,9,0,0,2 SPA/2 ENG,Bilingual,45,11,4,0,0,2,NA,Production,EPT-42,cuidar,Intensional,Intensional subjunctive,DOM,1,1,1,1,NA,SUBJ,208160,26928,1534607,-100844.1,-0.897943857,-0.12945128613949522,-0.8404570398149089,NA,-0.48495416297720206,-0.3247272727875342,9,-0.665056992989653,-0.13157505205628298,1.0577873910921654,15,0.35522886618719884,1.325710845150047,-0.15582114365146038,Subjunctive,1
HSP10,Adults,NA,NA,Adults,11,2,0,2 SPA/2 ENG,Bilingual,44,11,4,4,0,2,NA,Production,EPT-02,llamar,Intensional,Intensional subjunctive,DOM,1,1,1,1,NA,SUBJ,303936,207733,8248273,79960.88,0.711993649,0.2762036834377887,0.8786135231177882,NA,0.5774086032777884,0.13530303032814148,13,0.16473888817174911,-0.13157505205628298,1.0577873910921654,15,0.35522886618719884,1.2113094016599415,-0.15582114365146038,Subjunctive,1
HSP10,Adults,NA,NA,Adults,11,2,0,2 SPA/2 ENG,Bilingual,44,11,4,4,0,2,NA,Production,EPT-08,peinar,Intensional,Intensional subjunctive,DOM,1,1,1,1,NA,SUBJ,6151,3173,91504,-124599.1,-1.109464919,-0.9850513816679946,-1.0663165084273158,NA,-1.0256839450476551,0.13530303032814148,13,0.16473888817174911,-0.13157505205628298,1.0577873910921654,15,0.35522886618719884,1.2113094016599415,-0.15582114365146038,Subjunctive,1
HSP10,Adults,NA,NA,Adults,11,2,0,2 SPA/2 ENG,Bilingual,44,11,4,4,0,2,NA,Production,EPT-14,pintar,Intensional,Intensional subjunctive,DOM,1,1,1,1,NA,SUBJ,45606,22466,893704,-105306.1,-0.937674734,-0.8179414916676632,-0.8828811589034613,NA,-0.8504113252855623,0.13530303032814148,13,0.16473888817174911,-0.13157505205628298,1.0577873910921654,15,0.35522886618719884,1.2113094016599415,-0.15582114365146038,Subjunctive,1
HSP10,Adults,NA,NA,Adults,11,2,0,2 SPA/2 ENG,Bilingual,44,11,4,4,0,2,NA,Production,EPT-20,tratar,Intensional,Intensional subjunctive,DOM,1,1,1,1,NA,SUBJ,590952,203027,9516595,75254.88,0.670090129,1.4918471301070348,0.8338694835770605,NA,1.1628583068420475,0.13530303032814148,13,0.16473888817174911,-0.13157505205628298,1.0577873910921654,15,0.35522886618719884,1.2113094016599415,-0.15582114365146038,Subjunctive,1
HSP10,Adults,NA,NA,Adults,11,2,0,2 SPA/2 ENG,Bilingual,44,11,4,4,0,2,NA,Production,EPT-26,mirar,Intensional,Intensional subjunctive,DOM,1,1,1,1,NA,SUBJ,186441,197558,3683993,69785.88,0.621392647,-0.22144114042709367,0.7818709386879318,NA,0.2802148991304191,0.13530303032814148,13,0.16473888817174911,-0.13157505205628298,1.0577873910921654,15,0.35522886618719884,1.2113094016599415,-0.15582114365146038,Subjunctive,1
HSP10,Adults,NA,NA,Adults,11,2,0,2 SPA/2 ENG,Bilingual,44,11,4,4,0,2,NA,Production,EPT-32,llevar,Intensional,Intensional subjunctive,DOM,1,1,1,1,NA,SUBJ,418316,301022,13841181,173259.9,1.542753636,0.7606550639532595,1.765593273375958,NA,1.2631241686646089,0.13530303032814148,13,0.16473888817174911,-0.13157505205628298,1.0577873910921654,15,0.35522886618719884,1.2113094016599415,-0.15582114365146038,Subjunctive,1
HSP10,Adults,NA,NA,Adults,11,2,0,2 SPA/2 ENG,Bilingual,44,11,4,4,0,2,NA,Production,EPT-38,amar,Intensional,Intensional subjunctive,DOM,1,1,1,1,NA,SUBJ,60260,28864,1318934,-67512.13,-0.601146551,-0.7558751292784892,-0.8220498021287957,NA,-0.7889624657036425,0.13530303032814148,13,0.16473888817174911,-0.13157505205628298,1.0577873910921654,15,0.35522886618719884,1.2113094016599415,-0.15582114365146038,Subjunctive,1
HSP10,Adults,NA,NA,Adults,11,2,0,2 SPA/2 ENG,Bilingual,44,11,4,4,0,2,NA,Production,EPT-42,cuidar,Intensional,Intensional subjunctive,DOM,1,1,1,1,NA,SUBJ,208160,26928,1534607,-100844.1,-0.897943857,-0.12945128613949522,-0.8404570398149089,NA,-0.48495416297720206,0.13530303032814148,13,0.16473888817174911,-0.13157505205628298,1.0577873910921654,15,0.35522886618719884,1.2113094016599415,-0.15582114365146038,Subjunctive,1
HSP12,Adults,NA,NA,Adults,11,1,2,2 SPA/0 ENG,Monolingual,36,13,3,0,0,2,NA,Production,EPT-02,llamar,Intensional,Intensional subjunctive,DOM,1,1,1,1,NA,SUBJ,303936,207733,8248273,79960.88,0.711993649,0.2762036834377887,0.8786135231177882,NA,0.5774086032777884,0.13530303032814148,12,-0.04271008211860143,0.6817979970189149,0.29257949115315485,16,0.6907227953639984,0.29609785373909914,1.9633464100083975,Subjunctive,1
HSP12,Adults,NA,NA,Adults,11,1,2,2 SPA/0 ENG,Monolingual,36,13,3,0,0,2,NA,Production,EPT-08,peinar,Intensional,Intensional subjunctive,DOM,1,1,1,1,NA,SUBJ,6151,3173,91504,-124599.1,-1.109464919,-0.9850513816679946,-1.0663165084273158,NA,-1.0256839450476551,0.13530303032814148,12,-0.04271008211860143,0.6817979970189149,0.29257949115315485,16,0.6907227953639984,0.29609785373909914,1.9633464100083975,Subjunctive,1
HSP12,Adults,NA,NA,Adults,11,1,2,2 SPA/0 ENG,Monolingual,36,13,3,0,0,2,NA,Production,EPT-14,pintar,Intensional,Intensional subjunctive,DOM,1,1,1,1,NA,SUBJ,45606,22466,893704,-105306.1,-0.937674734,-0.8179414916676632,-0.8828811589034613,NA,-0.8504113252855623,0.13530303032814148,12,-0.04271008211860143,0.6817979970189149,0.29257949115315485,16,0.6907227953639984,0.29609785373909914,1.9633464100083975,Subjunctive,1
HSP12,Adults,NA,NA,Adults,11,1,2,2 SPA/0 ENG,Monolingual,36,13,3,0,0,2,NA,Production,EPT-20,tratar,Intensional,Intensional subjunctive,DOM,1,1,1,1,NA,SUBJ,590952,203027,9516595,75254.88,0.670090129,1.4918471301070348,0.8338694835770605,NA,1.1628583068420475,0.13530303032814148,12,-0.04271008211860143,0.6817979970189149,0.29257949115315485,16,0.6907227953639984,0.29609785373909914,1.9633464100083975,Subjunctive,1
HSP12,Adults,NA,NA,Adults,11,1,2,2 SPA/0 ENG,Monolingual,36,13,3,0,0,2,NA,Production,EPT-26,mirar,Intensional,Intensional subjunctive,DOM,1,1,1,1,NA,SUBJ,186441,197558,3683993,69785.88,0.621392647,-0.22144114042709367,0.7818709386879318,NA,0.2802148991304191,0.13530303032814148,12,-0.04271008211860143,0.6817979970189149,0.29257949115315485,16,0.6907227953639984,0.29609785373909914,1.9633464100083975,Subjunctive,1
HSP12,Adults,NA,NA,Adults,11,1,2,2 SPA/0 ENG,Monolingual,36,13,3,0,0,2,NA,Production,EPT-32,llevar,Intensional,Intensional subjunctive,DOM,1,1,1,1,NA,SUBJ,418316,301022,13841181,173259.9,1.542753636,0.7606550639532595,1.765593273375958,NA,1.2631241686646089,0.13530303032814148,12,-0.04271008211860143,0.6817979970189149,0.29257949115315485,16,0.6907227953639984,0.29609785373909914,1.9633464100083975,Subjunctive,1
HSP12,Adults,NA,NA,Adults,11,1,2,2 SPA/0 ENG,Monolingual,36,13,3,0,0,2,NA,Production,EPT-38,amar,Intensional,Intensional subjunctive,DOM,1,1,1,1,NA,SUBJ,60260,28864,1318934,-67512.13,-0.601146551,-0.7558751292784892,-0.8220498021287957,NA,-0.7889624657036425,0.13530303032814148,12,-0.04271008211860143,0.6817979970189149,0.29257949115315485,16,0.6907227953639984,0.29609785373909914,1.9633464100083975,Subjunctive,1
HSP12,Adults,NA,NA,Adults,11,1,2,2 SPA/0 ENG,Monolingual,36,13,3,0,0,2,NA,Production,EPT-42,cuidar,Intensional,Intensional subjunctive,DOM,1,1,1,1,NA,SUBJ,208160,26928,1534607,-100844.1,-0.897943857,-0.12945128613949522,-0.8404570398149089,NA,-0.48495416297720206,0.13530303032814148,12,-0.04271008211860143,0.6817979970189149,0.29257949115315485,16,0.6907227953639984,0.29609785373909914,1.9633464100083975,Subjunctive,1
HSP14,Adults,NA,NA,Adults,10,2,2,2 SPA/0 ENG,Monolingual,32,10,4,4,0,2,NA,Production,EPT-02,llamar,Intensional,Intensional subjunctive,DOM,0,0,0,1,NA,IND,303936,207733,8248273,79960.88,0.711993649,0.2762036834377887,0.8786135231177882,NA,0.5774086032777884,-0.09471212122969638,12,-0.04271008211860143,-0.538261576593882,1.0577873910921654,14,0.0197349370103993,-0.16150792022132215,1.9633464100083975,Subjunctive,0
HSP14,Adults,NA,NA,Adults,10,2,2,2 SPA/0 ENG,Monolingual,32,10,4,4,0,2,NA,Production,EPT-08,peinar,Intensional,Intensional subjunctive,DOM,NA,NA,NA,NA,NA,NA,6151,3173,91504,-124599.1,-1.109464919,-0.9850513816679946,-1.0663165084273158,NA,-1.0256839450476551,-0.09471212122969638,12,-0.04271008211860143,-0.538261576593882,1.0577873910921654,14,0.0197349370103993,-0.16150792022132215,1.9633464100083975,Subjunctive,NA
HSP14,Adults,NA,NA,Adults,10,2,2,2 SPA/0 ENG,Monolingual,32,10,4,4,0,2,NA,Production,EPT-14,pintar,Intensional,Intensional subjunctive,DOM,0,0,0,1,NA,IND,45606,22466,893704,-105306.1,-0.937674734,-0.8179414916676632,-0.8828811589034613,NA,-0.8504113252855623,-0.09471212122969638,12,-0.04271008211860143,-0.538261576593882,1.0577873910921654,14,0.0197349370103993,-0.16150792022132215,1.9633464100083975,Subjunctive,0
HSP14,Adults,NA,NA,Adults,10,2,2,2 SPA/0 ENG,Monolingual,32,10,4,4,0,2,NA,Production,EPT-20,tratar,Intensional,Intensional subjunctive,DOM,0,0,0,1,NA,IND,590952,203027,9516595,75254.88,0.670090129,1.4918471301070348,0.8338694835770605,NA,1.1628583068420475,-0.09471212122969638,12,-0.04271008211860143,-0.538261576593882,1.0577873910921654,14,0.0197349370103993,-0.16150792022132215,1.9633464100083975,Subjunctive,0
HSP14,Adults,NA,NA,Adults,10,2,2,2 SPA/0 ENG,Monolingual,32,10,4,4,0,2,NA,Production,EPT-26,mirar,Intensional,Intensional subjunctive,DOM,NA,NA,NA,NA,NA,NA,186441,197558,3683993,69785.88,0.621392647,-0.22144114042709367,0.7818709386879318,NA,0.2802148991304191,-0.09471212122969638,12,-0.04271008211860143,-0.538261576593882,1.0577873910921654,14,0.0197349370103993,-0.16150792022132215,1.9633464100083975,Subjunctive,NA
HSP14,Adults,NA,NA,Adults,10,2,2,2 SPA/0 ENG,Monolingual,32,10,4,4,0,2,NA,Production,EPT-32,llevar,Intensional,Intensional subjunctive,DOM,0,0,1,1,NA,IND,418316,301022,13841181,173259.9,1.542753636,0.7606550639532595,1.765593273375958,NA,1.2631241686646089,-0.09471212122969638,12,-0.04271008211860143,-0.538261576593882,1.0577873910921654,14,0.0197349370103993,-0.16150792022132215,1.9633464100083975,Subjunctive,1
HSP14,Adults,NA,NA,Adults,10,2,2,2 SPA/0 ENG,Monolingual,32,10,4,4,0,2,NA,Production,EPT-38,amar,Intensional,Intensional subjunctive,DOM,0,0,1,0,NA,IND,60260,28864,1318934,-67512.13,-0.601146551,-0.7558751292784892,-0.8220498021287957,NA,-0.7889624657036425,-0.09471212122969638,12,-0.04271008211860143,-0.538261576593882,1.0577873910921654,14,0.0197349370103993,-0.16150792022132215,1.9633464100083975,Subjunctive,1
HSP14,Adults,NA,NA,Adults,10,2,2,2 SPA/0 ENG,Monolingual,32,10,4,4,0,2,NA,Production,EPT-42,cuidar,Intensional,Intensional subjunctive,DOM,1,1,1,1,NA,MISC,208160,26928,1534607,-100844.1,-0.897943857,-0.12945128613949522,-0.8404570398149089,NA,-0.48495416297720206,-0.09471212122969638,12,-0.04271008211860143,-0.538261576593882,1.0577873910921654,14,0.0197349370103993,-0.16150792022132215,1.9633464100083975,Subjunctive,1
HSP15,Adults,NA,NA,Adults,9,2,-1,1 SPA/2 ENG,Bilingual,39,14,1,0,0,2,NA,Production,EPT-02,llamar,Intensional,Intensional subjunctive,DOM,0,0,0,1,NA,IND,303936,207733,8248273,79960.88,0.711993649,0.2762036834377887,0.8786135231177882,NA,0.5774086032777884,-0.3247272727875342,11,-0.250159052408952,1.0884845215565138,-1.2378363087248665,15,0.35522886618719884,0.6393021842094151,-1.2154049204813893,Subjunctive,0
HSP15,Adults,NA,NA,Adults,9,2,-1,1 SPA/2 ENG,Bilingual,39,14,1,0,0,2,NA,Production,EPT-08,peinar,Intensional,Intensional subjunctive,DOM,NA,NA,NA,NA,NA,NA,6151,3173,91504,-124599.1,-1.109464919,-0.9850513816679946,-1.0663165084273158,NA,-1.0256839450476551,-0.3247272727875342,11,-0.250159052408952,1.0884845215565138,-1.2378363087248665,15,0.35522886618719884,0.6393021842094151,-1.2154049204813893,Subjunctive,NA
HSP15,Adults,NA,NA,Adults,9,2,-1,1 SPA/2 ENG,Bilingual,39,14,1,0,0,2,NA,Production,EPT-14,pintar,Intensional,Intensional subjunctive,DOM,0,0,NA,1,NA,IND,45606,22466,893704,-105306.1,-0.937674734,-0.8179414916676632,-0.8828811589034613,NA,-0.8504113252855623,-0.3247272727875342,11,-0.250159052408952,1.0884845215565138,-1.2378363087248665,15,0.35522886618719884,0.6393021842094151,-1.2154049204813893,Subjunctive,NA
HSP15,Adults,NA,NA,Adults,9,2,-1,1 SPA/2 ENG,Bilingual,39,14,1,0,0,2,NA,Production,EPT-20,tratar,Intensional,Intensional subjunctive,DOM,0,0,1,1,NA,IND,590952,203027,9516595,75254.88,0.670090129,1.4918471301070348,0.8338694835770605,NA,1.1628583068420475,-0.3247272727875342,11,-0.250159052408952,1.0884845215565138,-1.2378363087248665,15,0.35522886618719884,0.6393021842094151,-1.2154049204813893,Subjunctive,1
HSP15,Adults,NA,NA,Adults,9,2,-1,1 SPA/2 ENG,Bilingual,39,14,1,0,0,2,NA,Production,EPT-26,mirar,Intensional,Intensional subjunctive,DOM,1,1,1,1,NA,SUBJ,186441,197558,3683993,69785.88,0.621392647,-0.22144114042709367,0.7818709386879318,NA,0.2802148991304191,-0.3247272727875342,11,-0.250159052408952,1.0884845215565138,-1.2378363087248665,15,0.35522886618719884,0.6393021842094151,-1.2154049204813893,Subjunctive,1
HSP15,Adults,NA,NA,Adults,9,2,-1,1 SPA/2 ENG,Bilingual,39,14,1,0,0,2,NA,Production,EPT-32,llevar,Intensional,Intensional subjunctive,DOM,1,1,1,1,NA,IND,418316,301022,13841181,173259.9,1.542753636,0.7606550639532595,1.765593273375958,NA,1.2631241686646089,-0.3247272727875342,11,-0.250159052408952,1.0884845215565138,-1.2378363087248665,15,0.35522886618719884,0.6393021842094151,-1.2154049204813893,Subjunctive,1
HSP15,Adults,NA,NA,Adults,9,2,-1,1 SPA/2 ENG,Bilingual,39,14,1,0,0,2,NA,Production,EPT-38,amar,Intensional,Intensional subjunctive,DOM,0,0,1,1,NA,IND,60260,28864,1318934,-67512.13,-0.601146551,-0.7558751292784892,-0.8220498021287957,NA,-0.7889624657036425,-0.3247272727875342,11,-0.250159052408952,1.0884845215565138,-1.2378363087248665,15,0.35522886618719884,0.6393021842094151,-1.2154049204813893,Subjunctive,1
HSP15,Adults,NA,NA,Adults,9,2,-1,1 SPA/2 ENG,Bilingual,39,14,1,0,0,2,NA,Production,EPT-42,cuidar,Intensional,Intensional subjunctive,DOM,0,0,1,1,NA,IND,208160,26928,1534607,-100844.1,-0.897943857,-0.12945128613949522,-0.8404570398149089,NA,-0.48495416297720206,-0.3247272727875342,11,-0.250159052408952,1.0884845215565138,-1.2378363087248665,15,0.35522886618719884,0.6393021842094151,-1.2154049204813893,Subjunctive,1
HSP16,Adults,NA,NA,Adults,14,1,0,2 SPA/2 ENG,Bilingual,48,14,4,0,0,2,NA,Production,EPT-02,llamar,Intensional,Intensional subjunctive,DOM,NA,NA,NA,1,NA,NA,303936,207733,8248273,79960.88,0.711993649,0.2762036834377887,0.8786135231177882,NA,0.5774086032777884,0.825348485001655,15,0.5796368287524502,1.0884845215565138,1.0577873910921654,18,1.3617106537175974,1.6689151756203628,-0.15582114365146038,Subjunctive,NA
HSP16,Adults,NA,NA,Adults,14,1,0,2 SPA/2 ENG,Bilingual,48,14,4,0,0,2,NA,Production,EPT-08,peinar,Intensional,Intensional subjunctive,DOM,1,1,1,1,NA,SUBJ,6151,3173,91504,-124599.1,-1.109464919,-0.9850513816679946,-1.0663165084273158,NA,-1.0256839450476551,0.825348485001655,15,0.5796368287524502,1.0884845215565138,1.0577873910921654,18,1.3617106537175974,1.6689151756203628,-0.15582114365146038,Subjunctive,1
HSP16,Adults,NA,NA,Adults,14,1,0,2 SPA/2 ENG,Bilingual,48,14,4,0,0,2,NA,Production,EPT-14,pintar,Intensional,Intensional subjunctive,DOM,1,1,1,1,NA,SUBJ,45606,22466,893704,-105306.1,-0.937674734,-0.8179414916676632,-0.8828811589034613,NA,-0.8504113252855623,0.825348485001655,15,0.5796368287524502,1.0884845215565138,1.0577873910921654,18,1.3617106537175974,1.6689151756203628,-0.15582114365146038,Subjunctive,1
HSP16,Adults,NA,NA,Adults,14,1,0,2 SPA/2 ENG,Bilingual,48,14,4,0,0,2,NA,Production,EPT-20,tratar,Intensional,Intensional subjunctive,DOM,1,1,1,1,NA,SUBJ,590952,203027,9516595,75254.88,0.670090129,1.4918471301070348,0.8338694835770605,NA,1.1628583068420475,0.825348485001655,15,0.5796368287524502,1.0884845215565138,1.0577873910921654,18,1.3617106537175974,1.6689151756203628,-0.15582114365146038,Subjunctive,1
HSP16,Adults,NA,NA,Adults,14,1,0,2 SPA/2 ENG,Bilingual,48,14,4,0,0,2,NA,Production,EPT-26,mirar,Intensional,Intensional subjunctive,DOM,1,1,1,1,NA,SUBJ,186441,197558,3683993,69785.88,0.621392647,-0.22144114042709367,0.7818709386879318,NA,0.2802148991304191,0.825348485001655,15,0.5796368287524502,1.0884845215565138,1.0577873910921654,18,1.3617106537175974,1.6689151756203628,-0.15582114365146038,Subjunctive,1
HSP16,Adults,NA,NA,Adults,14,1,0,2 SPA/2 ENG,Bilingual,48,14,4,0,0,2,NA,Production,EPT-32,llevar,Intensional,Intensional subjunctive,DOM,1,1,1,1,NA,SUBJ,418316,301022,13841181,173259.9,1.542753636,0.7606550639532595,1.765593273375958,NA,1.2631241686646089,0.825348485001655,15,0.5796368287524502,1.0884845215565138,1.0577873910921654,18,1.3617106537175974,1.6689151756203628,-0.15582114365146038,Subjunctive,1
HSP16,Adults,NA,NA,Adults,14,1,0,2 SPA/2 ENG,Bilingual,48,14,4,0,0,2,NA,Production,EPT-38,amar,Intensional,Intensional subjunctive,DOM,1,1,1,1,NA,SUBJ,60260,28864,1318934,-67512.13,-0.601146551,-0.7558751292784892,-0.8220498021287957,NA,-0.7889624657036425,0.825348485001655,15,0.5796368287524502,1.0884845215565138,1.0577873910921654,18,1.3617106537175974,1.6689151756203628,-0.15582114365146038,Subjunctive,1
HSP16,Adults,NA,NA,Adults,14,1,0,2 SPA/2 ENG,Bilingual,48,14,4,0,0,2,NA,Production,EPT-42,cuidar,Intensional,Intensional subjunctive,DOM,1,1,1,1,NA,SUBJ,208160,26928,1534607,-100844.1,-0.897943857,-0.12945128613949522,-0.8404570398149089,NA,-0.48495416297720206,0.825348485001655,15,0.5796368287524502,1.0884845215565138,1.0577873910921654,18,1.3617106537175974,1.6689151756203628,-0.15582114365146038,Subjunctive,1
HSP17,Adults,NA,NA,Adults,7,2,1,2 SPA/1 ENG,Bilingual,22,9,0,0,0,2,NA,Production,EPT-02,llamar,Intensional,Intensional subjunctive,DOM,1,1,0,NA,NA,IMP,303936,207733,8248273,79960.88,0.711993649,0.2762036834377887,0.8786135231177882,NA,0.5774086032777884,-0.7847575759032099,9,-0.665056992989653,-0.9449481011314808,-2.003044208663877,9,-1.6577347088735983,-1.3055223551223754,0.9037626331784686,Subjunctive,0
HSP17,Adults,NA,NA,Adults,7,2,1,2 SPA/1 ENG,Bilingual,22,9,0,0,0,2,NA,Production,EPT-08,peinar,Intensional,Intensional subjunctive,DOM,0,0,0,NA,NA,INF,6151,3173,91504,-124599.1,-1.109464919,-0.9850513816679946,-1.0663165084273158,NA,-1.0256839450476551,-0.7847575759032099,9,-0.665056992989653,-0.9449481011314808,-2.003044208663877,9,-1.6577347088735983,-1.3055223551223754,0.9037626331784686,Subjunctive,0
HSP17,Adults,NA,NA,Adults,7,2,1,2 SPA/1 ENG,Bilingual,22,9,0,0,0,2,NA,Production,EPT-14,pintar,Intensional,Intensional subjunctive,DOM,1,0,0,NA,NA,IMP SUBJ,45606,22466,893704,-105306.1,-0.937674734,-0.8179414916676632,-0.8828811589034613,NA,-0.8504113252855623,-0.7847575759032099,9,-0.665056992989653,-0.9449481011314808,-2.003044208663877,9,-1.6577347088735983,-1.3055223551223754,0.9037626331784686,Subjunctive,0
HSP17,Adults,NA,NA,Adults,7,2,1,2 SPA/1 ENG,Bilingual,22,9,0,0,0,2,NA,Production,EPT-20,tratar,Intensional,Intensional subjunctive,DOM,1,0,0,NA,NA,IMP SUBJ,590952,203027,9516595,75254.88,0.670090129,1.4918471301070348,0.8338694835770605,NA,1.1628583068420475,-0.7847575759032099,9,-0.665056992989653,-0.9449481011314808,-2.003044208663877,9,-1.6577347088735983,-1.3055223551223754,0.9037626331784686,Subjunctive,0
HSP17,Adults,NA,NA,Adults,7,2,1,2 SPA/1 ENG,Bilingual,22,9,0,0,0,2,NA,Production,EPT-26,mirar,Intensional,Intensional subjunctive,DOM,0,0,0,NA,NA,IMP,186441,197558,3683993,69785.88,0.621392647,-0.22144114042709367,0.7818709386879318,NA,0.2802148991304191,-0.7847575759032099,9,-0.665056992989653,-0.9449481011314808,-2.003044208663877,9,-1.6577347088735983,-1.3055223551223754,0.9037626331784686,Subjunctive,0
HSP17,Adults,NA,NA,Adults,7,2,1,2 SPA/1 ENG,Bilingual,22,9,0,0,0,2,NA,Production,EPT-32,llevar,Intensional,Intensional subjunctive,DOM,0,0,0,NA,NA,IMP,418316,301022,13841181,173259.9,1.542753636,0.7606550639532595,1.765593273375958,NA,1.2631241686646089,-0.7847575759032099,9,-0.665056992989653,-0.9449481011314808,-2.003044208663877,9,-1.6577347088735983,-1.3055223551223754,0.9037626331784686,Subjunctive,0
HSP17,Adults,NA,NA,Adults,7,2,1,2 SPA/1 ENG,Bilingual,22,9,0,0,0,2,NA,Production,EPT-38,amar,Intensional,Intensional subjunctive,DOM,1,1,0,NA,NA,IMP,60260,28864,1318934,-67512.13,-0.601146551,-0.7558751292784892,-0.8220498021287957,NA,-0.7889624657036425,-0.7847575759032099,9,-0.665056992989653,-0.9449481011314808,-2.003044208663877,9,-1.6577347088735983,-1.3055223551223754,0.9037626331784686,Subjunctive,0
HSP17,Adults,NA,NA,Adults,7,2,1,2 SPA/1 ENG,Bilingual,22,9,0,0,0,2,NA,Production,EPT-42,cuidar,Intensional,Intensional subjunctive,DOM,1,1,0,NA,NA,IMP,208160,26928,1534607,-100844.1,-0.897943857,-0.12945128613949522,-0.8404570398149089,NA,-0.48495416297720206,-0.7847575759032099,9,-0.665056992989653,-0.9449481011314808,-2.003044208663877,9,-1.6577347088735983,-1.3055223551223754,0.9037626331784686,Subjunctive,0
HSP18,Adults,NA,NA,Adults,6,2,-1,1 SPA/2 ENG,Bilingual,20,14,0,0,0,2,NA,Production,EPT-02,llamar,Intensional,Intensional subjunctive,DOM,NA,NA,NA,NA,NA,NA,303936,207733,8248273,79960.88,0.711993649,0.2762036834377887,0.8786135231177882,NA,0.5774086032777884,-1.014772727461048,8,-0.8725059632800036,1.0884845215565138,-2.003044208663877,14,0.0197349370103993,-1.534325242102586,-1.2154049204813893,Subjunctive,NA
HSP18,Adults,NA,NA,Adults,6,2,-1,1 SPA/2 ENG,Bilingual,20,14,0,0,0,2,NA,Production,EPT-08,peinar,Intensional,Intensional subjunctive,DOM,0,0,NA,1,NA,IND,6151,3173,91504,-124599.1,-1.109464919,-0.9850513816679946,-1.0663165084273158,NA,-1.0256839450476551,-1.014772727461048,8,-0.8725059632800036,1.0884845215565138,-2.003044208663877,14,0.0197349370103993,-1.534325242102586,-1.2154049204813893,Subjunctive,NA
HSP18,Adults,NA,NA,Adults,6,2,-1,1 SPA/2 ENG,Bilingual,20,14,0,0,0,2,NA,Production,EPT-14,pintar,Intensional,Intensional subjunctive,DOM,0,0,0,1,NA,IND,45606,22466,893704,-105306.1,-0.937674734,-0.8179414916676632,-0.8828811589034613,NA,-0.8504113252855623,-1.014772727461048,8,-0.8725059632800036,1.0884845215565138,-2.003044208663877,14,0.0197349370103993,-1.534325242102586,-1.2154049204813893,Subjunctive,0
HSP18,Adults,NA,NA,Adults,6,2,-1,1 SPA/2 ENG,Bilingual,20,14,0,0,0,2,NA,Production,EPT-20,tratar,Intensional,Intensional subjunctive,DOM,0,0,0,1,NA,IND,590952,203027,9516595,75254.88,0.670090129,1.4918471301070348,0.8338694835770605,NA,1.1628583068420475,-1.014772727461048,8,-0.8725059632800036,1.0884845215565138,-2.003044208663877,14,0.0197349370103993,-1.534325242102586,-1.2154049204813893,Subjunctive,0
HSP18,Adults,NA,NA,Adults,6,2,-1,1 SPA/2 ENG,Bilingual,20,14,0,0,0,2,NA,Production,EPT-26,mirar,Intensional,Intensional subjunctive,DOM,1,1,0,1,NA,NA,186441,197558,3683993,69785.88,0.621392647,-0.22144114042709367,0.7818709386879318,NA,0.2802148991304191,-1.014772727461048,8,-0.8725059632800036,1.0884845215565138,-2.003044208663877,14,0.0197349370103993,-1.534325242102586,-1.2154049204813893,Subjunctive,0
HSP18,Adults,NA,NA,Adults,6,2,-1,1 SPA/2 ENG,Bilingual,20,14,0,0,0,2,NA,Production,EPT-32,llevar,Intensional,Intensional subjunctive,DOM,0,0,0,1,NA,IND,418316,301022,13841181,173259.9,1.542753636,0.7606550639532595,1.765593273375958,NA,1.2631241686646089,-1.014772727461048,8,-0.8725059632800036,1.0884845215565138,-2.003044208663877,14,0.0197349370103993,-1.534325242102586,-1.2154049204813893,Subjunctive,0
HSP18,Adults,NA,NA,Adults,6,2,-1,1 SPA/2 ENG,Bilingual,20,14,0,0,0,2,NA,Production,EPT-38,amar,Intensional,Intensional subjunctive,DOM,1,1,0,1,NA,IND,60260,28864,1318934,-67512.13,-0.601146551,-0.7558751292784892,-0.8220498021287957,NA,-0.7889624657036425,-1.014772727461048,8,-0.8725059632800036,1.0884845215565138,-2.003044208663877,14,0.0197349370103993,-1.534325242102586,-1.2154049204813893,Subjunctive,0
HSP18,Adults,NA,NA,Adults,6,2,-1,1 SPA/2 ENG,Bilingual,20,14,0,0,0,2,NA,Production,EPT-42,cuidar,Intensional,Intensional subjunctive,DOM,1,1,0,1,NA,IND,208160,26928,1534607,-100844.1,-0.897943857,-0.12945128613949522,-0.8404570398149089,NA,-0.48495416297720206,-1.014772727461048,8,-0.8725059632800036,1.0884845215565138,-2.003044208663877,14,0.0197349370103993,-1.534325242102586,-1.2154049204813893,Subjunctive,0
HSP19,Adults,NA,NA,Adults,13,1,0,2 SPA/2 ENG,Bilingual,38,13,3,0,0,2,NA,Production,EPT-02,llamar,Intensional,Intensional subjunctive,DOM,1,1,0,1,NA,SUBJ,303936,207733,8248273,79960.88,0.711993649,0.2762036834377887,0.8786135231177882,NA,0.5774086032777884,0.5953333334438172,14,0.3721878584620997,0.6817979970189149,0.29257949115315485,16,0.6907227953639984,0.5249007407193098,-0.15582114365146038,Subjunctive,0
HSP19,Adults,NA,NA,Adults,13,1,0,2 SPA/2 ENG,Bilingual,38,13,3,0,0,2,NA,Production,EPT-08,peinar,Intensional,Intensional subjunctive,DOM,1,1,1,1,NA,SUBJ,6151,3173,91504,-124599.1,-1.109464919,-0.9850513816679946,-1.0663165084273158,NA,-1.0256839450476551,0.5953333334438172,14,0.3721878584620997,0.6817979970189149,0.29257949115315485,16,0.6907227953639984,0.5249007407193098,-0.15582114365146038,Subjunctive,1
HSP19,Adults,NA,NA,Adults,13,1,0,2 SPA/2 ENG,Bilingual,38,13,3,0,0,2,NA,Production,EPT-14,pintar,Intensional,Intensional subjunctive,DOM,1,1,1,1,NA,SUBJ,45606,22466,893704,-105306.1,-0.937674734,-0.8179414916676632,-0.8828811589034613,NA,-0.8504113252855623,0.5953333334438172,14,0.3721878584620997,0.6817979970189149,0.29257949115315485,16,0.6907227953639984,0.5249007407193098,-0.15582114365146038,Subjunctive,1
HSP19,Adults,NA,NA,Adults,13,1,0,2 SPA/2 ENG,Bilingual,38,13,3,0,0,2,NA,Production,EPT-20,tratar,Intensional,Intensional subjunctive,DOM,1,1,1,1,NA,SUBJ,590952,203027,9516595,75254.88,0.670090129,1.4918471301070348,0.8338694835770605,NA,1.1628583068420475,0.5953333334438172,14,0.3721878584620997,0.6817979970189149,0.29257949115315485,16,0.6907227953639984,0.5249007407193098,-0.15582114365146038,Subjunctive,1
HSP19,Adults,NA,NA,Adults,13,1,0,2 SPA/2 ENG,Bilingual,38,13,3,0,0,2,NA,Production,EPT-26,mirar,Intensional,Intensional subjunctive,DOM,1,1,0,1,NA,SUBJ,186441,197558,3683993,69785.88,0.621392647,-0.22144114042709367,0.7818709386879318,NA,0.2802148991304191,0.5953333334438172,14,0.3721878584620997,0.6817979970189149,0.29257949115315485,16,0.6907227953639984,0.5249007407193098,-0.15582114365146038,Subjunctive,0
HSP19,Adults,NA,NA,Adults,13,1,0,2 SPA/2 ENG,Bilingual,38,13,3,0,0,2,NA,Production,EPT-32,llevar,Intensional,Intensional subjunctive,DOM,1,1,1,1,NA,SUBJ,418316,301022,13841181,173259.9,1.542753636,0.7606550639532595,1.765593273375958,NA,1.2631241686646089,0.5953333334438172,14,0.3721878584620997,0.6817979970189149,0.29257949115315485,16,0.6907227953639984,0.5249007407193098,-0.15582114365146038,Subjunctive,1
HSP19,Adults,NA,NA,Adults,13,1,0,2 SPA/2 ENG,Bilingual,38,13,3,0,0,2,NA,Production,EPT-38,amar,Intensional,Intensional subjunctive,DOM,1,1,1,1,NA,SUBJ,60260,28864,1318934,-67512.13,-0.601146551,-0.7558751292784892,-0.8220498021287957,NA,-0.7889624657036425,0.5953333334438172,14,0.3721878584620997,0.6817979970189149,0.29257949115315485,16,0.6907227953639984,0.5249007407193098,-0.15582114365146038,Subjunctive,1
HSP19,Adults,NA,NA,Adults,13,1,0,2 SPA/2 ENG,Bilingual,38,13,3,0,0,2,NA,Production,EPT-42,cuidar,Intensional,Intensional subjunctive,DOM,1,1,1,1,NA,SUBJ,208160,26928,1534607,-100844.1,-0.897943857,-0.12945128613949522,-0.8404570398149089,NA,-0.48495416297720206,0.5953333334438172,14,0.3721878584620997,0.6817979970189149,0.29257949115315485,16,0.6907227953639984,0.5249007407193098,-0.15582114365146038,Subjunctive,1
HSP20,Adults,NA,NA,Adults,7,2,0,2 SPA/2 ENG,Bilingual,41,7,3,3,0,2,NA,Production,EPT-02,llamar,Intensional,Intensional subjunctive,DOM,1,1,1,1,NA,SUBJ,303936,207733,8248273,79960.88,0.711993649,0.2762036834377887,0.8786135231177882,NA,0.5774086032777884,-0.7847575759032099,9,-0.665056992989653,-1.758321150206679,0.29257949115315485,10,-1.3222407796967988,0.8681050711896258,-0.15582114365146038,Subjunctive,1
HSP20,Adults,NA,NA,Adults,7,2,0,2 SPA/2 ENG,Bilingual,41,7,3,3,0,2,NA,Production,EPT-08,peinar,Intensional,Intensional subjunctive,DOM,1,1,1,1,NA,SUBJ,6151,3173,91504,-124599.1,-1.109464919,-0.9850513816679946,-1.0663165084273158,NA,-1.0256839450476551,-0.7847575759032099,9,-0.665056992989653,-1.758321150206679,0.29257949115315485,10,-1.3222407796967988,0.8681050711896258,-0.15582114365146038,Subjunctive,1
HSP20,Adults,NA,NA,Adults,7,2,0,2 SPA/2 ENG,Bilingual,41,7,3,3,0,2,NA,Production,EPT-14,pintar,Intensional,Intensional subjunctive,DOM,NA,NA,NA,NA,NA,NA,45606,22466,893704,-105306.1,-0.937674734,-0.8179414916676632,-0.8828811589034613,NA,-0.8504113252855623,-0.7847575759032099,9,-0.665056992989653,-1.758321150206679,0.29257949115315485,10,-1.3222407796967988,0.8681050711896258,-0.15582114365146038,Subjunctive,NA
HSP20,Adults,NA,NA,Adults,7,2,0,2 SPA/2 ENG,Bilingual,41,7,3,3,0,2,NA,Production,EPT-20,tratar,Intensional,Intensional subjunctive,DOM,1,1,1,1,NA,SUBJ,590952,203027,9516595,75254.88,0.670090129,1.4918471301070348,0.8338694835770605,NA,1.1628583068420475,-0.7847575759032099,9,-0.665056992989653,-1.758321150206679,0.29257949115315485,10,-1.3222407796967988,0.8681050711896258,-0.15582114365146038,Subjunctive,1
HSP20,Adults,NA,NA,Adults,7,2,0,2 SPA/2 ENG,Bilingual,41,7,3,3,0,2,NA,Production,EPT-26,mirar,Intensional,Intensional subjunctive,DOM,1,1,1,1,NA,SUBJ,186441,197558,3683993,69785.88,0.621392647,-0.22144114042709367,0.7818709386879318,NA,0.2802148991304191,-0.7847575759032099,9,-0.665056992989653,-1.758321150206679,0.29257949115315485,10,-1.3222407796967988,0.8681050711896258,-0.15582114365146038,Subjunctive,1
HSP20,Adults,NA,NA,Adults,7,2,0,2 SPA/2 ENG,Bilingual,41,7,3,3,0,2,NA,Production,EPT-32,llevar,Intensional,Intensional subjunctive,DOM,1,1,NA,1,NA,SUBJ,418316,301022,13841181,173259.9,1.542753636,0.7606550639532595,1.765593273375958,NA,1.2631241686646089,-0.7847575759032099,9,-0.665056992989653,-1.758321150206679,0.29257949115315485,10,-1.3222407796967988,0.8681050711896258,-0.15582114365146038,Subjunctive,NA
HSP20,Adults,NA,NA,Adults,7,2,0,2 SPA/2 ENG,Bilingual,41,7,3,3,0,2,NA,Production,EPT-38,amar,Intensional,Intensional subjunctive,DOM,1,1,NA,1,NA,SUBJ,60260,28864,1318934,-67512.13,-0.601146551,-0.7558751292784892,-0.8220498021287957,NA,-0.7889624657036425,-0.7847575759032099,9,-0.665056992989653,-1.758321150206679,0.29257949115315485,10,-1.3222407796967988,0.8681050711896258,-0.15582114365146038,Subjunctive,NA
HSP20,Adults,NA,NA,Adults,7,2,0,2 SPA/2 ENG,Bilingual,41,7,3,3,0,2,NA,Production,EPT-42,cuidar,Intensional,Intensional subjunctive,DOM,1,1,NA,1,NA,SUBJ,208160,26928,1534607,-100844.1,-0.897943857,-0.12945128613949522,-0.8404570398149089,NA,-0.48495416297720206,-0.7847575759032099,9,-0.665056992989653,-1.758321150206679,0.29257949115315485,10,-1.3222407796967988,0.8681050711896258,-0.15582114365146038,Subjunctive,NA
HSP21,Adults,NA,NA,Adults,10,3,0,2 SPA/2 ENG,Bilingual,29,11,2,0,0,2,NA,Production,EPT-02,llamar,Intensional,Intensional subjunctive,DOM,1,1,0,0,NA,SUBJ,303936,207733,8248273,79960.88,0.711993649,0.2762036834377887,0.8786135231177882,NA,0.5774086032777884,-0.09471212122969638,13,0.16473888817174911,-0.13157505205628298,-0.47262840878585577,13,-0.31575899216640024,-0.504712250691638,-0.15582114365146038,Subjunctive,0
HSP21,Adults,NA,NA,Adults,10,3,0,2 SPA/2 ENG,Bilingual,29,11,2,0,0,2,NA,Production,EPT-08,peinar,Intensional,Intensional subjunctive,DOM,1,1,0,0,1,SUBJ,6151,3173,91504,-124599.1,-1.109464919,-0.9850513816679946,-1.0663165084273158,NA,-1.0256839450476551,-0.09471212122969638,13,0.16473888817174911,-0.13157505205628298,-0.47262840878585577,13,-0.31575899216640024,-0.504712250691638,-0.15582114365146038,Subjunctive,0
HSP21,Adults,NA,NA,Adults,10,3,0,2 SPA/2 ENG,Bilingual,29,11,2,0,0,2,NA,Production,EPT-14,pintar,Intensional,Intensional subjunctive,DOM,0,0,0,0,1,IND,45606,22466,893704,-105306.1,-0.937674734,-0.8179414916676632,-0.8828811589034613,NA,-0.8504113252855623,-0.09471212122969638,13,0.16473888817174911,-0.13157505205628298,-0.47262840878585577,13,-0.31575899216640024,-0.504712250691638,-0.15582114365146038,Subjunctive,0
HSP21,Adults,NA,NA,Adults,10,3,0,2 SPA/2 ENG,Bilingual,29,11,2,0,0,2,NA,Production,EPT-20,tratar,Intensional,Intensional subjunctive,DOM,1,1,1,0,0,SUBJ,590952,203027,9516595,75254.88,0.670090129,1.4918471301070348,0.8338694835770605,NA,1.1628583068420475,-0.09471212122969638,13,0.16473888817174911,-0.13157505205628298,-0.47262840878585577,13,-0.31575899216640024,-0.504712250691638,-0.15582114365146038,Subjunctive,1
HSP21,Adults,NA,NA,Adults,10,3,0,2 SPA/2 ENG,Bilingual,29,11,2,0,0,2,NA,Production,EPT-26,mirar,Intensional,Intensional subjunctive,DOM,0,0,1,0,0,IND,186441,197558,3683993,69785.88,0.621392647,-0.22144114042709367,0.7818709386879318,NA,0.2802148991304191,-0.09471212122969638,13,0.16473888817174911,-0.13157505205628298,-0.47262840878585577,13,-0.31575899216640024,-0.504712250691638,-0.15582114365146038,Subjunctive,1
HSP21,Adults,NA,NA,Adults,10,3,0,2 SPA/2 ENG,Bilingual,29,11,2,0,0,2,NA,Production,EPT-32,llevar,Intensional,Intensional subjunctive,DOM,0,0,0,1,0,IND,418316,301022,13841181,173259.9,1.542753636,0.7606550639532595,1.765593273375958,NA,1.2631241686646089,-0.09471212122969638,13,0.16473888817174911,-0.13157505205628298,-0.47262840878585577,13,-0.31575899216640024,-0.504712250691638,-0.15582114365146038,Subjunctive,0
HSP21,Adults,NA,NA,Adults,10,3,0,2 SPA/2 ENG,Bilingual,29,11,2,0,0,2,NA,Production,EPT-38,amar,Intensional,Intensional subjunctive,DOM,0,0,0,1,0,IND,60260,28864,1318934,-67512.13,-0.601146551,-0.7558751292784892,-0.8220498021287957,NA,-0.7889624657036425,-0.09471212122969638,13,0.16473888817174911,-0.13157505205628298,-0.47262840878585577,13,-0.31575899216640024,-0.504712250691638,-0.15582114365146038,Subjunctive,0
HSP21,Adults,NA,NA,Adults,10,3,0,2 SPA/2 ENG,Bilingual,29,11,2,0,0,2,NA,Production,EPT-42,cuidar,Intensional,Intensional subjunctive,DOM,1,1,0,1,1,SUBJ,208160,26928,1534607,-100844.1,-0.897943857,-0.12945128613949522,-0.8404570398149089,NA,-0.48495416297720206,-0.09471212122969638,13,0.16473888817174911,-0.13157505205628298,-0.47262840878585577,13,-0.31575899216640024,-0.504712250691638,-0.15582114365146038,Subjunctive,0
HSP22,Adults,NA,NA,Adults,10,1,1,2 SPA/1 ENG,Bilingual,25,11,0,0,0,2,NA,Production,EPT-02,llamar,Intensional,Intensional subjunctive,DOM,1,1,0,1,NA,IND,303936,207733,8248273,79960.88,0.711993649,0.2762036834377887,0.8786135231177882,NA,0.5774086032777884,-0.09471212122969638,11,-0.250159052408952,-0.13157505205628298,-2.003044208663877,11,-0.9867468505199992,-0.9623180246520594,0.9037626331784686,Subjunctive,0
HSP22,Adults,NA,NA,Adults,10,1,1,2 SPA/1 ENG,Bilingual,25,11,0,0,0,2,NA,Production,EPT-08,peinar,Intensional,Intensional subjunctive,DOM,0,0,1,1,NA,IND,6151,3173,91504,-124599.1,-1.109464919,-0.9850513816679946,-1.0663165084273158,NA,-1.0256839450476551,-0.09471212122969638,11,-0.250159052408952,-0.13157505205628298,-2.003044208663877,11,-0.9867468505199992,-0.9623180246520594,0.9037626331784686,Subjunctive,1
HSP22,Adults,NA,NA,Adults,10,1,1,2 SPA/1 ENG,Bilingual,25,11,0,0,0,2,NA,Production,EPT-14,pintar,Intensional,Intensional subjunctive,DOM,0,0,0,1,NA,IND,45606,22466,893704,-105306.1,-0.937674734,-0.8179414916676632,-0.8828811589034613,NA,-0.8504113252855623,-0.09471212122969638,11,-0.250159052408952,-0.13157505205628298,-2.003044208663877,11,-0.9867468505199992,-0.9623180246520594,0.9037626331784686,Subjunctive,0
HSP22,Adults,NA,NA,Adults,10,1,1,2 SPA/1 ENG,Bilingual,25,11,0,0,0,2,NA,Production,EPT-20,tratar,Intensional,Intensional subjunctive,DOM,1,1,0,1,NA,SUBJ,590952,203027,9516595,75254.88,0.670090129,1.4918471301070348,0.8338694835770605,NA,1.1628583068420475,-0.09471212122969638,11,-0.250159052408952,-0.13157505205628298,-2.003044208663877,11,-0.9867468505199992,-0.9623180246520594,0.9037626331784686,Subjunctive,0
HSP22,Adults,NA,NA,Adults,10,1,1,2 SPA/1 ENG,Bilingual,25,11,0,0,0,2,NA,Production,EPT-26,mirar,Intensional,Intensional subjunctive,DOM,NA,NA,NA,NA,NA,NA,186441,197558,3683993,69785.88,0.621392647,-0.22144114042709367,0.7818709386879318,NA,0.2802148991304191,-0.09471212122969638,11,-0.250159052408952,-0.13157505205628298,-2.003044208663877,11,-0.9867468505199992,-0.9623180246520594,0.9037626331784686,Subjunctive,NA
HSP22,Adults,NA,NA,Adults,10,1,1,2 SPA/1 ENG,Bilingual,25,11,0,0,0,2,NA,Production,EPT-32,llevar,Intensional,Intensional subjunctive,DOM,NA,NA,NA,NA,NA,NA,418316,301022,13841181,173259.9,1.542753636,0.7606550639532595,1.765593273375958,NA,1.2631241686646089,-0.09471212122969638,11,-0.250159052408952,-0.13157505205628298,-2.003044208663877,11,-0.9867468505199992,-0.9623180246520594,0.9037626331784686,Subjunctive,NA
HSP22,Adults,NA,NA,Adults,10,1,1,2 SPA/1 ENG,Bilingual,25,11,0,0,0,2,NA,Production,EPT-38,amar,Intensional,Intensional subjunctive,DOM,1,1,1,1,NA,SUBJ,60260,28864,1318934,-67512.13,-0.601146551,-0.7558751292784892,-0.8220498021287957,NA,-0.7889624657036425,-0.09471212122969638,11,-0.250159052408952,-0.13157505205628298,-2.003044208663877,11,-0.9867468505199992,-0.9623180246520594,0.9037626331784686,Subjunctive,1
HSP22,Adults,NA,NA,Adults,10,1,1,2 SPA/1 ENG,Bilingual,25,11,0,0,0,2,NA,Production,EPT-42,cuidar,Intensional,Intensional subjunctive,DOM,0,0,0,1,NA,IND,208160,26928,1534607,-100844.1,-0.897943857,-0.12945128613949522,-0.8404570398149089,NA,-0.48495416297720206,-0.09471212122969638,11,-0.250159052408952,-0.13157505205628298,-2.003044208663877,11,-0.9867468505199992,-0.9623180246520594,0.9037626331784686,Subjunctive,0
HSP24,Adults,NA,NA,Adults,18,2,2,2 SPA/0 ENG,Monolingual,25,10,3,0,0,2,NA,Production,EPT-02,llamar,Intensional,Intensional subjunctive,DOM,1,1,0,0,NA,SUBJ,303936,207733,8248273,79960.88,0.711993649,0.2762036834377887,0.8786135231177882,NA,0.5774086032777884,1.7454090912330065,20,1.616881680204203,-0.538261576593882,0.29257949115315485,13,-0.31575899216640024,-0.9623180246520594,1.9633464100083975,Subjunctive,0
HSP24,Adults,NA,NA,Adults,18,2,2,2 SPA/0 ENG,Monolingual,25,10,3,0,0,2,NA,Production,EPT-08,peinar,Intensional,Intensional subjunctive,DOM,0,0,0,1,NA,IND,6151,3173,91504,-124599.1,-1.109464919,-0.9850513816679946,-1.0663165084273158,NA,-1.0256839450476551,1.7454090912330065,20,1.616881680204203,-0.538261576593882,0.29257949115315485,13,-0.31575899216640024,-0.9623180246520594,1.9633464100083975,Subjunctive,0
HSP24,Adults,NA,NA,Adults,18,2,2,2 SPA/0 ENG,Monolingual,25,10,3,0,0,2,NA,Production,EPT-14,pintar,Intensional,Intensional subjunctive,DOM,0,0,0,1,NA,IND,45606,22466,893704,-105306.1,-0.937674734,-0.8179414916676632,-0.8828811589034613,NA,-0.8504113252855623,1.7454090912330065,20,1.616881680204203,-0.538261576593882,0.29257949115315485,13,-0.31575899216640024,-0.9623180246520594,1.9633464100083975,Subjunctive,0
HSP24,Adults,NA,NA,Adults,18,2,2,2 SPA/0 ENG,Monolingual,25,10,3,0,0,2,NA,Production,EPT-20,tratar,Intensional,Intensional subjunctive,DOM,1,1,0,1,NA,SUBJ,590952,203027,9516595,75254.88,0.670090129,1.4918471301070348,0.8338694835770605,NA,1.1628583068420475,1.7454090912330065,20,1.616881680204203,-0.538261576593882,0.29257949115315485,13,-0.31575899216640024,-0.9623180246520594,1.9633464100083975,Subjunctive,0
HSP24,Adults,NA,NA,Adults,18,2,2,2 SPA/0 ENG,Monolingual,25,10,3,0,0,2,NA,Production,EPT-26,mirar,Intensional,Intensional subjunctive,DOM,0,0,1,1,NA,IND,186441,197558,3683993,69785.88,0.621392647,-0.22144114042709367,0.7818709386879318,NA,0.2802148991304191,1.7454090912330065,20,1.616881680204203,-0.538261576593882,0.29257949115315485,13,-0.31575899216640024,-0.9623180246520594,1.9633464100083975,Subjunctive,1
HSP24,Adults,NA,NA,Adults,18,2,2,2 SPA/0 ENG,Monolingual,25,10,3,0,0,2,NA,Production,EPT-32,llevar,Intensional,Intensional subjunctive,DOM,0,0,1,1,NA,IND,418316,301022,13841181,173259.9,1.542753636,0.7606550639532595,1.765593273375958,NA,1.2631241686646089,1.7454090912330065,20,1.616881680204203,-0.538261576593882,0.29257949115315485,13,-0.31575899216640024,-0.9623180246520594,1.9633464100083975,Subjunctive,1
HSP24,Adults,NA,NA,Adults,18,2,2,2 SPA/0 ENG,Monolingual,25,10,3,0,0,2,NA,Production,EPT-38,amar,Intensional,Intensional subjunctive,DOM,0,0,0,1,NA,IND,60260,28864,1318934,-67512.13,-0.601146551,-0.7558751292784892,-0.8220498021287957,NA,-0.7889624657036425,1.7454090912330065,20,1.616881680204203,-0.538261576593882,0.29257949115315485,13,-0.31575899216640024,-0.9623180246520594,1.9633464100083975,Subjunctive,0
HSP24,Adults,NA,NA,Adults,18,2,2,2 SPA/0 ENG,Monolingual,25,10,3,0,0,2,NA,Production,EPT-42,cuidar,Intensional,Intensional subjunctive,DOM,1,1,0,1,NA,SUBJ,208160,26928,1534607,-100844.1,-0.897943857,-0.12945128613949522,-0.8404570398149089,NA,-0.48495416297720206,1.7454090912330065,20,1.616881680204203,-0.538261576593882,0.29257949115315485,13,-0.31575899216640024,-0.9623180246520594,1.9633464100083975,Subjunctive,0
HSP25,Adults,NA,NA,Adults,14,2,0,2 SPA/2 ENG,Bilingual,33,13,2,3,0,2,NA,Production,EPT-02,llamar,Intensional,Intensional subjunctive,DOM,0,0,0,0,NA,IND,303936,207733,8248273,79960.88,0.711993649,0.2762036834377887,0.8786135231177882,NA,0.5774086032777884,0.825348485001655,16,0.7870857990428007,0.6817979970189149,-0.47262840878585577,15,0.35522886618719884,-0.04710647673121682,-0.15582114365146038,Subjunctive,0
HSP25,Adults,NA,NA,Adults,14,2,0,2 SPA/2 ENG,Bilingual,33,13,2,3,0,2,NA,Production,EPT-08,peinar,Intensional,Intensional subjunctive,DOM,0,0,1,1,NA,IND,6151,3173,91504,-124599.1,-1.109464919,-0.9850513816679946,-1.0663165084273158,NA,-1.0256839450476551,0.825348485001655,16,0.7870857990428007,0.6817979970189149,-0.47262840878585577,15,0.35522886618719884,-0.04710647673121682,-0.15582114365146038,Subjunctive,1
HSP25,Adults,NA,NA,Adults,14,2,0,2 SPA/2 ENG,Bilingual,33,13,2,3,0,2,NA,Production,EPT-14,pintar,Intensional,Intensional subjunctive,DOM,0,0,1,1,NA,IND,45606,22466,893704,-105306.1,-0.937674734,-0.8179414916676632,-0.8828811589034613,NA,-0.8504113252855623,0.825348485001655,16,0.7870857990428007,0.6817979970189149,-0.47262840878585577,15,0.35522886618719884,-0.04710647673121682,-0.15582114365146038,Subjunctive,1
HSP25,Adults,NA,NA,Adults,14,2,0,2 SPA/2 ENG,Bilingual,33,13,2,3,0,2,NA,Production,EPT-20,tratar,Intensional,Intensional subjunctive,DOM,0,0,1,1,NA,IND,590952,203027,9516595,75254.88,0.670090129,1.4918471301070348,0.8338694835770605,NA,1.1628583068420475,0.825348485001655,16,0.7870857990428007,0.6817979970189149,-0.47262840878585577,15,0.35522886618719884,-0.04710647673121682,-0.15582114365146038,Subjunctive,1
HSP25,Adults,NA,NA,Adults,14,2,0,2 SPA/2 ENG,Bilingual,33,13,2,3,0,2,NA,Production,EPT-26,mirar,Intensional,Intensional subjunctive,DOM,0,0,1,1,NA,IND,186441,197558,3683993,69785.88,0.621392647,-0.22144114042709367,0.7818709386879318,NA,0.2802148991304191,0.825348485001655,16,0.7870857990428007,0.6817979970189149,-0.47262840878585577,15,0.35522886618719884,-0.04710647673121682,-0.15582114365146038,Subjunctive,1
HSP25,Adults,NA,NA,Adults,14,2,0,2 SPA/2 ENG,Bilingual,33,13,2,3,0,2,NA,Production,EPT-32,llevar,Intensional,Intensional subjunctive,DOM,0,0,1,1,NA,IND,418316,301022,13841181,173259.9,1.542753636,0.7606550639532595,1.765593273375958,NA,1.2631241686646089,0.825348485001655,16,0.7870857990428007,0.6817979970189149,-0.47262840878585577,15,0.35522886618719884,-0.04710647673121682,-0.15582114365146038,Subjunctive,1
HSP25,Adults,NA,NA,Adults,14,2,0,2 SPA/2 ENG,Bilingual,33,13,2,3,0,2,NA,Production,EPT-38,amar,Intensional,Intensional subjunctive,DOM,0,0,1,1,NA,IND,60260,28864,1318934,-67512.13,-0.601146551,-0.7558751292784892,-0.8220498021287957,NA,-0.7889624657036425,0.825348485001655,16,0.7870857990428007,0.6817979970189149,-0.47262840878585577,15,0.35522886618719884,-0.04710647673121682,-0.15582114365146038,Subjunctive,1
HSP25,Adults,NA,NA,Adults,14,2,0,2 SPA/2 ENG,Bilingual,33,13,2,3,0,2,NA,Production,EPT-42,cuidar,Intensional,Intensional subjunctive,DOM,0,0,1,1,NA,IND,208160,26928,1534607,-100844.1,-0.897943857,-0.12945128613949522,-0.8404570398149089,NA,-0.48495416297720206,0.825348485001655,16,0.7870857990428007,0.6817979970189149,-0.47262840878585577,15,0.35522886618719884,-0.04710647673121682,-0.15582114365146038,Subjunctive,1
HSP26,Adults,NA,NA,Adults,7,2,-1,1 SPA/2 ENG,Bilingual,38,13,3,0,0,2,NA,Production,EPT-02,llamar,Intensional,Intensional subjunctive,DOM,1,1,0,1,NA,SUBJ,303936,207733,8248273,79960.88,0.711993649,0.2762036834377887,0.8786135231177882,NA,0.5774086032777884,-0.7847575759032099,9,-0.665056992989653,0.6817979970189149,0.29257949115315485,16,0.6907227953639984,0.5249007407193098,-1.2154049204813893,Subjunctive,0
HSP26,Adults,NA,NA,Adults,7,2,-1,1 SPA/2 ENG,Bilingual,38,13,3,0,0,2,NA,Production,EPT-08,peinar,Intensional,Intensional subjunctive,DOM,0,0,0,1,NA,IND,6151,3173,91504,-124599.1,-1.109464919,-0.9850513816679946,-1.0663165084273158,NA,-1.0256839450476551,-0.7847575759032099,9,-0.665056992989653,0.6817979970189149,0.29257949115315485,16,0.6907227953639984,0.5249007407193098,-1.2154049204813893,Subjunctive,0
HSP26,Adults,NA,NA,Adults,7,2,-1,1 SPA/2 ENG,Bilingual,38,13,3,0,0,2,NA,Production,EPT-14,pintar,Intensional,Intensional subjunctive,DOM,0,0,0,1,NA,IND,45606,22466,893704,-105306.1,-0.937674734,-0.8179414916676632,-0.8828811589034613,NA,-0.8504113252855623,-0.7847575759032099,9,-0.665056992989653,0.6817979970189149,0.29257949115315485,16,0.6907227953639984,0.5249007407193098,-1.2154049204813893,Subjunctive,0
HSP26,Adults,NA,NA,Adults,7,2,-1,1 SPA/2 ENG,Bilingual,38,13,3,0,0,2,NA,Production,EPT-20,tratar,Intensional,Intensional subjunctive,DOM,0,0,0,1,NA,IND,590952,203027,9516595,75254.88,0.670090129,1.4918471301070348,0.8338694835770605,NA,1.1628583068420475,-0.7847575759032099,9,-0.665056992989653,0.6817979970189149,0.29257949115315485,16,0.6907227953639984,0.5249007407193098,-1.2154049204813893,Subjunctive,0
HSP26,Adults,NA,NA,Adults,7,2,-1,1 SPA/2 ENG,Bilingual,38,13,3,0,0,2,NA,Production,EPT-26,mirar,Intensional,Intensional subjunctive,DOM,1,1,0,1,NA,SUBJ,186441,197558,3683993,69785.88,0.621392647,-0.22144114042709367,0.7818709386879318,NA,0.2802148991304191,-0.7847575759032099,9,-0.665056992989653,0.6817979970189149,0.29257949115315485,16,0.6907227953639984,0.5249007407193098,-1.2154049204813893,Subjunctive,0
HSP26,Adults,NA,NA,Adults,7,2,-1,1 SPA/2 ENG,Bilingual,38,13,3,0,0,2,NA,Production,EPT-32,llevar,Intensional,Intensional subjunctive,DOM,1,1,0,1,NA,IND,418316,301022,13841181,173259.9,1.542753636,0.7606550639532595,1.765593273375958,NA,1.2631241686646089,-0.7847575759032099,9,-0.665056992989653,0.6817979970189149,0.29257949115315485,16,0.6907227953639984,0.5249007407193098,-1.2154049204813893,Subjunctive,0
HSP26,Adults,NA,NA,Adults,7,2,-1,1 SPA/2 ENG,Bilingual,38,13,3,0,0,2,NA,Production,EPT-38,amar,Intensional,Intensional subjunctive,DOM,0,0,0,1,NA,IND,60260,28864,1318934,-67512.13,-0.601146551,-0.7558751292784892,-0.8220498021287957,NA,-0.7889624657036425,-0.7847575759032099,9,-0.665056992989653,0.6817979970189149,0.29257949115315485,16,0.6907227953639984,0.5249007407193098,-1.2154049204813893,Subjunctive,0
HSP26,Adults,NA,NA,Adults,7,2,-1,1 SPA/2 ENG,Bilingual,38,13,3,0,0,2,NA,Production,EPT-42,cuidar,Intensional,Intensional subjunctive,DOM,0,0,0,1,NA,IND,208160,26928,1534607,-100844.1,-0.897943857,-0.12945128613949522,-0.8404570398149089,NA,-0.48495416297720206,-0.7847575759032099,9,-0.665056992989653,0.6817979970189149,0.29257949115315485,16,0.6907227953639984,0.5249007407193098,-1.2154049204813893,Subjunctive,0
HSP27,Adults,NA,NA,Adults,11,2,0,2 SPA/2 ENG,Bilingual,20,7,2,0,0,2,NA,Production,EPT-02,llamar,Intensional,Intensional subjunctive,DOM,1,1,0,1,NA,SUBJ,303936,207733,8248273,79960.88,0.711993649,0.2762036834377887,0.8786135231177882,NA,0.5774086032777884,0.13530303032814148,13,0.16473888817174911,-1.758321150206679,-0.47262840878585577,9,-1.6577347088735983,-1.534325242102586,-0.15582114365146038,Subjunctive,0
HSP27,Adults,NA,NA,Adults,11,2,0,2 SPA/2 ENG,Bilingual,20,7,2,0,0,2,NA,Production,EPT-08,peinar,Intensional,Intensional subjunctive,DOM,0,0,1,0,NA,IND,6151,3173,91504,-124599.1,-1.109464919,-0.9850513816679946,-1.0663165084273158,NA,-1.0256839450476551,0.13530303032814148,13,0.16473888817174911,-1.758321150206679,-0.47262840878585577,9,-1.6577347088735983,-1.534325242102586,-0.15582114365146038,Subjunctive,1
HSP27,Adults,NA,NA,Adults,11,2,0,2 SPA/2 ENG,Bilingual,20,7,2,0,0,2,NA,Production,EPT-14,pintar,Intensional,Intensional subjunctive,DOM,0,0,1,1,NA,IND,45606,22466,893704,-105306.1,-0.937674734,-0.8179414916676632,-0.8828811589034613,NA,-0.8504113252855623,0.13530303032814148,13,0.16473888817174911,-1.758321150206679,-0.47262840878585577,9,-1.6577347088735983,-1.534325242102586,-0.15582114365146038,Subjunctive,1
HSP27,Adults,NA,NA,Adults,11,2,0,2 SPA/2 ENG,Bilingual,20,7,2,0,0,2,NA,Production,EPT-20,tratar,Intensional,Intensional subjunctive,DOM,0,0,1,1,NA,IND,590952,203027,9516595,75254.88,0.670090129,1.4918471301070348,0.8338694835770605,NA,1.1628583068420475,0.13530303032814148,13,0.16473888817174911,-1.758321150206679,-0.47262840878585577,9,-1.6577347088735983,-1.534325242102586,-0.15582114365146038,Subjunctive,1
HSP27,Adults,NA,NA,Adults,11,2,0,2 SPA/2 ENG,Bilingual,20,7,2,0,0,2,NA,Production,EPT-26,mirar,Intensional,Intensional subjunctive,DOM,0,0,1,1,NA,IND,186441,197558,3683993,69785.88,0.621392647,-0.22144114042709367,0.7818709386879318,NA,0.2802148991304191,0.13530303032814148,13,0.16473888817174911,-1.758321150206679,-0.47262840878585577,9,-1.6577347088735983,-1.534325242102586,-0.15582114365146038,Subjunctive,1
HSP27,Adults,NA,NA,Adults,11,2,0,2 SPA/2 ENG,Bilingual,20,7,2,0,0,2,NA,Production,EPT-32,llevar,Intensional,Intensional subjunctive,DOM,0,0,0,1,NA,IND,418316,301022,13841181,173259.9,1.542753636,0.7606550639532595,1.765593273375958,NA,1.2631241686646089,0.13530303032814148,13,0.16473888817174911,-1.758321150206679,-0.47262840878585577,9,-1.6577347088735983,-1.534325242102586,-0.15582114365146038,Subjunctive,0
HSP27,Adults,NA,NA,Adults,11,2,0,2 SPA/2 ENG,Bilingual,20,7,2,0,0,2,NA,Production,EPT-38,amar,Intensional,Intensional subjunctive,DOM,0,0,1,1,NA,IND,60260,28864,1318934,-67512.13,-0.601146551,-0.7558751292784892,-0.8220498021287957,NA,-0.7889624657036425,0.13530303032814148,13,0.16473888817174911,-1.758321150206679,-0.47262840878585577,9,-1.6577347088735983,-1.534325242102586,-0.15582114365146038,Subjunctive,1
HSP27,Adults,NA,NA,Adults,11,2,0,2 SPA/2 ENG,Bilingual,20,7,2,0,0,2,NA,Production,EPT-42,cuidar,Intensional,Intensional subjunctive,DOM,1,1,1,1,NA,ND,208160,26928,1534607,-100844.1,-0.897943857,-0.12945128613949522,-0.8404570398149089,NA,-0.48495416297720206,0.13530303032814148,13,0.16473888817174911,-1.758321150206679,-0.47262840878585577,9,-1.6577347088735983,-1.534325242102586,-0.15582114365146038,Subjunctive,1
HSP28,Adults,NA,NA,Adults,11,2,0,2 SPA/2 ENG,Bilingual,29,11,2,4,0,2,NA,Production,EPT-02,llamar,Intensional,Intensional subjunctive,DOM,0,0,0,1,NA,IND,303936,207733,8248273,79960.88,0.711993649,0.2762036834377887,0.8786135231177882,NA,0.5774086032777884,0.13530303032814148,13,0.16473888817174911,-0.13157505205628298,-0.47262840878585577,13,-0.31575899216640024,-0.504712250691638,-0.15582114365146038,Subjunctive,0
HSP28,Adults,NA,NA,Adults,11,2,0,2 SPA/2 ENG,Bilingual,29,11,2,4,0,2,NA,Production,EPT-08,peinar,Intensional,Intensional subjunctive,DOM,0,0,0,1,NA,IND,6151,3173,91504,-124599.1,-1.109464919,-0.9850513816679946,-1.0663165084273158,NA,-1.0256839450476551,0.13530303032814148,13,0.16473888817174911,-0.13157505205628298,-0.47262840878585577,13,-0.31575899216640024,-0.504712250691638,-0.15582114365146038,Subjunctive,0
HSP28,Adults,NA,NA,Adults,11,2,0,2 SPA/2 ENG,Bilingual,29,11,2,4,0,2,NA,Production,EPT-14,pintar,Intensional,Intensional subjunctive,DOM,NA,NA,NA,NA,NA,NA,45606,22466,893704,-105306.1,-0.937674734,-0.8179414916676632,-0.8828811589034613,NA,-0.8504113252855623,0.13530303032814148,13,0.16473888817174911,-0.13157505205628298,-0.47262840878585577,13,-0.31575899216640024,-0.504712250691638,-0.15582114365146038,Subjunctive,NA
HSP28,Adults,NA,NA,Adults,11,2,0,2 SPA/2 ENG,Bilingual,29,11,2,4,0,2,NA,Production,EPT-20,tratar,Intensional,Intensional subjunctive,DOM,0,0,0,1,NA,IND,590952,203027,9516595,75254.88,0.670090129,1.4918471301070348,0.8338694835770605,NA,1.1628583068420475,0.13530303032814148,13,0.16473888817174911,-0.13157505205628298,-0.47262840878585577,13,-0.31575899216640024,-0.504712250691638,-0.15582114365146038,Subjunctive,0
HSP28,Adults,NA,NA,Adults,11,2,0,2 SPA/2 ENG,Bilingual,29,11,2,4,0,2,NA,Production,EPT-26,mirar,Intensional,Intensional subjunctive,DOM,0,0,0,1,NA,IND,186441,197558,3683993,69785.88,0.621392647,-0.22144114042709367,0.7818709386879318,NA,0.2802148991304191,0.13530303032814148,13,0.16473888817174911,-0.13157505205628298,-0.47262840878585577,13,-0.31575899216640024,-0.504712250691638,-0.15582114365146038,Subjunctive,0
HSP28,Adults,NA,NA,Adults,11,2,0,2 SPA/2 ENG,Bilingual,29,11,2,4,0,2,NA,Production,EPT-32,llevar,Intensional,Intensional subjunctive,DOM,1,1,0,1,NA,SUBJ,418316,301022,13841181,173259.9,1.542753636,0.7606550639532595,1.765593273375958,NA,1.2631241686646089,0.13530303032814148,13,0.16473888817174911,-0.13157505205628298,-0.47262840878585577,13,-0.31575899216640024,-0.504712250691638,-0.15582114365146038,Subjunctive,0
HSP28,Adults,NA,NA,Adults,11,2,0,2 SPA/2 ENG,Bilingual,29,11,2,4,0,2,NA,Production,EPT-38,amar,Intensional,Intensional subjunctive,DOM,1,1,0,1,NA,SUBJ,60260,28864,1318934,-67512.13,-0.601146551,-0.7558751292784892,-0.8220498021287957,NA,-0.7889624657036425,0.13530303032814148,13,0.16473888817174911,-0.13157505205628298,-0.47262840878585577,13,-0.31575899216640024,-0.504712250691638,-0.15582114365146038,Subjunctive,0
HSP28,Adults,NA,NA,Adults,11,2,0,2 SPA/2 ENG,Bilingual,29,11,2,4,0,2,NA,Production,EPT-42,cuidar,Intensional,Intensional subjunctive,DOM,0,0,0,1,NA,IND,208160,26928,1534607,-100844.1,-0.897943857,-0.12945128613949522,-0.8404570398149089,NA,-0.48495416297720206,0.13530303032814148,13,0.16473888817174911,-0.13157505205628298,-0.47262840878585577,13,-0.31575899216640024,-0.504712250691638,-0.15582114365146038,Subjunctive,0
HSP29,Adults,NA,NA,Adults,11,2,-1,1 SPA/2 ENG,Bilingual,18,3,1,0,0,2,NA,Production,EPT-02,llamar,Intensional,Intensional subjunctive,DOM,NA,NA,NA,NA,NA,NA,303936,207733,8248273,79960.88,0.711993649,0.2762036834377887,0.8786135231177882,NA,0.5774086032777884,0.13530303032814148,13,0.16473888817174911,-3.3850672483570743,-1.2378363087248665,4,-3.335204354757596,-1.7631281290827965,-1.2154049204813893,Subjunctive,NA
HSP29,Adults,NA,NA,Adults,11,2,-1,1 SPA/2 ENG,Bilingual,18,3,1,0,0,2,NA,Production,EPT-08,peinar,Intensional,Intensional subjunctive,DOM,0,0,1,1,NA,IND,6151,3173,91504,-124599.1,-1.109464919,-0.9850513816679946,-1.0663165084273158,NA,-1.0256839450476551,0.13530303032814148,13,0.16473888817174911,-3.3850672483570743,-1.2378363087248665,4,-3.335204354757596,-1.7631281290827965,-1.2154049204813893,Subjunctive,1
HSP29,Adults,NA,NA,Adults,11,2,-1,1 SPA/2 ENG,Bilingual,18,3,1,0,0,2,NA,Production,EPT-14,pintar,Intensional,Intensional subjunctive,DOM,0,0,0,1,NA,IND,45606,22466,893704,-105306.1,-0.937674734,-0.8179414916676632,-0.8828811589034613,NA,-0.8504113252855623,0.13530303032814148,13,0.16473888817174911,-3.3850672483570743,-1.2378363087248665,4,-3.335204354757596,-1.7631281290827965,-1.2154049204813893,Subjunctive,0
HSP29,Adults,NA,NA,Adults,11,2,-1,1 SPA/2 ENG,Bilingual,18,3,1,0,0,2,NA,Production,EPT-20,tratar,Intensional,Intensional subjunctive,DOM,0,0,0,1,NA,IND,590952,203027,9516595,75254.88,0.670090129,1.4918471301070348,0.8338694835770605,NA,1.1628583068420475,0.13530303032814148,13,0.16473888817174911,-3.3850672483570743,-1.2378363087248665,4,-3.335204354757596,-1.7631281290827965,-1.2154049204813893,Subjunctive,0
HSP29,Adults,NA,NA,Adults,11,2,-1,1 SPA/2 ENG,Bilingual,18,3,1,0,0,2,NA,Production,EPT-26,mirar,Intensional,Intensional subjunctive,DOM,0,0,0,1,NA,IND,186441,197558,3683993,69785.88,0.621392647,-0.22144114042709367,0.7818709386879318,NA,0.2802148991304191,0.13530303032814148,13,0.16473888817174911,-3.3850672483570743,-1.2378363087248665,4,-3.335204354757596,-1.7631281290827965,-1.2154049204813893,Subjunctive,0
HSP29,Adults,NA,NA,Adults,11,2,-1,1 SPA/2 ENG,Bilingual,18,3,1,0,0,2,NA,Production,EPT-32,llevar,Intensional,Intensional subjunctive,DOM,NA,NA,NA,NA,NA,NA,418316,301022,13841181,173259.9,1.542753636,0.7606550639532595,1.765593273375958,NA,1.2631241686646089,0.13530303032814148,13,0.16473888817174911,-3.3850672483570743,-1.2378363087248665,4,-3.335204354757596,-1.7631281290827965,-1.2154049204813893,Subjunctive,NA
HSP29,Adults,NA,NA,Adults,11,2,-1,1 SPA/2 ENG,Bilingual,18,3,1,0,0,2,NA,Production,EPT-38,amar,Intensional,Intensional subjunctive,DOM,0,0,0,1,NA,IND,60260,28864,1318934,-67512.13,-0.601146551,-0.7558751292784892,-0.8220498021287957,NA,-0.7889624657036425,0.13530303032814148,13,0.16473888817174911,-3.3850672483570743,-1.2378363087248665,4,-3.335204354757596,-1.7631281290827965,-1.2154049204813893,Subjunctive,0
HSP29,Adults,NA,NA,Adults,11,2,-1,1 SPA/2 ENG,Bilingual,18,3,1,0,0,2,NA,Production,EPT-42,cuidar,Intensional,Intensional subjunctive,DOM,1,1,0,1,NA,SUBJ,208160,26928,1534607,-100844.1,-0.897943857,-0.12945128613949522,-0.8404570398149089,NA,-0.48495416297720206,0.13530303032814148,13,0.16473888817174911,-3.3850672483570743,-1.2378363087248665,4,-3.335204354757596,-1.7631281290827965,-1.2154049204813893,Subjunctive,0
HSP30,Adults,NA,NA,Adults,5,0,0,2 SPA/2 ENG,Bilingual,42,14,4,0,0,3,0,Production,EPT-02,llamar,Intensional,Intensional subjunctive,DOM,1,1,1,1,NA,SUBJ,303936,207733,8248273,79960.88,0.711993649,0.2762036834377887,0.8786135231177882,27,0.5774086032777884,-1.2447878790188855,5,-1.4948528741510552,1.0884845215565138,1.0577873910921654,18,1.3617106537175974,0.982506514679731,-0.15582114365146038,Subjunctive,1
HSP30,Adults,NA,NA,Adults,5,0,0,2 SPA/2 ENG,Bilingual,42,14,4,0,0,3,0,Production,EPT-08,peinar,Intensional,Intensional subjunctive,DOM,1,1,1,1,NA,SUBJ,6151,3173,91504,-124599.1,-1.109464919,-0.9850513816679946,-1.0663165084273158,27,-1.0256839450476551,-1.2447878790188855,5,-1.4948528741510552,1.0884845215565138,1.0577873910921654,18,1.3617106537175974,0.982506514679731,-0.15582114365146038,Subjunctive,1
HSP30,Adults,NA,NA,Adults,5,0,0,2 SPA/2 ENG,Bilingual,42,14,4,0,0,3,0,Production,EPT-14,pintar,Intensional,Intensional subjunctive,DOM,1,1,1,1,NA,SUBJ,45606,22466,893704,-105306.1,-0.937674734,-0.8179414916676632,-0.8828811589034613,27,-0.8504113252855623,-1.2447878790188855,5,-1.4948528741510552,1.0884845215565138,1.0577873910921654,18,1.3617106537175974,0.982506514679731,-0.15582114365146038,Subjunctive,1
HSP30,Adults,NA,NA,Adults,5,0,0,2 SPA/2 ENG,Bilingual,42,14,4,0,0,3,0,Production,EPT-20,tratar,Intensional,Intensional subjunctive,DOM,1,1,1,1,NA,SUBJ,590952,203027,9516595,75254.88,0.670090129,1.4918471301070348,0.8338694835770605,27,1.1628583068420475,-1.2447878790188855,5,-1.4948528741510552,1.0884845215565138,1.0577873910921654,18,1.3617106537175974,0.982506514679731,-0.15582114365146038,Subjunctive,1
HSP30,Adults,NA,NA,Adults,5,0,0,2 SPA/2 ENG,Bilingual,42,14,4,0,0,3,0,Production,EPT-26,mirar,Intensional,Intensional subjunctive,DOM,1,1,1,1,NA,SUBJ,186441,197558,3683993,69785.88,0.621392647,-0.22144114042709367,0.7818709386879318,27,0.2802148991304191,-1.2447878790188855,5,-1.4948528741510552,1.0884845215565138,1.0577873910921654,18,1.3617106537175974,0.982506514679731,-0.15582114365146038,Subjunctive,1
HSP30,Adults,NA,NA,Adults,5,0,0,2 SPA/2 ENG,Bilingual,42,14,4,0,0,3,0,Production,EPT-32,llevar,Intensional,Intensional subjunctive,DOM,1,1,1,1,NA,SUBJ,418316,301022,13841181,173259.9,1.542753636,0.7606550639532595,1.765593273375958,27,1.2631241686646089,-1.2447878790188855,5,-1.4948528741510552,1.0884845215565138,1.0577873910921654,18,1.3617106537175974,0.982506514679731,-0.15582114365146038,Subjunctive,1
HSP30,Adults,NA,NA,Adults,5,0,0,2 SPA/2 ENG,Bilingual,42,14,4,0,0,3,0,Production,EPT-38,amar,Intensional,Intensional subjunctive,DOM,1,1,1,1,NA,SUBJ,60260,28864,1318934,-67512.13,-0.601146551,-0.7558751292784892,-0.8220498021287957,27,-0.7889624657036425,-1.2447878790188855,5,-1.4948528741510552,1.0884845215565138,1.0577873910921654,18,1.3617106537175974,0.982506514679731,-0.15582114365146038,Subjunctive,1
HSP30,Adults,NA,NA,Adults,5,0,0,2 SPA/2 ENG,Bilingual,42,14,4,0,0,3,0,Production,EPT-42,cuidar,Intensional,Intensional subjunctive,DOM,1,1,1,1,NA,SUBJ,208160,26928,1534607,-100844.1,-0.897943857,-0.12945128613949522,-0.8404570398149089,27,-0.48495416297720206,-1.2447878790188855,5,-1.4948528741510552,1.0884845215565138,1.0577873910921654,18,1.3617106537175974,0.982506514679731,-0.15582114365146038,Subjunctive,1
HSP31,Adults,NA,NA,Adults,10,4,-1,1 SPA/2 ENG,Bilingual,19,12,1,0,0,2,NA,Production,EPT-02,llamar,Intensional,Intensional subjunctive,DOM,0,0,0,0,NA,IND,303936,207733,8248273,79960.88,0.711993649,0.2762036834377887,0.8786135231177882,NA,0.5774086032777884,-0.09471212122969638,14,0.3721878584620997,0.27511147248131596,-1.2378363087248665,13,-0.31575899216640024,-1.6487266855926912,-1.2154049204813893,Subjunctive,0
HSP31,Adults,NA,NA,Adults,10,4,-1,1 SPA/2 ENG,Bilingual,19,12,1,0,0,2,NA,Production,EPT-08,peinar,Intensional,Intensional subjunctive,DOM,0,0,0,1,NA,IND,6151,3173,91504,-124599.1,-1.109464919,-0.9850513816679946,-1.0663165084273158,NA,-1.0256839450476551,-0.09471212122969638,14,0.3721878584620997,0.27511147248131596,-1.2378363087248665,13,-0.31575899216640024,-1.6487266855926912,-1.2154049204813893,Subjunctive,0
HSP31,Adults,NA,NA,Adults,10,4,-1,1 SPA/2 ENG,Bilingual,19,12,1,0,0,2,NA,Production,EPT-14,pintar,Intensional,Intensional subjunctive,DOM,0,0,0,1,NA,IND,45606,22466,893704,-105306.1,-0.937674734,-0.8179414916676632,-0.8828811589034613,NA,-0.8504113252855623,-0.09471212122969638,14,0.3721878584620997,0.27511147248131596,-1.2378363087248665,13,-0.31575899216640024,-1.6487266855926912,-1.2154049204813893,Subjunctive,0
HSP31,Adults,NA,NA,Adults,10,4,-1,1 SPA/2 ENG,Bilingual,19,12,1,0,0,2,NA,Production,EPT-20,tratar,Intensional,Intensional subjunctive,DOM,0,0,0,1,NA,IND,590952,203027,9516595,75254.88,0.670090129,1.4918471301070348,0.8338694835770605,NA,1.1628583068420475,-0.09471212122969638,14,0.3721878584620997,0.27511147248131596,-1.2378363087248665,13,-0.31575899216640024,-1.6487266855926912,-1.2154049204813893,Subjunctive,0
HSP31,Adults,NA,NA,Adults,10,4,-1,1 SPA/2 ENG,Bilingual,19,12,1,0,0,2,NA,Production,EPT-26,mirar,Intensional,Intensional subjunctive,DOM,0,0,0,1,NA,IND,186441,197558,3683993,69785.88,0.621392647,-0.22144114042709367,0.7818709386879318,NA,0.2802148991304191,-0.09471212122969638,14,0.3721878584620997,0.27511147248131596,-1.2378363087248665,13,-0.31575899216640024,-1.6487266855926912,-1.2154049204813893,Subjunctive,0
HSP31,Adults,NA,NA,Adults,10,4,-1,1 SPA/2 ENG,Bilingual,19,12,1,0,0,2,NA,Production,EPT-32,llevar,Intensional,Intensional subjunctive,DOM,0,0,0,1,NA,IND,418316,301022,13841181,173259.9,1.542753636,0.7606550639532595,1.765593273375958,NA,1.2631241686646089,-0.09471212122969638,14,0.3721878584620997,0.27511147248131596,-1.2378363087248665,13,-0.31575899216640024,-1.6487266855926912,-1.2154049204813893,Subjunctive,0
HSP31,Adults,NA,NA,Adults,10,4,-1,1 SPA/2 ENG,Bilingual,19,12,1,0,0,2,NA,Production,EPT-38,amar,Intensional,Intensional subjunctive,DOM,0,0,0,1,NA,IND,60260,28864,1318934,-67512.13,-0.601146551,-0.7558751292784892,-0.8220498021287957,NA,-0.7889624657036425,-0.09471212122969638,14,0.3721878584620997,0.27511147248131596,-1.2378363087248665,13,-0.31575899216640024,-1.6487266855926912,-1.2154049204813893,Subjunctive,0
HSP31,Adults,NA,NA,Adults,10,4,-1,1 SPA/2 ENG,Bilingual,19,12,1,0,0,2,NA,Production,EPT-42,cuidar,Intensional,Intensional subjunctive,DOM,0,0,0,1,NA,IND,208160,26928,1534607,-100844.1,-0.897943857,-0.12945128613949522,-0.8404570398149089,NA,-0.48495416297720206,-0.09471212122969638,14,0.3721878584620997,0.27511147248131596,-1.2378363087248665,13,-0.31575899216640024,-1.6487266855926912,-1.2154049204813893,Subjunctive,0
HSP32,Adults,NA,NA,Adults,15,0,1,2 SPA/1 ENG,Bilingual,34,13,2,NA,0,2,NA,Production,EPT-02,llamar,Intensional,Intensional subjunctive,DOM,1,1,1,0,NA,SUBJ,303936,207733,8248273,79960.88,0.711993649,0.2762036834377887,0.8786135231177882,NA,0.5774086032777884,1.055363636559493,15,0.5796368287524502,0.6817979970189149,-0.47262840878585577,15,0.35522886618719884,0.06729496675888849,0.9037626331784686,Subjunctive,1
HSP32,Adults,NA,NA,Adults,15,0,1,2 SPA/1 ENG,Bilingual,34,13,2,NA,0,2,NA,Production,EPT-08,peinar,Intensional,Intensional subjunctive,DOM,1,1,1,1,NA,SUBJ,6151,3173,91504,-124599.1,-1.109464919,-0.9850513816679946,-1.0663165084273158,NA,-1.0256839450476551,1.055363636559493,15,0.5796368287524502,0.6817979970189149,-0.47262840878585577,15,0.35522886618719884,0.06729496675888849,0.9037626331784686,Subjunctive,1
HSP32,Adults,NA,NA,Adults,15,0,1,2 SPA/1 ENG,Bilingual,34,13,2,NA,0,2,NA,Production,EPT-14,pintar,Intensional,Intensional subjunctive,DOM,1,1,0,1,NA,SUBJ,45606,22466,893704,-105306.1,-0.937674734,-0.8179414916676632,-0.8828811589034613,NA,-0.8504113252855623,1.055363636559493,15,0.5796368287524502,0.6817979970189149,-0.47262840878585577,15,0.35522886618719884,0.06729496675888849,0.9037626331784686,Subjunctive,0
HSP32,Adults,NA,NA,Adults,15,0,1,2 SPA/1 ENG,Bilingual,34,13,2,NA,0,2,NA,Production,EPT-20,tratar,Intensional,Intensional subjunctive,DOM,1,1,1,1,NA,SUBJ,590952,203027,9516595,75254.88,0.670090129,1.4918471301070348,0.8338694835770605,NA,1.1628583068420475,1.055363636559493,15,0.5796368287524502,0.6817979970189149,-0.47262840878585577,15,0.35522886618719884,0.06729496675888849,0.9037626331784686,Subjunctive,1
HSP32,Adults,NA,NA,Adults,15,0,1,2 SPA/1 ENG,Bilingual,34,13,2,NA,0,2,NA,Production,EPT-26,mirar,Intensional,Intensional subjunctive,DOM,1,1,1,1,NA,SUBJ,186441,197558,3683993,69785.88,0.621392647,-0.22144114042709367,0.7818709386879318,NA,0.2802148991304191,1.055363636559493,15,0.5796368287524502,0.6817979970189149,-0.47262840878585577,15,0.35522886618719884,0.06729496675888849,0.9037626331784686,Subjunctive,1
HSP32,Adults,NA,NA,Adults,15,0,1,2 SPA/1 ENG,Bilingual,34,13,2,NA,0,2,NA,Production,EPT-32,llevar,Intensional,Intensional subjunctive,DOM,1,1,1,1,NA,SUBJ,418316,301022,13841181,173259.9,1.542753636,0.7606550639532595,1.765593273375958,NA,1.2631241686646089,1.055363636559493,15,0.5796368287524502,0.6817979970189149,-0.47262840878585577,15,0.35522886618719884,0.06729496675888849,0.9037626331784686,Subjunctive,1
HSP32,Adults,NA,NA,Adults,15,0,1,2 SPA/1 ENG,Bilingual,34,13,2,NA,0,2,NA,Production,EPT-38,amar,Intensional,Intensional subjunctive,DOM,1,1,1,1,NA,SUBJ,60260,28864,1318934,-67512.13,-0.601146551,-0.7558751292784892,-0.8220498021287957,NA,-0.7889624657036425,1.055363636559493,15,0.5796368287524502,0.6817979970189149,-0.47262840878585577,15,0.35522886618719884,0.06729496675888849,0.9037626331784686,Subjunctive,1
HSP32,Adults,NA,NA,Adults,15,0,1,2 SPA/1 ENG,Bilingual,34,13,2,NA,0,2,NA,Production,EPT-42,cuidar,Intensional,Intensional subjunctive,DOM,1,1,1,1,NA,SUBJ,208160,26928,1534607,-100844.1,-0.897943857,-0.12945128613949522,-0.8404570398149089,NA,-0.48495416297720206,1.055363636559493,15,0.5796368287524502,0.6817979970189149,-0.47262840878585577,15,0.35522886618719884,0.06729496675888849,0.9037626331784686,Subjunctive,1
HSP33,Adults,NA,NA,Adults,11,1,2,2 SPA/0 ENG,Monolingual,45,12,2,5,0,2,0,Production,EPT-02,llamar,Intensional,Intensional subjunctive,DOM,NA,NA,NA,1,NA,IND MODAL,303936,207733,8248273,79960.88,0.711993649,0.2762036834377887,0.8786135231177882,20,0.5774086032777884,0.13530303032814148,12,-0.04271008211860143,0.27511147248131596,-0.47262840878585577,14,0.0197349370103993,1.325710845150047,1.9633464100083975,Subjunctive,NA
HSP33,Adults,NA,NA,Adults,11,1,2,2 SPA/0 ENG,Monolingual,45,12,2,5,0,2,0,Production,EPT-08,peinar,Intensional,Intensional subjunctive,DOM,1,1,0,1,NA,SUBJ,6151,3173,91504,-124599.1,-1.109464919,-0.9850513816679946,-1.0663165084273158,20,-1.0256839450476551,0.13530303032814148,12,-0.04271008211860143,0.27511147248131596,-0.47262840878585577,14,0.0197349370103993,1.325710845150047,1.9633464100083975,Subjunctive,0
HSP33,Adults,NA,NA,Adults,11,1,2,2 SPA/0 ENG,Monolingual,45,12,2,5,0,2,0,Production,EPT-14,pintar,Intensional,Intensional subjunctive,DOM,1,1,1,1,NA,IND,45606,22466,893704,-105306.1,-0.937674734,-0.8179414916676632,-0.8828811589034613,20,-0.8504113252855623,0.13530303032814148,12,-0.04271008211860143,0.27511147248131596,-0.47262840878585577,14,0.0197349370103993,1.325710845150047,1.9633464100083975,Subjunctive,1
HSP33,Adults,NA,NA,Adults,11,1,2,2 SPA/0 ENG,Monolingual,45,12,2,5,0,2,0,Production,EPT-20,tratar,Intensional,Intensional subjunctive,DOM,1,1,1,1,NA,COND,590952,203027,9516595,75254.88,0.670090129,1.4918471301070348,0.8338694835770605,20,1.1628583068420475,0.13530303032814148,12,-0.04271008211860143,0.27511147248131596,-0.47262840878585577,14,0.0197349370103993,1.325710845150047,1.9633464100083975,Subjunctive,1
HSP33,Adults,NA,NA,Adults,11,1,2,2 SPA/0 ENG,Monolingual,45,12,2,5,0,2,0,Production,EPT-26,mirar,Intensional,Intensional subjunctive,DOM,1,1,1,1,NA,SUBJ,186441,197558,3683993,69785.88,0.621392647,-0.22144114042709367,0.7818709386879318,20,0.2802148991304191,0.13530303032814148,12,-0.04271008211860143,0.27511147248131596,-0.47262840878585577,14,0.0197349370103993,1.325710845150047,1.9633464100083975,Subjunctive,1
HSP33,Adults,NA,NA,Adults,11,1,2,2 SPA/0 ENG,Monolingual,45,12,2,5,0,2,0,Production,EPT-32,llevar,Intensional,Intensional subjunctive,DOM,1,1,1,1,NA,COND,418316,301022,13841181,173259.9,1.542753636,0.7606550639532595,1.765593273375958,20,1.2631241686646089,0.13530303032814148,12,-0.04271008211860143,0.27511147248131596,-0.47262840878585577,14,0.0197349370103993,1.325710845150047,1.9633464100083975,Subjunctive,1
HSP33,Adults,NA,NA,Adults,11,1,2,2 SPA/0 ENG,Monolingual,45,12,2,5,0,2,0,Production,EPT-38,amar,Intensional,Intensional subjunctive,DOM,1,1,1,1,NA,FUTURE,60260,28864,1318934,-67512.13,-0.601146551,-0.7558751292784892,-0.8220498021287957,20,-0.7889624657036425,0.13530303032814148,12,-0.04271008211860143,0.27511147248131596,-0.47262840878585577,14,0.0197349370103993,1.325710845150047,1.9633464100083975,Subjunctive,1
HSP33,Adults,NA,NA,Adults,11,1,2,2 SPA/0 ENG,Monolingual,45,12,2,5,0,2,0,Production,EPT-42,cuidar,Intensional,Intensional subjunctive,DOM,1,1,1,1,NA,COND,208160,26928,1534607,-100844.1,-0.897943857,-0.12945128613949522,-0.8404570398149089,20,-0.48495416297720206,0.13530303032814148,12,-0.04271008211860143,0.27511147248131596,-0.47262840878585577,14,0.0197349370103993,1.325710845150047,1.9633464100083975,Subjunctive,1
HSP34,Adults,NA,NA,Adults,8,1,0,2 SPA/2 ENG,Bilingual,29,11,3,0,0,3,NA,Production,EPT-02,llamar,Intensional,Intensional subjunctive,DOM,0,0,0,1,NA,IND,303936,207733,8248273,79960.88,0.711993649,0.2762036834377887,0.8786135231177882,NA,0.5774086032777884,-0.5547424243453721,9,-0.665056992989653,-0.13157505205628298,0.29257949115315485,14,0.0197349370103993,-0.504712250691638,-0.15582114365146038,Subjunctive,0
HSP34,Adults,NA,NA,Adults,8,1,0,2 SPA/2 ENG,Bilingual,29,11,3,0,0,3,NA,Production,EPT-08,peinar,Intensional,Intensional subjunctive,DOM,0,0,0,1,NA,IND,6151,3173,91504,-124599.1,-1.109464919,-0.9850513816679946,-1.0663165084273158,NA,-1.0256839450476551,-0.5547424243453721,9,-0.665056992989653,-0.13157505205628298,0.29257949115315485,14,0.0197349370103993,-0.504712250691638,-0.15582114365146038,Subjunctive,0
HSP34,Adults,NA,NA,Adults,8,1,0,2 SPA/2 ENG,Bilingual,29,11,3,0,0,3,NA,Production,EPT-14,pintar,Intensional,Intensional subjunctive,DOM,1,1,1,1,NA,SUBJ,45606,22466,893704,-105306.1,-0.937674734,-0.8179414916676632,-0.8828811589034613,NA,-0.8504113252855623,-0.5547424243453721,9,-0.665056992989653,-0.13157505205628298,0.29257949115315485,14,0.0197349370103993,-0.504712250691638,-0.15582114365146038,Subjunctive,1
HSP34,Adults,NA,NA,Adults,8,1,0,2 SPA/2 ENG,Bilingual,29,11,3,0,0,3,NA,Production,EPT-20,tratar,Intensional,Intensional subjunctive,DOM,NA,NA,NA,NA,NA,NA,590952,203027,9516595,75254.88,0.670090129,1.4918471301070348,0.8338694835770605,NA,1.1628583068420475,-0.5547424243453721,9,-0.665056992989653,-0.13157505205628298,0.29257949115315485,14,0.0197349370103993,-0.504712250691638,-0.15582114365146038,Subjunctive,NA
HSP34,Adults,NA,NA,Adults,8,1,0,2 SPA/2 ENG,Bilingual,29,11,3,0,0,3,NA,Production,EPT-26,mirar,Intensional,Intensional subjunctive,DOM,0,0,0,1,NA,IND,186441,197558,3683993,69785.88,0.621392647,-0.22144114042709367,0.7818709386879318,NA,0.2802148991304191,-0.5547424243453721,9,-0.665056992989653,-0.13157505205628298,0.29257949115315485,14,0.0197349370103993,-0.504712250691638,-0.15582114365146038,Subjunctive,0
HSP34,Adults,NA,NA,Adults,8,1,0,2 SPA/2 ENG,Bilingual,29,11,3,0,0,3,NA,Production,EPT-32,llevar,Intensional,Intensional subjunctive,DOM,0,0,0,1,NA,IND,418316,301022,13841181,173259.9,1.542753636,0.7606550639532595,1.765593273375958,NA,1.2631241686646089,-0.5547424243453721,9,-0.665056992989653,-0.13157505205628298,0.29257949115315485,14,0.0197349370103993,-0.504712250691638,-0.15582114365146038,Subjunctive,0
HSP34,Adults,NA,NA,Adults,8,1,0,2 SPA/2 ENG,Bilingual,29,11,3,0,0,3,NA,Production,EPT-38,amar,Intensional,Intensional subjunctive,DOM,0,0,1,1,NA,IND,60260,28864,1318934,-67512.13,-0.601146551,-0.7558751292784892,-0.8220498021287957,NA,-0.7889624657036425,-0.5547424243453721,9,-0.665056992989653,-0.13157505205628298,0.29257949115315485,14,0.0197349370103993,-0.504712250691638,-0.15582114365146038,Subjunctive,1
HSP34,Adults,NA,NA,Adults,8,1,0,2 SPA/2 ENG,Bilingual,29,11,3,0,0,3,NA,Production,EPT-42,cuidar,Intensional,Intensional subjunctive,DOM,0,0,0,1,NA,IND,208160,26928,1534607,-100844.1,-0.897943857,-0.12945128613949522,-0.8404570398149089,NA,-0.48495416297720206,-0.5547424243453721,9,-0.665056992989653,-0.13157505205628298,0.29257949115315485,14,0.0197349370103993,-0.504712250691638,-0.15582114365146038,Subjunctive,0
HSP35,Adults,NA,NA,Adults,20,3,2,2 SPA/0 ENG,Monolingual,32,12,4,7,0,2,4,Production,EPT-02,llamar,Intensional,Intensional subjunctive,DOM,1,NA,NA,1,NA,SUBJ,303936,207733,8248273,79960.88,0.711993649,0.2762036834377887,0.8786135231177882,17,0.5774086032777884,2.2054393943486823,23,2.2392285910752543,0.27511147248131596,1.0577873910921654,16,0.6907227953639984,-0.16150792022132215,1.9633464100083975,Subjunctive,NA
HSP35,Adults,NA,NA,Adults,20,3,2,2 SPA/0 ENG,Monolingual,32,12,4,7,0,2,4,Production,EPT-08,peinar,Intensional,Intensional subjunctive,DOM,1,1,0,1,NA,SUBJ,6151,3173,91504,-124599.1,-1.109464919,-0.9850513816679946,-1.0663165084273158,17,-1.0256839450476551,2.2054393943486823,23,2.2392285910752543,0.27511147248131596,1.0577873910921654,16,0.6907227953639984,-0.16150792022132215,1.9633464100083975,Subjunctive,0
HSP35,Adults,NA,NA,Adults,20,3,2,2 SPA/0 ENG,Monolingual,32,12,4,7,0,2,4,Production,EPT-14,pintar,Intensional,Intensional subjunctive,DOM,1,1,0,1,NA,SUBJ,45606,22466,893704,-105306.1,-0.937674734,-0.8179414916676632,-0.8828811589034613,17,-0.8504113252855623,2.2054393943486823,23,2.2392285910752543,0.27511147248131596,1.0577873910921654,16,0.6907227953639984,-0.16150792022132215,1.9633464100083975,Subjunctive,0
HSP35,Adults,NA,NA,Adults,20,3,2,2 SPA/0 ENG,Monolingual,32,12,4,7,0,2,4,Production,EPT-20,tratar,Intensional,Intensional subjunctive,DOM,1,1,0,1,NA,SUBJ,590952,203027,9516595,75254.88,0.670090129,1.4918471301070348,0.8338694835770605,17,1.1628583068420475,2.2054393943486823,23,2.2392285910752543,0.27511147248131596,1.0577873910921654,16,0.6907227953639984,-0.16150792022132215,1.9633464100083975,Subjunctive,0
HSP35,Adults,NA,NA,Adults,20,3,2,2 SPA/0 ENG,Monolingual,32,12,4,7,0,2,4,Production,EPT-26,mirar,Intensional,Intensional subjunctive,DOM,1,1,0,1,NA,SUBJ,186441,197558,3683993,69785.88,0.621392647,-0.22144114042709367,0.7818709386879318,17,0.2802148991304191,2.2054393943486823,23,2.2392285910752543,0.27511147248131596,1.0577873910921654,16,0.6907227953639984,-0.16150792022132215,1.9633464100083975,Subjunctive,0
HSP35,Adults,NA,NA,Adults,20,3,2,2 SPA/0 ENG,Monolingual,32,12,4,7,0,2,4,Production,EPT-32,llevar,Intensional,Intensional subjunctive,DOM,1,1,0,1,NA,SUBJ,418316,301022,13841181,173259.9,1.542753636,0.7606550639532595,1.765593273375958,17,1.2631241686646089,2.2054393943486823,23,2.2392285910752543,0.27511147248131596,1.0577873910921654,16,0.6907227953639984,-0.16150792022132215,1.9633464100083975,Subjunctive,0
HSP35,Adults,NA,NA,Adults,20,3,2,2 SPA/0 ENG,Monolingual,32,12,4,7,0,2,4,Production,EPT-38,amar,Intensional,Intensional subjunctive,DOM,1,1,0,1,NA,SUBJ,60260,28864,1318934,-67512.13,-0.601146551,-0.7558751292784892,-0.8220498021287957,17,-0.7889624657036425,2.2054393943486823,23,2.2392285910752543,0.27511147248131596,1.0577873910921654,16,0.6907227953639984,-0.16150792022132215,1.9633464100083975,Subjunctive,0
HSP35,Adults,NA,NA,Adults,20,3,2,2 SPA/0 ENG,Monolingual,32,12,4,7,0,2,4,Production,EPT-42,cuidar,Intensional,Intensional subjunctive,DOM,1,1,0,1,NA,SUBJ,208160,26928,1534607,-100844.1,-0.897943857,-0.12945128613949522,-0.8404570398149089,17,-0.48495416297720206,2.2054393943486823,23,2.2392285910752543,0.27511147248131596,1.0577873910921654,16,0.6907227953639984,-0.16150792022132215,1.9633464100083975,Subjunctive,0
HSP36,Adults,NA,NA,Adults,21,4,0,2 SPA/2 ENG,Bilingual,36,13,4,6,0,2,6,Production,EPT-02,llamar,Intensional,Intensional subjunctive,DOM,1,1,1,1,NA,SUBJ,303936,207733,8248273,79960.88,0.711993649,0.2762036834377887,0.8786135231177882,12,0.5774086032777884,2.43545454590652,25,2.6541265316559555,0.6817979970189149,1.0577873910921654,17,1.0262167245407978,0.29609785373909914,-0.15582114365146038,Subjunctive,1
HSP36,Adults,NA,NA,Adults,21,4,0,2 SPA/2 ENG,Bilingual,36,13,4,6,0,2,6,Production,EPT-08,peinar,Intensional,Intensional subjunctive,DOM,1,1,1,1,NA,SUBJ,6151,3173,91504,-124599.1,-1.109464919,-0.9850513816679946,-1.0663165084273158,12,-1.0256839450476551,2.43545454590652,25,2.6541265316559555,0.6817979970189149,1.0577873910921654,17,1.0262167245407978,0.29609785373909914,-0.15582114365146038,Subjunctive,1
HSP36,Adults,NA,NA,Adults,21,4,0,2 SPA/2 ENG,Bilingual,36,13,4,6,0,2,6,Production,EPT-14,pintar,Intensional,Intensional subjunctive,DOM,1,1,1,1,NA,SUBJ,45606,22466,893704,-105306.1,-0.937674734,-0.8179414916676632,-0.8828811589034613,12,-0.8504113252855623,2.43545454590652,25,2.6541265316559555,0.6817979970189149,1.0577873910921654,17,1.0262167245407978,0.29609785373909914,-0.15582114365146038,Subjunctive,1
HSP36,Adults,NA,NA,Adults,21,4,0,2 SPA/2 ENG,Bilingual,36,13,4,6,0,2,6,Production,EPT-20,tratar,Intensional,Intensional subjunctive,DOM,1,1,1,1,NA,SUBJ,590952,203027,9516595,75254.88,0.670090129,1.4918471301070348,0.8338694835770605,12,1.1628583068420475,2.43545454590652,25,2.6541265316559555,0.6817979970189149,1.0577873910921654,17,1.0262167245407978,0.29609785373909914,-0.15582114365146038,Subjunctive,1
HSP36,Adults,NA,NA,Adults,21,4,0,2 SPA/2 ENG,Bilingual,36,13,4,6,0,2,6,Production,EPT-26,mirar,Intensional,Intensional subjunctive,DOM,1,1,1,1,NA,SUBJ,186441,197558,3683993,69785.88,0.621392647,-0.22144114042709367,0.7818709386879318,12,0.2802148991304191,2.43545454590652,25,2.6541265316559555,0.6817979970189149,1.0577873910921654,17,1.0262167245407978,0.29609785373909914,-0.15582114365146038,Subjunctive,1
HSP36,Adults,NA,NA,Adults,21,4,0,2 SPA/2 ENG,Bilingual,36,13,4,6,0,2,6,Production,EPT-32,llevar,Intensional,Intensional subjunctive,DOM,1,1,0,1,NA,SUBJ,418316,301022,13841181,173259.9,1.542753636,0.7606550639532595,1.765593273375958,12,1.2631241686646089,2.43545454590652,25,2.6541265316559555,0.6817979970189149,1.0577873910921654,17,1.0262167245407978,0.29609785373909914,-0.15582114365146038,Subjunctive,0
HSP36,Adults,NA,NA,Adults,21,4,0,2 SPA/2 ENG,Bilingual,36,13,4,6,0,2,6,Production,EPT-38,amar,Intensional,Intensional subjunctive,DOM,1,1,0,1,NA,SUBJ,60260,28864,1318934,-67512.13,-0.601146551,-0.7558751292784892,-0.8220498021287957,12,-0.7889624657036425,2.43545454590652,25,2.6541265316559555,0.6817979970189149,1.0577873910921654,17,1.0262167245407978,0.29609785373909914,-0.15582114365146038,Subjunctive,0
HSP36,Adults,NA,NA,Adults,21,4,0,2 SPA/2 ENG,Bilingual,36,13,4,6,0,2,6,Production,EPT-42,cuidar,Intensional,Intensional subjunctive,DOM,1,1,0,1,NA,SUBJ,208160,26928,1534607,-100844.1,-0.897943857,-0.12945128613949522,-0.8404570398149089,12,-0.48495416297720206,2.43545454590652,25,2.6541265316559555,0.6817979970189149,1.0577873910921654,17,1.0262167245407978,0.29609785373909914,-0.15582114365146038,Subjunctive,0
HSP38,Adults,NA,NA,Adults,5,1,0,2 SPA/2 ENG,Bilingual,30,11,2,0,0,2,0,Production,EPT-02,llamar,Intensional,Intensional subjunctive,DOM,1,1,1,1,NA,SUBJ,303936,207733,8248273,79960.88,0.711993649,0.2762036834377887,0.8786135231177882,19,0.5774086032777884,-1.2447878790188855,6,-1.2874039038607046,-0.13157505205628298,-0.47262840878585577,13,-0.31575899216640024,-0.3903108072015328,-0.15582114365146038,Subjunctive,1
HSP38,Adults,NA,NA,Adults,5,1,0,2 SPA/2 ENG,Bilingual,30,11,2,0,0,2,0,Production,EPT-08,peinar,Intensional,Intensional subjunctive,DOM,0,0,1,1,NA,IND,6151,3173,91504,-124599.1,-1.109464919,-0.9850513816679946,-1.0663165084273158,19,-1.0256839450476551,-1.2447878790188855,6,-1.2874039038607046,-0.13157505205628298,-0.47262840878585577,13,-0.31575899216640024,-0.3903108072015328,-0.15582114365146038,Subjunctive,1
HSP38,Adults,NA,NA,Adults,5,1,0,2 SPA/2 ENG,Bilingual,30,11,2,0,0,2,0,Production,EPT-14,pintar,Intensional,Intensional subjunctive,DOM,0,0,1,1,NA,IND,45606,22466,893704,-105306.1,-0.937674734,-0.8179414916676632,-0.8828811589034613,19,-0.8504113252855623,-1.2447878790188855,6,-1.2874039038607046,-0.13157505205628298,-0.47262840878585577,13,-0.31575899216640024,-0.3903108072015328,-0.15582114365146038,Subjunctive,1
HSP38,Adults,NA,NA,Adults,5,1,0,2 SPA/2 ENG,Bilingual,30,11,2,0,0,2,0,Production,EPT-20,tratar,Intensional,Intensional subjunctive,DOM,0,0,1,1,NA,IND,590952,203027,9516595,75254.88,0.670090129,1.4918471301070348,0.8338694835770605,19,1.1628583068420475,-1.2447878790188855,6,-1.2874039038607046,-0.13157505205628298,-0.47262840878585577,13,-0.31575899216640024,-0.3903108072015328,-0.15582114365146038,Subjunctive,1
HSP38,Adults,NA,NA,Adults,5,1,0,2 SPA/2 ENG,Bilingual,30,11,2,0,0,2,0,Production,EPT-26,mirar,Intensional,Intensional subjunctive,DOM,1,1,1,1,NA,IND,186441,197558,3683993,69785.88,0.621392647,-0.22144114042709367,0.7818709386879318,19,0.2802148991304191,-1.2447878790188855,6,-1.2874039038607046,-0.13157505205628298,-0.47262840878585577,13,-0.31575899216640024,-0.3903108072015328,-0.15582114365146038,Subjunctive,1
HSP38,Adults,NA,NA,Adults,5,1,0,2 SPA/2 ENG,Bilingual,30,11,2,0,0,2,0,Production,EPT-32,llevar,Intensional,Intensional subjunctive,DOM,0,0,1,1,NA,IND,418316,301022,13841181,173259.9,1.542753636,0.7606550639532595,1.765593273375958,19,1.2631241686646089,-1.2447878790188855,6,-1.2874039038607046,-0.13157505205628298,-0.47262840878585577,13,-0.31575899216640024,-0.3903108072015328,-0.15582114365146038,Subjunctive,1
HSP38,Adults,NA,NA,Adults,5,1,0,2 SPA/2 ENG,Bilingual,30,11,2,0,0,2,0,Production,EPT-38,amar,Intensional,Intensional subjunctive,DOM,0,0,1,1,NA,IND,60260,28864,1318934,-67512.13,-0.601146551,-0.7558751292784892,-0.8220498021287957,19,-0.7889624657036425,-1.2447878790188855,6,-1.2874039038607046,-0.13157505205628298,-0.47262840878585577,13,-0.31575899216640024,-0.3903108072015328,-0.15582114365146038,Subjunctive,1
HSP38,Adults,NA,NA,Adults,5,1,0,2 SPA/2 ENG,Bilingual,30,11,2,0,0,2,0,Production,EPT-42,cuidar,Intensional,Intensional subjunctive,DOM,1,1,1,1,NA,SUBJ,208160,26928,1534607,-100844.1,-0.897943857,-0.12945128613949522,-0.8404570398149089,19,-0.48495416297720206,-1.2447878790188855,6,-1.2874039038607046,-0.13157505205628298,-0.47262840878585577,13,-0.31575899216640024,-0.3903108072015328,-0.15582114365146038,Subjunctive,1
HSP39,Adults,NA,NA,Adults,13,1,0,2 SPA/2 ENG,Bilingual,38,14,3,0,0,2,0,Production,EPT-02,llamar,Intensional,Intensional subjunctive,DOM,0,0,1,1,NA,IND,303936,207733,8248273,79960.88,0.711993649,0.2762036834377887,0.8786135231177882,19,0.5774086032777884,0.5953333334438172,14,0.3721878584620997,1.0884845215565138,0.29257949115315485,17,1.0262167245407978,0.5249007407193098,-0.15582114365146038,Subjunctive,1
HSP39,Adults,NA,NA,Adults,13,1,0,2 SPA/2 ENG,Bilingual,38,14,3,0,0,2,0,Production,EPT-08,peinar,Intensional,Intensional subjunctive,DOM,1,1,1,1,NA,SUBJ,6151,3173,91504,-124599.1,-1.109464919,-0.9850513816679946,-1.0663165084273158,19,-1.0256839450476551,0.5953333334438172,14,0.3721878584620997,1.0884845215565138,0.29257949115315485,17,1.0262167245407978,0.5249007407193098,-0.15582114365146038,Subjunctive,1
HSP39,Adults,NA,NA,Adults,13,1,0,2 SPA/2 ENG,Bilingual,38,14,3,0,0,2,0,Production,EPT-14,pintar,Intensional,Intensional subjunctive,DOM,1,1,NA,1,NA,SUBJ,45606,22466,893704,-105306.1,-0.937674734,-0.8179414916676632,-0.8828811589034613,19,-0.8504113252855623,0.5953333334438172,14,0.3721878584620997,1.0884845215565138,0.29257949115315485,17,1.0262167245407978,0.5249007407193098,-0.15582114365146038,Subjunctive,NA
HSP39,Adults,NA,NA,Adults,13,1,0,2 SPA/2 ENG,Bilingual,38,14,3,0,0,2,0,Production,EPT-20,tratar,Intensional,Intensional subjunctive,DOM,NA,NA,NA,1,NA,NA,590952,203027,9516595,75254.88,0.670090129,1.4918471301070348,0.8338694835770605,19,1.1628583068420475,0.5953333334438172,14,0.3721878584620997,1.0884845215565138,0.29257949115315485,17,1.0262167245407978,0.5249007407193098,-0.15582114365146038,Subjunctive,NA
HSP39,Adults,NA,NA,Adults,13,1,0,2 SPA/2 ENG,Bilingual,38,14,3,0,0,2,0,Production,EPT-26,mirar,Intensional,Intensional subjunctive,DOM,0,0,1,1,NA,FUTURE,186441,197558,3683993,69785.88,0.621392647,-0.22144114042709367,0.7818709386879318,19,0.2802148991304191,0.5953333334438172,14,0.3721878584620997,1.0884845215565138,0.29257949115315485,17,1.0262167245407978,0.5249007407193098,-0.15582114365146038,Subjunctive,1
HSP39,Adults,NA,NA,Adults,13,1,0,2 SPA/2 ENG,Bilingual,38,14,3,0,0,2,0,Production,EPT-32,llevar,Intensional,Intensional subjunctive,DOM,0,0,1,1,NA,FUTURE,418316,301022,13841181,173259.9,1.542753636,0.7606550639532595,1.765593273375958,19,1.2631241686646089,0.5953333334438172,14,0.3721878584620997,1.0884845215565138,0.29257949115315485,17,1.0262167245407978,0.5249007407193098,-0.15582114365146038,Subjunctive,1
HSP39,Adults,NA,NA,Adults,13,1,0,2 SPA/2 ENG,Bilingual,38,14,3,0,0,2,0,Production,EPT-38,amar,Intensional,Intensional subjunctive,DOM,1,1,0,1,NA,FUTURE,60260,28864,1318934,-67512.13,-0.601146551,-0.7558751292784892,-0.8220498021287957,19,-0.7889624657036425,0.5953333334438172,14,0.3721878584620997,1.0884845215565138,0.29257949115315485,17,1.0262167245407978,0.5249007407193098,-0.15582114365146038,Subjunctive,0
HSP39,Adults,NA,NA,Adults,13,1,0,2 SPA/2 ENG,Bilingual,38,14,3,0,0,2,0,Production,EPT-42,cuidar,Intensional,Intensional subjunctive,DOM,1,1,1,1,NA,IND,208160,26928,1534607,-100844.1,-0.897943857,-0.12945128613949522,-0.8404570398149089,19,-0.48495416297720206,0.5953333334438172,14,0.3721878584620997,1.0884845215565138,0.29257949115315485,17,1.0262167245407978,0.5249007407193098,-0.15582114365146038,Subjunctive,1
HSP40,Adults,NA,NA,Adults,3,1,-1,1 SPA/2 ENG,Bilingual,40,11,4,0,0,2,NA,Production,EPT-02,llamar,Intensional,Intensional subjunctive,DOM,1,1,1,NA,NA,SUBJ,303936,207733,8248273,79960.88,0.711993649,0.2762036834377887,0.8786135231177882,NA,0.5774086032777884,-1.7048181821345614,4,-1.7023018444414058,-0.13157505205628298,1.0577873910921654,15,0.35522886618719884,0.7537036276995204,-1.2154049204813893,Subjunctive,1
HSP40,Adults,NA,NA,Adults,3,1,-1,1 SPA/2 ENG,Bilingual,40,11,4,0,0,2,NA,Production,EPT-08,peinar,Intensional,Intensional subjunctive,DOM,1,1,1,NA,NA,IND,6151,3173,91504,-124599.1,-1.109464919,-0.9850513816679946,-1.0663165084273158,NA,-1.0256839450476551,-1.7048181821345614,4,-1.7023018444414058,-0.13157505205628298,1.0577873910921654,15,0.35522886618719884,0.7537036276995204,-1.2154049204813893,Subjunctive,1
HSP40,Adults,NA,NA,Adults,3,1,-1,1 SPA/2 ENG,Bilingual,40,11,4,0,0,2,NA,Production,EPT-14,pintar,Intensional,Intensional subjunctive,DOM,0,0,1,NA,NA,IND,45606,22466,893704,-105306.1,-0.937674734,-0.8179414916676632,-0.8828811589034613,NA,-0.8504113252855623,-1.7048181821345614,4,-1.7023018444414058,-0.13157505205628298,1.0577873910921654,15,0.35522886618719884,0.7537036276995204,-1.2154049204813893,Subjunctive,1
HSP40,Adults,NA,NA,Adults,3,1,-1,1 SPA/2 ENG,Bilingual,40,11,4,0,0,2,NA,Production,EPT-20,tratar,Intensional,Intensional subjunctive,DOM,0,0,1,NA,NA,IND,590952,203027,9516595,75254.88,0.670090129,1.4918471301070348,0.8338694835770605,NA,1.1628583068420475,-1.7048181821345614,4,-1.7023018444414058,-0.13157505205628298,1.0577873910921654,15,0.35522886618719884,0.7537036276995204,-1.2154049204813893,Subjunctive,1
HSP40,Adults,NA,NA,Adults,3,1,-1,1 SPA/2 ENG,Bilingual,40,11,4,0,0,2,NA,Production,EPT-26,mirar,Intensional,Intensional subjunctive,DOM,1,1,1,NA,NA,SUBJ,186441,197558,3683993,69785.88,0.621392647,-0.22144114042709367,0.7818709386879318,NA,0.2802148991304191,-1.7048181821345614,4,-1.7023018444414058,-0.13157505205628298,1.0577873910921654,15,0.35522886618719884,0.7537036276995204,-1.2154049204813893,Subjunctive,1
HSP40,Adults,NA,NA,Adults,3,1,-1,1 SPA/2 ENG,Bilingual,40,11,4,0,0,2,NA,Production,EPT-32,llevar,Intensional,Intensional subjunctive,DOM,1,1,1,NA,NA,SUBJ,418316,301022,13841181,173259.9,1.542753636,0.7606550639532595,1.765593273375958,NA,1.2631241686646089,-1.7048181821345614,4,-1.7023018444414058,-0.13157505205628298,1.0577873910921654,15,0.35522886618719884,0.7537036276995204,-1.2154049204813893,Subjunctive,1
HSP40,Adults,NA,NA,Adults,3,1,-1,1 SPA/2 ENG,Bilingual,40,11,4,0,0,2,NA,Production,EPT-38,amar,Intensional,Intensional subjunctive,DOM,1,1,1,NA,NA,SUBJ,60260,28864,1318934,-67512.13,-0.601146551,-0.7558751292784892,-0.8220498021287957,NA,-0.7889624657036425,-1.7048181821345614,4,-1.7023018444414058,-0.13157505205628298,1.0577873910921654,15,0.35522886618719884,0.7537036276995204,-1.2154049204813893,Subjunctive,1
HSP40,Adults,NA,NA,Adults,3,1,-1,1 SPA/2 ENG,Bilingual,40,11,4,0,0,2,NA,Production,EPT-42,cuidar,Intensional,Intensional subjunctive,DOM,1,1,1,NA,NA,SUBJ,208160,26928,1534607,-100844.1,-0.897943857,-0.12945128613949522,-0.8404570398149089,NA,-0.48495416297720206,-1.7048181821345614,4,-1.7023018444414058,-0.13157505205628298,1.0577873910921654,15,0.35522886618719884,0.7537036276995204,-1.2154049204813893,Subjunctive,1
HSP01,Adults,NA,NA,Adults,12,4,0,2 SPA/2 ENG,Bilingual,44,14,4,4,0,2,NA,Production,EPT-12,amar,Intensional,Intensional indicative,DOM,1,1,0,NA,NA,IND,60260,28864,1318934,NA,NA,-0.7558751292784892,-0.8220498021287957,NA,-0.7889624657036425,0.3653181818859793,16,0.7870857990428007,1.0884845215565138,1.0577873910921654,18,1.3617106537175974,1.2113094016599415,-0.15582114365146038,Indicative,0
HSP01,Adults,NA,NA,Adults,12,4,0,2 SPA/2 ENG,Bilingual,44,14,4,4,0,2,NA,Production,EPT-24,pintar,Intensional,Intensional indicative,DOM,1,1,0,NA,NA,IND,45606,22466,893704,NA,NA,-0.8179414916676632,-0.8828811589034613,NA,-0.8504113252855623,0.3653181818859793,16,0.7870857990428007,1.0884845215565138,1.0577873910921654,18,1.3617106537175974,1.2113094016599415,-0.15582114365146038,Indicative,0
HSP02,Adults,NA,NA,Adults,12,3,0,2 SPA/2 ENG,Bilingual,49,11,4,0,0,3,NA,Production,EPT-12,amar,Intensional,Intensional indicative,DOM,1,1,1,0,NA,IND,60260,28864,1318934,NA,NA,-0.7558751292784892,-0.8220498021287957,NA,-0.7889624657036425,0.3653181818859793,15,0.5796368287524502,-0.13157505205628298,1.0577873910921654,15,0.35522886618719884,1.7833166191104683,-0.15582114365146038,Indicative,1
HSP02,Adults,NA,NA,Adults,12,3,0,2 SPA/2 ENG,Bilingual,49,11,4,0,0,3,NA,Production,EPT-24,pintar,Intensional,Intensional indicative,DOM,1,1,NA,1,NA,IND,45606,22466,893704,NA,NA,-0.8179414916676632,-0.8828811589034613,NA,-0.8504113252855623,0.3653181818859793,15,0.5796368287524502,-0.13157505205628298,1.0577873910921654,15,0.35522886618719884,1.7833166191104683,-0.15582114365146038,Indicative,NA
HSP03,Adults,NA,NA,Adults,5,3,-1,1 SPA/2 ENG,Bilingual,27,7,4,0,0,2,NA,Production,EPT-12,amar,Intensional,Intensional indicative,DOM,0,NA,0,NA,NA,IND,60260,28864,1318934,NA,NA,-0.7558751292784892,-0.8220498021287957,NA,-0.7889624657036425,-1.2447878790188855,8,-0.8725059632800036,-1.758321150206679,1.0577873910921654,11,-0.9867468505199992,-0.7335151376718487,-1.2154049204813893,Indicative,0
HSP03,Adults,NA,NA,Adults,5,3,-1,1 SPA/2 ENG,Bilingual,27,7,4,0,0,2,NA,Production,EPT-24,pintar,Intensional,Intensional indicative,DOM,0,NA,0,NA,NA,INF,45606,22466,893704,NA,NA,-0.8179414916676632,-0.8828811589034613,NA,-0.8504113252855623,-1.2447878790188855,8,-0.8725059632800036,-1.758321150206679,1.0577873910921654,11,-0.9867468505199992,-0.7335151376718487,-1.2154049204813893,Indicative,0
HSP06,Adults,NA,NA,Adults,3,0,-1,1 SPA/2 ENG,Bilingual,25,10,2,0,0,2,NA,Production,EPT-12,amar,Intensional,Intensional indicative,DOM,1,1,0,1,NA,IND,60260,28864,1318934,NA,NA,-0.7558751292784892,-0.8220498021287957,NA,-0.7889624657036425,-1.7048181821345614,3,-1.9097508147317563,-0.538261576593882,-0.47262840878585577,12,-0.6512529213431998,-0.9623180246520594,-1.2154049204813893,Indicative,0
HSP06,Adults,NA,NA,Adults,3,0,-1,1 SPA/2 ENG,Bilingual,25,10,2,0,0,2,NA,Production,EPT-24,pintar,Intensional,Intensional indicative,DOM,1,1,0,1,NA,IND,45606,22466,893704,NA,NA,-0.8179414916676632,-0.8828811589034613,NA,-0.8504113252855623,-1.7048181821345614,3,-1.9097508147317563,-0.538261576593882,-0.47262840878585577,12,-0.6512529213431998,-0.9623180246520594,-1.2154049204813893,Indicative,0
HSP07,Adults,NA,NA,Adults,16,2,0,2 SPA/2 ENG,Bilingual,39,14,4,7,0,2,NA,Production,EPT-12,amar,Intensional,Intensional indicative,DOM,1,1,1,1,NA,IND,60260,28864,1318934,NA,NA,-0.7558751292784892,-0.8220498021287957,NA,-0.7889624657036425,1.2853787881173309,18,1.2019837396235018,1.0884845215565138,1.0577873910921654,18,1.3617106537175974,0.6393021842094151,-0.15582114365146038,Indicative,1
HSP07,Adults,NA,NA,Adults,16,2,0,2 SPA/2 ENG,Bilingual,39,14,4,7,0,2,NA,Production,EPT-24,pintar,Intensional,Intensional indicative,DOM,1,1,1,1,NA,IND,45606,22466,893704,NA,NA,-0.8179414916676632,-0.8828811589034613,NA,-0.8504113252855623,1.2853787881173309,18,1.2019837396235018,1.0884845215565138,1.0577873910921654,18,1.3617106537175974,0.6393021842094151,-0.15582114365146038,Indicative,1
HSP08,Adults,NA,NA,Adults,6,2,0,2 SPA/2 ENG,Bilingual,25,11,1,0,0,2,NA,Production,EPT-12,amar,Intensional,Intensional indicative,DOM,1,1,1,1,NA,IND,60260,28864,1318934,NA,NA,-0.7558751292784892,-0.8220498021287957,NA,-0.7889624657036425,-1.014772727461048,8,-0.8725059632800036,-0.13157505205628298,-1.2378363087248665,12,-0.6512529213431998,-0.9623180246520594,-0.15582114365146038,Indicative,1
HSP08,Adults,NA,NA,Adults,6,2,0,2 SPA/2 ENG,Bilingual,25,11,1,0,0,2,NA,Production,EPT-24,pintar,Intensional,Intensional indicative,DOM,1,1,1,1,NA,IND,45606,22466,893704,NA,NA,-0.8179414916676632,-0.8828811589034613,NA,-0.8504113252855623,-1.014772727461048,8,-0.8725059632800036,-0.13157505205628298,-1.2378363087248665,12,-0.6512529213431998,-0.9623180246520594,-0.15582114365146038,Indicative,1
HSP09,Adults,NA,NA,Adults,9,0,0,2 SPA/2 ENG,Bilingual,45,11,4,0,0,2,NA,Production,EPT-12,amar,Intensional,Intensional indicative,DOM,1,1,1,1,NA,IND,60260,28864,1318934,NA,NA,-0.7558751292784892,-0.8220498021287957,NA,-0.7889624657036425,-0.3247272727875342,9,-0.665056992989653,-0.13157505205628298,1.0577873910921654,15,0.35522886618719884,1.325710845150047,-0.15582114365146038,Indicative,1
HSP09,Adults,NA,NA,Adults,9,0,0,2 SPA/2 ENG,Bilingual,45,11,4,0,0,2,NA,Production,EPT-24,pintar,Intensional,Intensional indicative,DOM,1,1,1,1,NA,IND,45606,22466,893704,NA,NA,-0.8179414916676632,-0.8828811589034613,NA,-0.8504113252855623,-0.3247272727875342,9,-0.665056992989653,-0.13157505205628298,1.0577873910921654,15,0.35522886618719884,1.325710845150047,-0.15582114365146038,Indicative,1
HSP10,Adults,NA,NA,Adults,11,2,0,2 SPA/2 ENG,Bilingual,44,11,4,4,0,2,NA,Production,EPT-12,amar,Intensional,Intensional indicative,DOM,1,1,1,1,NA,IND,60260,28864,1318934,NA,NA,-0.7558751292784892,-0.8220498021287957,NA,-0.7889624657036425,0.13530303032814148,13,0.16473888817174911,-0.13157505205628298,1.0577873910921654,15,0.35522886618719884,1.2113094016599415,-0.15582114365146038,Indicative,1
HSP10,Adults,NA,NA,Adults,11,2,0,2 SPA/2 ENG,Bilingual,44,11,4,4,0,2,NA,Production,EPT-24,pintar,Intensional,Intensional indicative,DOM,1,1,1,1,NA,IND,45606,22466,893704,NA,NA,-0.8179414916676632,-0.8828811589034613,NA,-0.8504113252855623,0.13530303032814148,13,0.16473888817174911,-0.13157505205628298,1.0577873910921654,15,0.35522886618719884,1.2113094016599415,-0.15582114365146038,Indicative,1
HSP12,Adults,NA,NA,Adults,11,1,2,2 SPA/0 ENG,Monolingual,36,13,3,0,0,2,NA,Production,EPT-12,amar,Intensional,Intensional indicative,DOM,1,1,1,1,NA,IND,60260,28864,1318934,NA,NA,-0.7558751292784892,-0.8220498021287957,NA,-0.7889624657036425,0.13530303032814148,12,-0.04271008211860143,0.6817979970189149,0.29257949115315485,16,0.6907227953639984,0.29609785373909914,1.9633464100083975,Indicative,1
HSP12,Adults,NA,NA,Adults,11,1,2,2 SPA/0 ENG,Monolingual,36,13,3,0,0,2,NA,Production,EPT-24,pintar,Intensional,Intensional indicative,DOM,1,1,0,1,NA,FUTURE,45606,22466,893704,NA,NA,-0.8179414916676632,-0.8828811589034613,NA,-0.8504113252855623,0.13530303032814148,12,-0.04271008211860143,0.6817979970189149,0.29257949115315485,16,0.6907227953639984,0.29609785373909914,1.9633464100083975,Indicative,0
HSP14,Adults,NA,NA,Adults,10,2,2,2 SPA/0 ENG,Monolingual,32,10,4,4,0,2,NA,Production,EPT-12,amar,Intensional,Intensional indicative,DOM,1,1,1,1,NA,IND,60260,28864,1318934,NA,NA,-0.7558751292784892,-0.8220498021287957,NA,-0.7889624657036425,-0.09471212122969638,12,-0.04271008211860143,-0.538261576593882,1.0577873910921654,14,0.0197349370103993,-0.16150792022132215,1.9633464100083975,Indicative,1
HSP14,Adults,NA,NA,Adults,10,2,2,2 SPA/0 ENG,Monolingual,32,10,4,4,0,2,NA,Production,EPT-24,pintar,Intensional,Intensional indicative,DOM,1,1,0,1,NA,IND,45606,22466,893704,NA,NA,-0.8179414916676632,-0.8828811589034613,NA,-0.8504113252855623,-0.09471212122969638,12,-0.04271008211860143,-0.538261576593882,1.0577873910921654,14,0.0197349370103993,-0.16150792022132215,1.9633464100083975,Indicative,0
HSP15,Adults,NA,NA,Adults,9,2,-1,1 SPA/2 ENG,Bilingual,39,14,1,0,0,2,NA,Production,EPT-12,amar,Intensional,Intensional indicative,DOM,1,1,1,1,NA,IND,60260,28864,1318934,NA,NA,-0.7558751292784892,-0.8220498021287957,NA,-0.7889624657036425,-0.3247272727875342,11,-0.250159052408952,1.0884845215565138,-1.2378363087248665,15,0.35522886618719884,0.6393021842094151,-1.2154049204813893,Indicative,1
HSP15,Adults,NA,NA,Adults,9,2,-1,1 SPA/2 ENG,Bilingual,39,14,1,0,0,2,NA,Production,EPT-24,pintar,Intensional,Intensional indicative,DOM,1,1,1,1,NA,IND,45606,22466,893704,NA,NA,-0.8179414916676632,-0.8828811589034613,NA,-0.8504113252855623,-0.3247272727875342,11,-0.250159052408952,1.0884845215565138,-1.2378363087248665,15,0.35522886618719884,0.6393021842094151,-1.2154049204813893,Indicative,1
HSP16,Adults,NA,NA,Adults,14,1,0,2 SPA/2 ENG,Bilingual,48,14,4,0,0,2,NA,Production,EPT-12,amar,Intensional,Intensional indicative,DOM,1,1,1,1,NA,IND,60260,28864,1318934,NA,NA,-0.7558751292784892,-0.8220498021287957,NA,-0.7889624657036425,0.825348485001655,15,0.5796368287524502,1.0884845215565138,1.0577873910921654,18,1.3617106537175974,1.6689151756203628,-0.15582114365146038,Indicative,1
HSP16,Adults,NA,NA,Adults,14,1,0,2 SPA/2 ENG,Bilingual,48,14,4,0,0,2,NA,Production,EPT-24,pintar,Intensional,Intensional indicative,DOM,1,1,0,1,NA,IND,45606,22466,893704,NA,NA,-0.8179414916676632,-0.8828811589034613,NA,-0.8504113252855623,0.825348485001655,15,0.5796368287524502,1.0884845215565138,1.0577873910921654,18,1.3617106537175974,1.6689151756203628,-0.15582114365146038,Indicative,0
HSP17,Adults,NA,NA,Adults,7,2,1,2 SPA/1 ENG,Bilingual,22,9,0,0,0,2,NA,Production,EPT-12,amar,Intensional,Intensional indicative,DOM,1,1,0,NA,NA,IMP,60260,28864,1318934,NA,NA,-0.7558751292784892,-0.8220498021287957,NA,-0.7889624657036425,-0.7847575759032099,9,-0.665056992989653,-0.9449481011314808,-2.003044208663877,9,-1.6577347088735983,-1.3055223551223754,0.9037626331784686,Indicative,0
HSP17,Adults,NA,NA,Adults,7,2,1,2 SPA/1 ENG,Bilingual,22,9,0,0,0,2,NA,Production,EPT-24,pintar,Intensional,Intensional indicative,DOM,1,1,0,NA,NA,IMP,45606,22466,893704,NA,NA,-0.8179414916676632,-0.8828811589034613,NA,-0.8504113252855623,-0.7847575759032099,9,-0.665056992989653,-0.9449481011314808,-2.003044208663877,9,-1.6577347088735983,-1.3055223551223754,0.9037626331784686,Indicative,0
HSP18,Adults,NA,NA,Adults,6,2,-1,1 SPA/2 ENG,Bilingual,20,14,0,0,0,2,NA,Production,EPT-12,amar,Intensional,Intensional indicative,DOM,1,1,0,1,NA,IND,60260,28864,1318934,NA,NA,-0.7558751292784892,-0.8220498021287957,NA,-0.7889624657036425,-1.014772727461048,8,-0.8725059632800036,1.0884845215565138,-2.003044208663877,14,0.0197349370103993,-1.534325242102586,-1.2154049204813893,Indicative,0
HSP18,Adults,NA,NA,Adults,6,2,-1,1 SPA/2 ENG,Bilingual,20,14,0,0,0,2,NA,Production,EPT-24,pintar,Intensional,Intensional indicative,DOM,0,0,0,1,NA,SUBJ,45606,22466,893704,NA,NA,-0.8179414916676632,-0.8828811589034613,NA,-0.8504113252855623,-1.014772727461048,8,-0.8725059632800036,1.0884845215565138,-2.003044208663877,14,0.0197349370103993,-1.534325242102586,-1.2154049204813893,Indicative,0
HSP19,Adults,NA,NA,Adults,13,1,0,2 SPA/2 ENG,Bilingual,38,13,3,0,0,2,NA,Production,EPT-12,amar,Intensional,Intensional indicative,DOM,1,1,1,1,NA,IND,60260,28864,1318934,NA,NA,-0.7558751292784892,-0.8220498021287957,NA,-0.7889624657036425,0.5953333334438172,14,0.3721878584620997,0.6817979970189149,0.29257949115315485,16,0.6907227953639984,0.5249007407193098,-0.15582114365146038,Indicative,1
HSP19,Adults,NA,NA,Adults,13,1,0,2 SPA/2 ENG,Bilingual,38,13,3,0,0,2,NA,Production,EPT-24,pintar,Intensional,Intensional indicative,DOM,1,1,0,1,NA,PER FUT,45606,22466,893704,NA,NA,-0.8179414916676632,-0.8828811589034613,NA,-0.8504113252855623,0.5953333334438172,14,0.3721878584620997,0.6817979970189149,0.29257949115315485,16,0.6907227953639984,0.5249007407193098,-0.15582114365146038,Indicative,0
HSP20,Adults,NA,NA,Adults,7,2,0,2 SPA/2 ENG,Bilingual,41,7,3,3,0,2,NA,Production,EPT-12,amar,Intensional,Intensional indicative,DOM,1,1,1,1,NA,IND,60260,28864,1318934,NA,NA,-0.7558751292784892,-0.8220498021287957,NA,-0.7889624657036425,-0.7847575759032099,9,-0.665056992989653,-1.758321150206679,0.29257949115315485,10,-1.3222407796967988,0.8681050711896258,-0.15582114365146038,Indicative,1
HSP20,Adults,NA,NA,Adults,7,2,0,2 SPA/2 ENG,Bilingual,41,7,3,3,0,2,NA,Production,EPT-24,pintar,Intensional,Intensional indicative,DOM,1,1,1,1,NA,IND,45606,22466,893704,NA,NA,-0.8179414916676632,-0.8828811589034613,NA,-0.8504113252855623,-0.7847575759032099,9,-0.665056992989653,-1.758321150206679,0.29257949115315485,10,-1.3222407796967988,0.8681050711896258,-0.15582114365146038,Indicative,1
HSP21,Adults,NA,NA,Adults,10,3,0,2 SPA/2 ENG,Bilingual,29,11,2,0,0,2,NA,Production,EPT-12,amar,Intensional,Intensional indicative,DOM,0,0,0,1,1,SUBJ,60260,28864,1318934,NA,NA,-0.7558751292784892,-0.8220498021287957,NA,-0.7889624657036425,-0.09471212122969638,13,0.16473888817174911,-0.13157505205628298,-0.47262840878585577,13,-0.31575899216640024,-0.504712250691638,-0.15582114365146038,Indicative,0
HSP21,Adults,NA,NA,Adults,10,3,0,2 SPA/2 ENG,Bilingual,29,11,2,0,0,2,NA,Production,EPT-24,pintar,Intensional,Intensional indicative,DOM,1,1,0,1,1,IND,45606,22466,893704,NA,NA,-0.8179414916676632,-0.8828811589034613,NA,-0.8504113252855623,-0.09471212122969638,13,0.16473888817174911,-0.13157505205628298,-0.47262840878585577,13,-0.31575899216640024,-0.504712250691638,-0.15582114365146038,Indicative,0
HSP22,Adults,NA,NA,Adults,10,1,1,2 SPA/1 ENG,Bilingual,25,11,0,0,0,2,NA,Production,EPT-12,amar,Intensional,Intensional indicative,DOM,1,1,1,1,NA,IND,60260,28864,1318934,NA,NA,-0.7558751292784892,-0.8220498021287957,NA,-0.7889624657036425,-0.09471212122969638,11,-0.250159052408952,-0.13157505205628298,-2.003044208663877,11,-0.9867468505199992,-0.9623180246520594,0.9037626331784686,Indicative,1
HSP22,Adults,NA,NA,Adults,10,1,1,2 SPA/1 ENG,Bilingual,25,11,0,0,0,2,NA,Production,EPT-24,pintar,Intensional,Intensional indicative,DOM,1,1,0,1,NA,IND,45606,22466,893704,NA,NA,-0.8179414916676632,-0.8828811589034613,NA,-0.8504113252855623,-0.09471212122969638,11,-0.250159052408952,-0.13157505205628298,-2.003044208663877,11,-0.9867468505199992,-0.9623180246520594,0.9037626331784686,Indicative,0
HSP24,Adults,NA,NA,Adults,18,2,2,2 SPA/0 ENG,Monolingual,25,10,3,0,0,2,NA,Production,EPT-12,amar,Intensional,Intensional indicative,DOM,1,1,0,1,NA,IND,60260,28864,1318934,NA,NA,-0.7558751292784892,-0.8220498021287957,NA,-0.7889624657036425,1.7454090912330065,20,1.616881680204203,-0.538261576593882,0.29257949115315485,13,-0.31575899216640024,-0.9623180246520594,1.9633464100083975,Indicative,0
HSP24,Adults,NA,NA,Adults,18,2,2,2 SPA/0 ENG,Monolingual,25,10,3,0,0,2,NA,Production,EPT-24,pintar,Intensional,Intensional indicative,DOM,1,1,0,1,NA,IND,45606,22466,893704,NA,NA,-0.8179414916676632,-0.8828811589034613,NA,-0.8504113252855623,1.7454090912330065,20,1.616881680204203,-0.538261576593882,0.29257949115315485,13,-0.31575899216640024,-0.9623180246520594,1.9633464100083975,Indicative,0
HSP25,Adults,NA,NA,Adults,14,2,0,2 SPA/2 ENG,Bilingual,33,13,2,3,0,2,NA,Production,EPT-12,amar,Intensional,Intensional indicative,DOM,1,1,1,1,NA,IND,60260,28864,1318934,NA,NA,-0.7558751292784892,-0.8220498021287957,NA,-0.7889624657036425,0.825348485001655,16,0.7870857990428007,0.6817979970189149,-0.47262840878585577,15,0.35522886618719884,-0.04710647673121682,-0.15582114365146038,Indicative,1
HSP25,Adults,NA,NA,Adults,14,2,0,2 SPA/2 ENG,Bilingual,33,13,2,3,0,2,NA,Production,EPT-24,pintar,Intensional,Intensional indicative,DOM,1,1,1,1,NA,IND,45606,22466,893704,NA,NA,-0.8179414916676632,-0.8828811589034613,NA,-0.8504113252855623,0.825348485001655,16,0.7870857990428007,0.6817979970189149,-0.47262840878585577,15,0.35522886618719884,-0.04710647673121682,-0.15582114365146038,Indicative,1
HSP26,Adults,NA,NA,Adults,7,2,-1,1 SPA/2 ENG,Bilingual,38,13,3,0,0,2,NA,Production,EPT-12,amar,Intensional,Intensional indicative,DOM,1,1,0,1,NA,IND,60260,28864,1318934,NA,NA,-0.7558751292784892,-0.8220498021287957,NA,-0.7889624657036425,-0.7847575759032099,9,-0.665056992989653,0.6817979970189149,0.29257949115315485,16,0.6907227953639984,0.5249007407193098,-1.2154049204813893,Indicative,0
HSP26,Adults,NA,NA,Adults,7,2,-1,1 SPA/2 ENG,Bilingual,38,13,3,0,0,2,NA,Production,EPT-24,pintar,Intensional,Intensional indicative,DOM,1,1,0,1,NA,IND,45606,22466,893704,NA,NA,-0.8179414916676632,-0.8828811589034613,NA,-0.8504113252855623,-0.7847575759032099,9,-0.665056992989653,0.6817979970189149,0.29257949115315485,16,0.6907227953639984,0.5249007407193098,-1.2154049204813893,Indicative,0
HSP27,Adults,NA,NA,Adults,11,2,0,2 SPA/2 ENG,Bilingual,20,7,2,0,0,2,NA,Production,EPT-12,amar,Intensional,Intensional indicative,DOM,1,1,0,1,NA,IND,60260,28864,1318934,NA,NA,-0.7558751292784892,-0.8220498021287957,NA,-0.7889624657036425,0.13530303032814148,13,0.16473888817174911,-1.758321150206679,-0.47262840878585577,9,-1.6577347088735983,-1.534325242102586,-0.15582114365146038,Indicative,0
HSP27,Adults,NA,NA,Adults,11,2,0,2 SPA/2 ENG,Bilingual,20,7,2,0,0,2,NA,Production,EPT-24,pintar,Intensional,Intensional indicative,DOM,1,1,1,0,NA,IND,45606,22466,893704,NA,NA,-0.8179414916676632,-0.8828811589034613,NA,-0.8504113252855623,0.13530303032814148,13,0.16473888817174911,-1.758321150206679,-0.47262840878585577,9,-1.6577347088735983,-1.534325242102586,-0.15582114365146038,Indicative,1
HSP28,Adults,NA,NA,Adults,11,2,0,2 SPA/2 ENG,Bilingual,29,11,2,4,0,2,NA,Production,EPT-12,amar,Intensional,Intensional indicative,DOM,1,1,0,1,NA,IND,60260,28864,1318934,NA,NA,-0.7558751292784892,-0.8220498021287957,NA,-0.7889624657036425,0.13530303032814148,13,0.16473888817174911,-0.13157505205628298,-0.47262840878585577,13,-0.31575899216640024,-0.504712250691638,-0.15582114365146038,Indicative,0
HSP28,Adults,NA,NA,Adults,11,2,0,2 SPA/2 ENG,Bilingual,29,11,2,4,0,2,NA,Production,EPT-24,pintar,Intensional,Intensional indicative,DOM,0,0,0,1,NA,SUBJ,45606,22466,893704,NA,NA,-0.8179414916676632,-0.8828811589034613,NA,-0.8504113252855623,0.13530303032814148,13,0.16473888817174911,-0.13157505205628298,-0.47262840878585577,13,-0.31575899216640024,-0.504712250691638,-0.15582114365146038,Indicative,0
HSP29,Adults,NA,NA,Adults,11,2,-1,1 SPA/2 ENG,Bilingual,18,3,1,0,0,2,NA,Production,EPT-12,amar,Intensional,Intensional indicative,DOM,1,1,1,1,NA,IND,60260,28864,1318934,NA,NA,-0.7558751292784892,-0.8220498021287957,NA,-0.7889624657036425,0.13530303032814148,13,0.16473888817174911,-3.3850672483570743,-1.2378363087248665,4,-3.335204354757596,-1.7631281290827965,-1.2154049204813893,Indicative,1
HSP29,Adults,NA,NA,Adults,11,2,-1,1 SPA/2 ENG,Bilingual,18,3,1,0,0,2,NA,Production,EPT-24,pintar,Intensional,Intensional indicative,DOM,1,1,0,1,NA,IND,45606,22466,893704,NA,NA,-0.8179414916676632,-0.8828811589034613,NA,-0.8504113252855623,0.13530303032814148,13,0.16473888817174911,-3.3850672483570743,-1.2378363087248665,4,-3.335204354757596,-1.7631281290827965,-1.2154049204813893,Indicative,0
HSP30,Adults,NA,NA,Adults,5,0,0,2 SPA/2 ENG,Bilingual,42,14,4,0,0,3,0,Production,EPT-12,amar,Intensional,Intensional indicative,DOM,1,1,1,1,NA,IND,60260,28864,1318934,NA,NA,-0.7558751292784892,-0.8220498021287957,27,-0.7889624657036425,-1.2447878790188855,5,-1.4948528741510552,1.0884845215565138,1.0577873910921654,18,1.3617106537175974,0.982506514679731,-0.15582114365146038,Indicative,1
HSP30,Adults,NA,NA,Adults,5,0,0,2 SPA/2 ENG,Bilingual,42,14,4,0,0,3,0,Production,EPT-24,pintar,Intensional,Intensional indicative,DOM,1,1,1,1,NA,IND,45606,22466,893704,NA,NA,-0.8179414916676632,-0.8828811589034613,27,-0.8504113252855623,-1.2447878790188855,5,-1.4948528741510552,1.0884845215565138,1.0577873910921654,18,1.3617106537175974,0.982506514679731,-0.15582114365146038,Indicative,1
HSP31,Adults,NA,NA,Adults,10,4,-1,1 SPA/2 ENG,Bilingual,19,12,1,0,0,2,NA,Production,EPT-12,amar,Intensional,Intensional indicative,DOM,1,1,1,1,NA,IND,60260,28864,1318934,NA,NA,-0.7558751292784892,-0.8220498021287957,NA,-0.7889624657036425,-0.09471212122969638,14,0.3721878584620997,0.27511147248131596,-1.2378363087248665,13,-0.31575899216640024,-1.6487266855926912,-1.2154049204813893,Indicative,1
HSP31,Adults,NA,NA,Adults,10,4,-1,1 SPA/2 ENG,Bilingual,19,12,1,0,0,2,NA,Production,EPT-24,pintar,Intensional,Intensional indicative,DOM,1,1,0,1,NA,IND,45606,22466,893704,NA,NA,-0.8179414916676632,-0.8828811589034613,NA,-0.8504113252855623,-0.09471212122969638,14,0.3721878584620997,0.27511147248131596,-1.2378363087248665,13,-0.31575899216640024,-1.6487266855926912,-1.2154049204813893,Indicative,0
HSP32,Adults,NA,NA,Adults,15,0,1,2 SPA/1 ENG,Bilingual,34,13,2,NA,0,2,NA,Production,EPT-12,amar,Intensional,Intensional indicative,DOM,1,1,1,1,NA,IND,60260,28864,1318934,NA,NA,-0.7558751292784892,-0.8220498021287957,NA,-0.7889624657036425,1.055363636559493,15,0.5796368287524502,0.6817979970189149,-0.47262840878585577,15,0.35522886618719884,0.06729496675888849,0.9037626331784686,Indicative,1
HSP32,Adults,NA,NA,Adults,15,0,1,2 SPA/1 ENG,Bilingual,34,13,2,NA,0,2,NA,Production,EPT-24,pintar,Intensional,Intensional indicative,DOM,1,1,0,1,NA,IND,45606,22466,893704,NA,NA,-0.8179414916676632,-0.8828811589034613,NA,-0.8504113252855623,1.055363636559493,15,0.5796368287524502,0.6817979970189149,-0.47262840878585577,15,0.35522886618719884,0.06729496675888849,0.9037626331784686,Indicative,0
HSP33,Adults,NA,NA,Adults,11,1,2,2 SPA/0 ENG,Monolingual,45,12,2,5,0,2,0,Production,EPT-12,amar,Intensional,Intensional indicative,DOM,1,1,1,1,NA,SUBJ,60260,28864,1318934,NA,NA,-0.7558751292784892,-0.8220498021287957,20,-0.7889624657036425,0.13530303032814148,12,-0.04271008211860143,0.27511147248131596,-0.47262840878585577,14,0.0197349370103993,1.325710845150047,1.9633464100083975,Indicative,1
HSP33,Adults,NA,NA,Adults,11,1,2,2 SPA/0 ENG,Monolingual,45,12,2,5,0,2,0,Production,EPT-24,pintar,Intensional,Intensional indicative,DOM,1,1,1,1,NA,SUBJ,45606,22466,893704,NA,NA,-0.8179414916676632,-0.8828811589034613,20,-0.8504113252855623,0.13530303032814148,12,-0.04271008211860143,0.27511147248131596,-0.47262840878585577,14,0.0197349370103993,1.325710845150047,1.9633464100083975,Indicative,1
HSP34,Adults,NA,NA,Adults,8,1,0,2 SPA/2 ENG,Bilingual,29,11,3,0,0,3,NA,Production,EPT-12,amar,Intensional,Intensional indicative,DOM,1,1,0,1,NA,IND,60260,28864,1318934,NA,NA,-0.7558751292784892,-0.8220498021287957,NA,-0.7889624657036425,-0.5547424243453721,9,-0.665056992989653,-0.13157505205628298,0.29257949115315485,14,0.0197349370103993,-0.504712250691638,-0.15582114365146038,Indicative,0
HSP34,Adults,NA,NA,Adults,8,1,0,2 SPA/2 ENG,Bilingual,29,11,3,0,0,3,NA,Production,EPT-24,pintar,Intensional,Intensional indicative,DOM,1,1,0,1,NA,IND,45606,22466,893704,NA,NA,-0.8179414916676632,-0.8828811589034613,NA,-0.8504113252855623,-0.5547424243453721,9,-0.665056992989653,-0.13157505205628298,0.29257949115315485,14,0.0197349370103993,-0.504712250691638,-0.15582114365146038,Indicative,0
HSP35,Adults,NA,NA,Adults,20,3,2,2 SPA/0 ENG,Monolingual,32,12,4,7,0,2,4,Production,EPT-12,amar,Intensional,Intensional indicative,DOM,1,1,0,1,NA,IND,60260,28864,1318934,NA,NA,-0.7558751292784892,-0.8220498021287957,17,-0.7889624657036425,2.2054393943486823,23,2.2392285910752543,0.27511147248131596,1.0577873910921654,16,0.6907227953639984,-0.16150792022132215,1.9633464100083975,Indicative,0
HSP35,Adults,NA,NA,Adults,20,3,2,2 SPA/0 ENG,Monolingual,32,12,4,7,0,2,4,Production,EPT-24,pintar,Intensional,Intensional indicative,DOM,1,1,0,1,NA,IND,45606,22466,893704,NA,NA,-0.8179414916676632,-0.8828811589034613,17,-0.8504113252855623,2.2054393943486823,23,2.2392285910752543,0.27511147248131596,1.0577873910921654,16,0.6907227953639984,-0.16150792022132215,1.9633464100083975,Indicative,0
HSP36,Adults,NA,NA,Adults,21,4,0,2 SPA/2 ENG,Bilingual,36,13,4,6,0,2,6,Production,EPT-12,amar,Intensional,Intensional indicative,DOM,1,1,1,1,NA,IND,60260,28864,1318934,NA,NA,-0.7558751292784892,-0.8220498021287957,12,-0.7889624657036425,2.43545454590652,25,2.6541265316559555,0.6817979970189149,1.0577873910921654,17,1.0262167245407978,0.29609785373909914,-0.15582114365146038,Indicative,1
HSP36,Adults,NA,NA,Adults,21,4,0,2 SPA/2 ENG,Bilingual,36,13,4,6,0,2,6,Production,EPT-24,pintar,Intensional,Intensional indicative,DOM,0,0,1,1,NA,SUBJ,45606,22466,893704,NA,NA,-0.8179414916676632,-0.8828811589034613,12,-0.8504113252855623,2.43545454590652,25,2.6541265316559555,0.6817979970189149,1.0577873910921654,17,1.0262167245407978,0.29609785373909914,-0.15582114365146038,Indicative,1
HSP38,Adults,NA,NA,Adults,5,1,0,2 SPA/2 ENG,Bilingual,30,11,2,0,0,2,0,Production,EPT-12,amar,Intensional,Intensional indicative,DOM,1,1,1,1,NA,IND,60260,28864,1318934,NA,NA,-0.7558751292784892,-0.8220498021287957,19,-0.7889624657036425,-1.2447878790188855,6,-1.2874039038607046,-0.13157505205628298,-0.47262840878585577,13,-0.31575899216640024,-0.3903108072015328,-0.15582114365146038,Indicative,1
HSP38,Adults,NA,NA,Adults,5,1,0,2 SPA/2 ENG,Bilingual,30,11,2,0,0,2,0,Production,EPT-24,pintar,Intensional,Intensional indicative,DOM,1,1,1,1,NA,IND,45606,22466,893704,NA,NA,-0.8179414916676632,-0.8828811589034613,19,-0.8504113252855623,-1.2447878790188855,6,-1.2874039038607046,-0.13157505205628298,-0.47262840878585577,13,-0.31575899216640024,-0.3903108072015328,-0.15582114365146038,Indicative,1
HSP39,Adults,NA,NA,Adults,13,1,0,2 SPA/2 ENG,Bilingual,38,14,3,0,0,2,0,Production,EPT-12,amar,Intensional,Intensional indicative,DOM,1,1,1,1,NA,IND,60260,28864,1318934,NA,NA,-0.7558751292784892,-0.8220498021287957,19,-0.7889624657036425,0.5953333334438172,14,0.3721878584620997,1.0884845215565138,0.29257949115315485,17,1.0262167245407978,0.5249007407193098,-0.15582114365146038,Indicative,1
HSP39,Adults,NA,NA,Adults,13,1,0,2 SPA/2 ENG,Bilingual,38,14,3,0,0,2,0,Production,EPT-24,pintar,Intensional,Intensional indicative,DOM,1,1,0,1,NA,FUTURE,45606,22466,893704,NA,NA,-0.8179414916676632,-0.8828811589034613,19,-0.8504113252855623,0.5953333334438172,14,0.3721878584620997,1.0884845215565138,0.29257949115315485,17,1.0262167245407978,0.5249007407193098,-0.15582114365146038,Indicative,0
HSP40,Adults,NA,NA,Adults,3,1,-1,1 SPA/2 ENG,Bilingual,40,11,4,0,0,2,NA,Production,EPT-12,amar,Intensional,Intensional indicative,DOM,1,1,1,NA,NA,IND,60260,28864,1318934,NA,NA,-0.7558751292784892,-0.8220498021287957,NA,-0.7889624657036425,-1.7048181821345614,4,-1.7023018444414058,-0.13157505205628298,1.0577873910921654,15,0.35522886618719884,0.7537036276995204,-1.2154049204813893,Indicative,1
HSP40,Adults,NA,NA,Adults,3,1,-1,1 SPA/2 ENG,Bilingual,40,11,4,0,0,2,NA,Production,EPT-24,pintar,Intensional,Intensional indicative,DOM,0,0,1,NA,NA,SUBJ,45606,22466,893704,NA,NA,-0.8179414916676632,-0.8828811589034613,NA,-0.8504113252855623,-1.7048181821345614,4,-1.7023018444414058,-0.13157505205628298,1.0577873910921654,15,0.35522886618719884,0.7537036276995204,-1.2154049204813893,Indicative,1
