Part_ID,Group,School,Grade,Age,Use,Use_School,Exposure_Score,Exposure_Group,Exposure_Binary,DELE,BESA_Other,BESA_Subj,AoA_ENG,AoA_SPA,Langs,Age_Arrival,Task,Item,Verb,Short_Prop,Property,Structure,Mood_Use,Mood_Freq,DOM_Use,Agr_Use,Comp_Use,Prod_Code,Davies,CORPES,WordList,Davies_Centered,Davies_Centered_Std,Davies_Std,CORPES_Std,LOR,Composite_Freq,Use_Std,Use_Joint,Use_Joint_Std,BESA_Other_Std,BESA_Subj_Std,BESA_Total,BESA_Total_Std,DELE_Std,Exposure_Score_Std,Response
H7B02,DLBE-7/8,GBCS,7,7/8,17,3,1,2 SPA/1 ENG,Bilingual,NA,14,4,0,0,2,NA,Selection,FCT-02,mirar,Intensional,Intensional subjunctive,Subjunctive,1,1,NA,NA,NA,NA,186441,197558,3683993,69785.875,0.6213926472353051,-0.10659234765645834,0.8384533657585245,NA,0.3659305090510331,0.3067329209200357,20,0.3505758780600471,0.9514946561068072,1.0287372819417575,18,1.2938428403452515,NA,0.00925165634963896,1
H7B02,DLBE-7/8,GBCS,7,7/8,17,3,1,2 SPA/1 ENG,Bilingual,NA,14,4,0,0,2,NA,Selection,FCT-10,llevar,Intensional,Intensional subjunctive,Subjunctive,1,1,NA,NA,NA,NA,418316,301022,13841181,173259.875,1.5427536358311489,1.2280164205491535,1.8322740287278596,NA,1.5301452246385066,0.3067329209200357,20,0.3505758780600471,0.9514946561068072,1.0287372819417575,18,1.2938428403452515,NA,0.00925165634963896,1
H7B02,DLBE-7/8,GBCS,7,7/8,17,3,1,2 SPA/1 ENG,Bilingual,NA,14,4,0,0,2,NA,Selection,FCT-17,peinar,Intensional,Intensional subjunctive,Subjunctive,1,1,NA,NA,NA,NA,6151,3173,91504,-124599.125,-1.109464919,-1.1442920342108076,-1.0287065117959315,NA,-1.0864992730033696,0.3067329209200357,20,0.3505758780600471,0.9514946561068072,1.0287372819417575,18,1.2938428403452515,NA,0.00925165634963896,1
H7B02,DLBE-7/8,GBCS,7,7/8,17,3,1,2 SPA/1 ENG,Bilingual,NA,14,4,0,0,2,NA,Selection,FCT-25,llamar,Intensional,Intensional subjunctive,Subjunctive,1,1,NA,NA,NA,NA,303936,207733,8248273,79960.875,0.7119936490228335,0.5696765783610872,0.9361890539758077,NA,0.7529328161684474,0.3067329209200357,20,0.3505758780600471,0.9514946561068072,1.0287372819417575,18,1.2938428403452515,NA,0.00925165634963896,1
H7B02,DLBE-7/8,GBCS,7,7/8,17,3,1,2 SPA/1 ENG,Bilingual,NA,14,4,0,0,2,NA,Selection,FCT-32,cuidar,Intensional,Intensional subjunctive,Subjunctive,1,1,NA,NA,NA,NA,208160,26928,1534607,-100844.1,-0.897943857,0.01841624678734838,-0.8005284996483579,NA,-0.39105612643050475,0.3067329209200357,20,0.3505758780600471,0.9514946561068072,1.0287372819417575,18,1.2938428403452515,NA,0.00925165634963896,1
H7B02,DLBE-7/8,GBCS,7,7/8,17,3,1,2 SPA/1 ENG,Bilingual,NA,14,4,0,0,2,NA,Selection,FCT-40,pintar,Intensional,Intensional subjunctive,Subjunctive,1,1,NA,NA,NA,NA,45606,22466,893704,-105306.125,-0.937674734,-0.9171998985793148,-0.8433881203683105,NA,-0.8802940094738126,0.3067329209200357,20,0.3505758780600471,0.9514946561068072,1.0287372819417575,18,1.2938428403452515,NA,0.00925165634963896,1
H7B02,DLBE-7/8,GBCS,7,7/8,17,3,1,2 SPA/1 ENG,Bilingual,NA,14,4,0,0,2,NA,Selection,FCT-45,tratar,Intensional,Intensional subjunctive,Subjunctive,1,1,NA,NA,NA,NA,590952,203027,9516595,75254.875,0.6700901291788915,2.2216617868367825,0.8909856978332489,NA,1.5563237423350156,0.3067329209200357,20,0.3505758780600471,0.9514946561068072,1.0287372819417575,18,1.2938428403452515,NA,0.00925165634963896,1
H7B02,DLBE-7/8,GBCS,7,7/8,17,3,1,2 SPA/1 ENG,Bilingual,NA,14,4,0,0,2,NA,Selection,FCT-54,amar,Intensional,Intensional subjunctive,Subjunctive,1,1,NA,NA,NA,NA,60260,28864,1318934,-67512.125,-0.601146551,-0.832855502291293,-0.7819323038362045,NA,-0.8073939030637487,0.3067329209200357,20,0.3505758780600471,0.9514946561068072,1.0287372819417575,18,1.2938428403452515,NA,0.00925165634963896,1
H7B03,DLBE-7/8,GBCS,7,7/8,8,1,1,2 SPA/1 ENG,Bilingual,NA,8,1,NA,0,2,NA,Selection,FCT-02,mirar,Intensional,Intensional subjunctive,Subjunctive,1,1,NA,NA,NA,NA,186441,197558,3683993,69785.875,0.6213926472353051,-0.10659234765645834,0.8384533657585245,NA,0.3659305090510331,-1.7177043571522057,9,-1.669408943143084,-1.7788813135909884,-0.9682233241804792,9,-1.9084181895092471,NA,0.00925165634963896,1
H7B03,DLBE-7/8,GBCS,7,7/8,8,1,1,2 SPA/1 ENG,Bilingual,NA,8,1,NA,0,2,NA,Selection,FCT-10,llevar,Intensional,Intensional subjunctive,Subjunctive,1,1,NA,NA,NA,NA,418316,301022,13841181,173259.875,1.5427536358311489,1.2280164205491535,1.8322740287278596,NA,1.5301452246385066,-1.7177043571522057,9,-1.669408943143084,-1.7788813135909884,-0.9682233241804792,9,-1.9084181895092471,NA,0.00925165634963896,1
H7B03,DLBE-7/8,GBCS,7,7/8,8,1,1,2 SPA/1 ENG,Bilingual,NA,8,1,NA,0,2,NA,Selection,FCT-17,peinar,Intensional,Intensional subjunctive,Subjunctive,1,1,NA,NA,NA,NA,6151,3173,91504,-124599.125,-1.109464919,-1.1442920342108076,-1.0287065117959315,NA,-1.0864992730033696,-1.7177043571522057,9,-1.669408943143084,-1.7788813135909884,-0.9682233241804792,9,-1.9084181895092471,NA,0.00925165634963896,1
H7B03,DLBE-7/8,GBCS,7,7/8,8,1,1,2 SPA/1 ENG,Bilingual,NA,8,1,NA,0,2,NA,Selection,FCT-25,llamar,Intensional,Intensional subjunctive,Subjunctive,1,1,NA,NA,NA,NA,303936,207733,8248273,79960.875,0.7119936490228335,0.5696765783610872,0.9361890539758077,NA,0.7529328161684474,-1.7177043571522057,9,-1.669408943143084,-1.7788813135909884,-0.9682233241804792,9,-1.9084181895092471,NA,0.00925165634963896,1
H7B03,DLBE-7/8,GBCS,7,7/8,8,1,1,2 SPA/1 ENG,Bilingual,NA,8,1,NA,0,2,NA,Selection,FCT-32,cuidar,Intensional,Intensional subjunctive,Subjunctive,1,1,NA,NA,NA,NA,208160,26928,1534607,-100844.1,-0.897943857,0.01841624678734838,-0.8005284996483579,NA,-0.39105612643050475,-1.7177043571522057,9,-1.669408943143084,-1.7788813135909884,-0.9682233241804792,9,-1.9084181895092471,NA,0.00925165634963896,1
H7B03,DLBE-7/8,GBCS,7,7/8,8,1,1,2 SPA/1 ENG,Bilingual,NA,8,1,NA,0,2,NA,Selection,FCT-40,pintar,Intensional,Intensional subjunctive,Subjunctive,1,1,NA,NA,NA,NA,45606,22466,893704,-105306.125,-0.937674734,-0.9171998985793148,-0.8433881203683105,NA,-0.8802940094738126,-1.7177043571522057,9,-1.669408943143084,-1.7788813135909884,-0.9682233241804792,9,-1.9084181895092471,NA,0.00925165634963896,1
H7B03,DLBE-7/8,GBCS,7,7/8,8,1,1,2 SPA/1 ENG,Bilingual,NA,8,1,NA,0,2,NA,Selection,FCT-45,tratar,Intensional,Intensional subjunctive,Subjunctive,1,1,NA,NA,NA,NA,590952,203027,9516595,75254.875,0.6700901291788915,2.2216617868367825,0.8909856978332489,NA,1.5563237423350156,-1.7177043571522057,9,-1.669408943143084,-1.7788813135909884,-0.9682233241804792,9,-1.9084181895092471,NA,0.00925165634963896,1
H7B03,DLBE-7/8,GBCS,7,7/8,8,1,1,2 SPA/1 ENG,Bilingual,NA,8,1,NA,0,2,NA,Selection,FCT-54,amar,Intensional,Intensional subjunctive,Subjunctive,1,1,NA,NA,NA,NA,60260,28864,1318934,-67512.125,-0.601146551,-0.832855502291293,-0.7819323038362045,NA,-0.8073939030637487,-1.7177043571522057,9,-1.669408943143084,-1.7788813135909884,-0.9682233241804792,9,-1.9084181895092471,NA,0.00925165634963896,1
H8B01,DLBE-7/8,GBCS,8,7/8,19,3,0,2 SPA/2 ENG,Bilingual,NA,14,0,3,0,2,NA,Selection,FCT-02,mirar,Intensional,Intensional subjunctive,Subjunctive,0,0,NA,NA,NA,NA,186441,197558,3683993,69785.875,0.6213926472353051,-0.10659234765645834,0.8384533657585245,NA,0.3659305090510331,0.756607871602756,22,0.7178458455515254,0.9514946561068072,-1.633876859554558,14,-0.1293842840345257,NA,-1.1610828718797792,0
H8B01,DLBE-7/8,GBCS,8,7/8,19,3,0,2 SPA/2 ENG,Bilingual,NA,14,0,3,0,2,NA,Selection,FCT-10,llevar,Intensional,Intensional subjunctive,Subjunctive,1,1,NA,NA,NA,NA,418316,301022,13841181,173259.875,1.5427536358311489,1.2280164205491535,1.8322740287278596,NA,1.5301452246385066,0.756607871602756,22,0.7178458455515254,0.9514946561068072,-1.633876859554558,14,-0.1293842840345257,NA,-1.1610828718797792,1
H8B01,DLBE-7/8,GBCS,8,7/8,19,3,0,2 SPA/2 ENG,Bilingual,NA,14,0,3,0,2,NA,Selection,FCT-17,peinar,Intensional,Intensional subjunctive,Subjunctive,1,1,NA,NA,NA,NA,6151,3173,91504,-124599.125,-1.109464919,-1.1442920342108076,-1.0287065117959315,NA,-1.0864992730033696,0.756607871602756,22,0.7178458455515254,0.9514946561068072,-1.633876859554558,14,-0.1293842840345257,NA,-1.1610828718797792,1
H8B01,DLBE-7/8,GBCS,8,7/8,19,3,0,2 SPA/2 ENG,Bilingual,NA,14,0,3,0,2,NA,Selection,FCT-25,llamar,Intensional,Intensional subjunctive,Subjunctive,1,1,NA,NA,NA,NA,303936,207733,8248273,79960.875,0.7119936490228335,0.5696765783610872,0.9361890539758077,NA,0.7529328161684474,0.756607871602756,22,0.7178458455515254,0.9514946561068072,-1.633876859554558,14,-0.1293842840345257,NA,-1.1610828718797792,1
H8B01,DLBE-7/8,GBCS,8,7/8,19,3,0,2 SPA/2 ENG,Bilingual,NA,14,0,3,0,2,NA,Selection,FCT-32,cuidar,Intensional,Intensional subjunctive,Subjunctive,1,1,NA,NA,NA,NA,208160,26928,1534607,-100844.1,-0.897943857,0.01841624678734838,-0.8005284996483579,NA,-0.39105612643050475,0.756607871602756,22,0.7178458455515254,0.9514946561068072,-1.633876859554558,14,-0.1293842840345257,NA,-1.1610828718797792,1
H8B01,DLBE-7/8,GBCS,8,7/8,19,3,0,2 SPA/2 ENG,Bilingual,NA,14,0,3,0,2,NA,Selection,FCT-40,pintar,Intensional,Intensional subjunctive,Subjunctive,1,1,NA,NA,NA,NA,45606,22466,893704,-105306.125,-0.937674734,-0.9171998985793148,-0.8433881203683105,NA,-0.8802940094738126,0.756607871602756,22,0.7178458455515254,0.9514946561068072,-1.633876859554558,14,-0.1293842840345257,NA,-1.1610828718797792,1
H8B01,DLBE-7/8,GBCS,8,7/8,19,3,0,2 SPA/2 ENG,Bilingual,NA,14,0,3,0,2,NA,Selection,FCT-45,tratar,Intensional,Intensional subjunctive,Subjunctive,1,1,NA,NA,NA,NA,590952,203027,9516595,75254.875,0.6700901291788915,2.2216617868367825,0.8909856978332489,NA,1.5563237423350156,0.756607871602756,22,0.7178458455515254,0.9514946561068072,-1.633876859554558,14,-0.1293842840345257,NA,-1.1610828718797792,1
H8B01,DLBE-7/8,GBCS,8,7/8,19,3,0,2 SPA/2 ENG,Bilingual,NA,14,0,3,0,2,NA,Selection,FCT-54,amar,Intensional,Intensional subjunctive,Subjunctive,1,1,NA,NA,NA,NA,60260,28864,1318934,-67512.125,-0.601146551,-0.832855502291293,-0.7819323038362045,NA,-0.8073939030637487,0.756607871602756,22,0.7178458455515254,0.9514946561068072,-1.633876859554558,14,-0.1293842840345257,NA,-1.1610828718797792,1
H8B02,DLBE-7/8,GBCS,8,7/8,10,1,1,2 SPA/1 ENG,Bilingual,NA,13,4,NA,0,2,NA,Selection,FCT-02,mirar,Intensional,Intensional subjunctive,Subjunctive,1,1,NA,NA,NA,NA,186441,197558,3683993,69785.875,0.6213926472353051,-0.10659234765645834,0.8384533657585245,NA,0.3659305090510331,-1.2678294064694853,11,-1.3021389756516055,0.49643199449050784,1.0287372819417575,17,0.9380360592503072,NA,0.00925165634963896,1
H8B02,DLBE-7/8,GBCS,8,7/8,10,1,1,2 SPA/1 ENG,Bilingual,NA,13,4,NA,0,2,NA,Selection,FCT-10,llevar,Intensional,Intensional subjunctive,Subjunctive,0,0,NA,NA,NA,NA,418316,301022,13841181,173259.875,1.5427536358311489,1.2280164205491535,1.8322740287278596,NA,1.5301452246385066,-1.2678294064694853,11,-1.3021389756516055,0.49643199449050784,1.0287372819417575,17,0.9380360592503072,NA,0.00925165634963896,0
H8B02,DLBE-7/8,GBCS,8,7/8,10,1,1,2 SPA/1 ENG,Bilingual,NA,13,4,NA,0,2,NA,Selection,FCT-17,peinar,Intensional,Intensional subjunctive,Subjunctive,0,0,NA,NA,NA,NA,6151,3173,91504,-124599.125,-1.109464919,-1.1442920342108076,-1.0287065117959315,NA,-1.0864992730033696,-1.2678294064694853,11,-1.3021389756516055,0.49643199449050784,1.0287372819417575,17,0.9380360592503072,NA,0.00925165634963896,0
H8B02,DLBE-7/8,GBCS,8,7/8,10,1,1,2 SPA/1 ENG,Bilingual,NA,13,4,NA,0,2,NA,Selection,FCT-25,llamar,Intensional,Intensional subjunctive,Subjunctive,1,1,NA,NA,NA,NA,303936,207733,8248273,79960.875,0.7119936490228335,0.5696765783610872,0.9361890539758077,NA,0.7529328161684474,-1.2678294064694853,11,-1.3021389756516055,0.49643199449050784,1.0287372819417575,17,0.9380360592503072,NA,0.00925165634963896,1
H8B02,DLBE-7/8,GBCS,8,7/8,10,1,1,2 SPA/1 ENG,Bilingual,NA,13,4,NA,0,2,NA,Selection,FCT-32,cuidar,Intensional,Intensional subjunctive,Subjunctive,0,0,NA,NA,NA,NA,208160,26928,1534607,-100844.1,-0.897943857,0.01841624678734838,-0.8005284996483579,NA,-0.39105612643050475,-1.2678294064694853,11,-1.3021389756516055,0.49643199449050784,1.0287372819417575,17,0.9380360592503072,NA,0.00925165634963896,0
H8B02,DLBE-7/8,GBCS,8,7/8,10,1,1,2 SPA/1 ENG,Bilingual,NA,13,4,NA,0,2,NA,Selection,FCT-40,pintar,Intensional,Intensional subjunctive,Subjunctive,0,0,NA,NA,NA,NA,45606,22466,893704,-105306.125,-0.937674734,-0.9171998985793148,-0.8433881203683105,NA,-0.8802940094738126,-1.2678294064694853,11,-1.3021389756516055,0.49643199449050784,1.0287372819417575,17,0.9380360592503072,NA,0.00925165634963896,0
H8B02,DLBE-7/8,GBCS,8,7/8,10,1,1,2 SPA/1 ENG,Bilingual,NA,13,4,NA,0,2,NA,Selection,FCT-45,tratar,Intensional,Intensional subjunctive,Subjunctive,0,0,NA,NA,NA,NA,590952,203027,9516595,75254.875,0.6700901291788915,2.2216617868367825,0.8909856978332489,NA,1.5563237423350156,-1.2678294064694853,11,-1.3021389756516055,0.49643199449050784,1.0287372819417575,17,0.9380360592503072,NA,0.00925165634963896,0
H8B02,DLBE-7/8,GBCS,8,7/8,10,1,1,2 SPA/1 ENG,Bilingual,NA,13,4,NA,0,2,NA,Selection,FCT-54,amar,Intensional,Intensional subjunctive,Subjunctive,0,0,NA,NA,NA,NA,60260,28864,1318934,-67512.125,-0.601146551,-0.832855502291293,-0.7819323038362045,NA,-0.8073939030637487,-1.2678294064694853,11,-1.3021389756516055,0.49643199449050784,1.0287372819417575,17,0.9380360592503072,NA,0.00925165634963896,0
H8B03,DLBE-7/8,GBCS,8,7/8,16,1,2,2 SPA/0 ENG,Monolingual,NA,8,2,NA,0,0,NA,Selection,FCT-02,mirar,Intensional,Intensional subjunctive,Subjunctive,0,0,NA,NA,NA,NA,186441,197558,3683993,69785.875,0.6213926472353051,-0.10659234765645834,0.8384533657585245,NA,0.3659305090510331,0.08179544557867555,17,-0.2003290731771705,-1.7788813135909884,-0.3025697888064001,10,-1.5526114084143028,NA,1.1795861845790572,0
H8B03,DLBE-7/8,GBCS,8,7/8,16,1,2,2 SPA/0 ENG,Monolingual,NA,8,2,NA,0,0,NA,Selection,FCT-10,llevar,Intensional,Intensional subjunctive,Subjunctive,0,0,NA,NA,NA,NA,418316,301022,13841181,173259.875,1.5427536358311489,1.2280164205491535,1.8322740287278596,NA,1.5301452246385066,0.08179544557867555,17,-0.2003290731771705,-1.7788813135909884,-0.3025697888064001,10,-1.5526114084143028,NA,1.1795861845790572,0
H8B03,DLBE-7/8,GBCS,8,7/8,16,1,2,2 SPA/0 ENG,Monolingual,NA,8,2,NA,0,0,NA,Selection,FCT-17,peinar,Intensional,Intensional subjunctive,Subjunctive,0,0,NA,NA,NA,NA,6151,3173,91504,-124599.125,-1.109464919,-1.1442920342108076,-1.0287065117959315,NA,-1.0864992730033696,0.08179544557867555,17,-0.2003290731771705,-1.7788813135909884,-0.3025697888064001,10,-1.5526114084143028,NA,1.1795861845790572,0
H8B03,DLBE-7/8,GBCS,8,7/8,16,1,2,2 SPA/0 ENG,Monolingual,NA,8,2,NA,0,0,NA,Selection,FCT-25,llamar,Intensional,Intensional subjunctive,Subjunctive,0,0,NA,NA,NA,NA,303936,207733,8248273,79960.875,0.7119936490228335,0.5696765783610872,0.9361890539758077,NA,0.7529328161684474,0.08179544557867555,17,-0.2003290731771705,-1.7788813135909884,-0.3025697888064001,10,-1.5526114084143028,NA,1.1795861845790572,0
H8B03,DLBE-7/8,GBCS,8,7/8,16,1,2,2 SPA/0 ENG,Monolingual,NA,8,2,NA,0,0,NA,Selection,FCT-32,cuidar,Intensional,Intensional subjunctive,Subjunctive,0,0,NA,NA,NA,NA,208160,26928,1534607,-100844.1,-0.897943857,0.01841624678734838,-0.8005284996483579,NA,-0.39105612643050475,0.08179544557867555,17,-0.2003290731771705,-1.7788813135909884,-0.3025697888064001,10,-1.5526114084143028,NA,1.1795861845790572,0
H8B03,DLBE-7/8,GBCS,8,7/8,16,1,2,2 SPA/0 ENG,Monolingual,NA,8,2,NA,0,0,NA,Selection,FCT-40,pintar,Intensional,Intensional subjunctive,Subjunctive,0,0,NA,NA,NA,NA,45606,22466,893704,-105306.125,-0.937674734,-0.9171998985793148,-0.8433881203683105,NA,-0.8802940094738126,0.08179544557867555,17,-0.2003290731771705,-1.7788813135909884,-0.3025697888064001,10,-1.5526114084143028,NA,1.1795861845790572,0
H8B03,DLBE-7/8,GBCS,8,7/8,16,1,2,2 SPA/0 ENG,Monolingual,NA,8,2,NA,0,0,NA,Selection,FCT-45,tratar,Intensional,Intensional subjunctive,Subjunctive,1,1,NA,NA,NA,NA,590952,203027,9516595,75254.875,0.6700901291788915,2.2216617868367825,0.8909856978332489,NA,1.5563237423350156,0.08179544557867555,17,-0.2003290731771705,-1.7788813135909884,-0.3025697888064001,10,-1.5526114084143028,NA,1.1795861845790572,1
H8B03,DLBE-7/8,GBCS,8,7/8,16,1,2,2 SPA/0 ENG,Monolingual,NA,8,2,NA,0,0,NA,Selection,FCT-54,amar,Intensional,Intensional subjunctive,Subjunctive,0,0,NA,NA,NA,NA,60260,28864,1318934,-67512.125,-0.601146551,-0.832855502291293,-0.7819323038362045,NA,-0.8073939030637487,0.08179544557867555,17,-0.2003290731771705,-1.7788813135909884,-0.3025697888064001,10,-1.5526114084143028,NA,1.1795861845790572,0
H8B04,DLBE-7/8,GBCS,8,7/8,19,3,2,2 SPA/0 ENG,Monolingual,NA,11,3,5,0,2,NA,Selection,FCT-02,mirar,Intensional,Intensional subjunctive,Subjunctive,1,1,NA,NA,NA,NA,186441,197558,3683993,69785.875,0.6213926472353051,-0.10659234765645834,0.8384533657585245,NA,0.3659305090510331,0.756607871602756,22,0.7178458455515254,-0.4136933287420907,0.3630837465676788,14,-0.1293842840345257,NA,1.1795861845790572,1
H8B04,DLBE-7/8,GBCS,8,7/8,19,3,2,2 SPA/0 ENG,Monolingual,NA,11,3,5,0,2,NA,Selection,FCT-10,llevar,Intensional,Intensional subjunctive,Subjunctive,1,1,NA,NA,NA,NA,418316,301022,13841181,173259.875,1.5427536358311489,1.2280164205491535,1.8322740287278596,NA,1.5301452246385066,0.756607871602756,22,0.7178458455515254,-0.4136933287420907,0.3630837465676788,14,-0.1293842840345257,NA,1.1795861845790572,1
H8B04,DLBE-7/8,GBCS,8,7/8,19,3,2,2 SPA/0 ENG,Monolingual,NA,11,3,5,0,2,NA,Selection,FCT-17,peinar,Intensional,Intensional subjunctive,Subjunctive,1,1,NA,NA,NA,NA,6151,3173,91504,-124599.125,-1.109464919,-1.1442920342108076,-1.0287065117959315,NA,-1.0864992730033696,0.756607871602756,22,0.7178458455515254,-0.4136933287420907,0.3630837465676788,14,-0.1293842840345257,NA,1.1795861845790572,1
H8B04,DLBE-7/8,GBCS,8,7/8,19,3,2,2 SPA/0 ENG,Monolingual,NA,11,3,5,0,2,NA,Selection,FCT-25,llamar,Intensional,Intensional subjunctive,Subjunctive,1,1,NA,NA,NA,NA,303936,207733,8248273,79960.875,0.7119936490228335,0.5696765783610872,0.9361890539758077,NA,0.7529328161684474,0.756607871602756,22,0.7178458455515254,-0.4136933287420907,0.3630837465676788,14,-0.1293842840345257,NA,1.1795861845790572,1
H8B04,DLBE-7/8,GBCS,8,7/8,19,3,2,2 SPA/0 ENG,Monolingual,NA,11,3,5,0,2,NA,Selection,FCT-32,cuidar,Intensional,Intensional subjunctive,Subjunctive,1,1,NA,NA,NA,NA,208160,26928,1534607,-100844.1,-0.897943857,0.01841624678734838,-0.8005284996483579,NA,-0.39105612643050475,0.756607871602756,22,0.7178458455515254,-0.4136933287420907,0.3630837465676788,14,-0.1293842840345257,NA,1.1795861845790572,1
H8B04,DLBE-7/8,GBCS,8,7/8,19,3,2,2 SPA/0 ENG,Monolingual,NA,11,3,5,0,2,NA,Selection,FCT-40,pintar,Intensional,Intensional subjunctive,Subjunctive,1,1,NA,NA,NA,NA,45606,22466,893704,-105306.125,-0.937674734,-0.9171998985793148,-0.8433881203683105,NA,-0.8802940094738126,0.756607871602756,22,0.7178458455515254,-0.4136933287420907,0.3630837465676788,14,-0.1293842840345257,NA,1.1795861845790572,1
H8B04,DLBE-7/8,GBCS,8,7/8,19,3,2,2 SPA/0 ENG,Monolingual,NA,11,3,5,0,2,NA,Selection,FCT-45,tratar,Intensional,Intensional subjunctive,Subjunctive,1,1,NA,NA,NA,NA,590952,203027,9516595,75254.875,0.6700901291788915,2.2216617868367825,0.8909856978332489,NA,1.5563237423350156,0.756607871602756,22,0.7178458455515254,-0.4136933287420907,0.3630837465676788,14,-0.1293842840345257,NA,1.1795861845790572,1
H8B04,DLBE-7/8,GBCS,8,7/8,19,3,2,2 SPA/0 ENG,Monolingual,NA,11,3,5,0,2,NA,Selection,FCT-54,amar,Intensional,Intensional subjunctive,Subjunctive,1,1,NA,NA,NA,NA,60260,28864,1318934,-67512.125,-0.601146551,-0.832855502291293,-0.7819323038362045,NA,-0.8073939030637487,0.756607871602756,22,0.7178458455515254,-0.4136933287420907,0.3630837465676788,14,-0.1293842840345257,NA,1.1795861845790572,1
H8B05,DLBE-7/8,GBCS,8,7/8,13,3,2,2 SPA/0 ENG,Monolingual,NA,10,4,0,0,2,NA,Selection,FCT-02,mirar,Intensional,Intensional subjunctive,Subjunctive,1,1,NA,NA,NA,NA,186441,197558,3683993,69785.875,0.6213926472353051,-0.10659234765645834,0.8384533657585245,NA,0.3659305090510331,-0.5930169804454049,16,-0.3839640569229097,-0.8687559903583899,1.0287372819417575,14,-0.1293842840345257,NA,1.1795861845790572,1
H8B05,DLBE-7/8,GBCS,8,7/8,13,3,2,2 SPA/0 ENG,Monolingual,NA,10,4,0,0,2,NA,Selection,FCT-10,llevar,Intensional,Intensional subjunctive,Subjunctive,1,1,NA,NA,NA,NA,418316,301022,13841181,173259.875,1.5427536358311489,1.2280164205491535,1.8322740287278596,NA,1.5301452246385066,-0.5930169804454049,16,-0.3839640569229097,-0.8687559903583899,1.0287372819417575,14,-0.1293842840345257,NA,1.1795861845790572,1
H8B05,DLBE-7/8,GBCS,8,7/8,13,3,2,2 SPA/0 ENG,Monolingual,NA,10,4,0,0,2,NA,Selection,FCT-17,peinar,Intensional,Intensional subjunctive,Subjunctive,1,1,NA,NA,NA,NA,6151,3173,91504,-124599.125,-1.109464919,-1.1442920342108076,-1.0287065117959315,NA,-1.0864992730033696,-0.5930169804454049,16,-0.3839640569229097,-0.8687559903583899,1.0287372819417575,14,-0.1293842840345257,NA,1.1795861845790572,1
H8B05,DLBE-7/8,GBCS,8,7/8,13,3,2,2 SPA/0 ENG,Monolingual,NA,10,4,0,0,2,NA,Selection,FCT-25,llamar,Intensional,Intensional subjunctive,Subjunctive,1,1,NA,NA,NA,NA,303936,207733,8248273,79960.875,0.7119936490228335,0.5696765783610872,0.9361890539758077,NA,0.7529328161684474,-0.5930169804454049,16,-0.3839640569229097,-0.8687559903583899,1.0287372819417575,14,-0.1293842840345257,NA,1.1795861845790572,1
H8B05,DLBE-7/8,GBCS,8,7/8,13,3,2,2 SPA/0 ENG,Monolingual,NA,10,4,0,0,2,NA,Selection,FCT-32,cuidar,Intensional,Intensional subjunctive,Subjunctive,0,0,NA,NA,NA,NA,208160,26928,1534607,-100844.1,-0.897943857,0.01841624678734838,-0.8005284996483579,NA,-0.39105612643050475,-0.5930169804454049,16,-0.3839640569229097,-0.8687559903583899,1.0287372819417575,14,-0.1293842840345257,NA,1.1795861845790572,0
H8B05,DLBE-7/8,GBCS,8,7/8,13,3,2,2 SPA/0 ENG,Monolingual,NA,10,4,0,0,2,NA,Selection,FCT-40,pintar,Intensional,Intensional subjunctive,Subjunctive,0,0,NA,NA,NA,NA,45606,22466,893704,-105306.125,-0.937674734,-0.9171998985793148,-0.8433881203683105,NA,-0.8802940094738126,-0.5930169804454049,16,-0.3839640569229097,-0.8687559903583899,1.0287372819417575,14,-0.1293842840345257,NA,1.1795861845790572,0
H8B05,DLBE-7/8,GBCS,8,7/8,13,3,2,2 SPA/0 ENG,Monolingual,NA,10,4,0,0,2,NA,Selection,FCT-45,tratar,Intensional,Intensional subjunctive,Subjunctive,1,1,NA,NA,NA,NA,590952,203027,9516595,75254.875,0.6700901291788915,2.2216617868367825,0.8909856978332489,NA,1.5563237423350156,-0.5930169804454049,16,-0.3839640569229097,-0.8687559903583899,1.0287372819417575,14,-0.1293842840345257,NA,1.1795861845790572,1
H8B05,DLBE-7/8,GBCS,8,7/8,13,3,2,2 SPA/0 ENG,Monolingual,NA,10,4,0,0,2,NA,Selection,FCT-54,amar,Intensional,Intensional subjunctive,Subjunctive,1,1,NA,NA,NA,NA,60260,28864,1318934,-67512.125,-0.601146551,-0.832855502291293,-0.7819323038362045,NA,-0.8073939030637487,-0.5930169804454049,16,-0.3839640569229097,-0.8687559903583899,1.0287372819417575,14,-0.1293842840345257,NA,1.1795861845790572,1
H8B06,DLBE-7/8,GBCS,8,7/8,13,2,0,2 SPA/2 ENG,Bilingual,NA,13,3,0,0,2,NA,Selection,FCT-02,mirar,Intensional,Intensional subjunctive,Subjunctive,1,1,NA,NA,NA,NA,186441,197558,3683993,69785.875,0.6213926472353051,-0.10659234765645834,0.8384533657585245,NA,0.3659305090510331,-0.5930169804454049,15,-0.5675990406686489,0.49643199449050784,0.3630837465676788,16,0.5822292781553629,NA,-1.1610828718797792,1
H8B06,DLBE-7/8,GBCS,8,7/8,13,2,0,2 SPA/2 ENG,Bilingual,NA,13,3,0,0,2,NA,Selection,FCT-10,llevar,Intensional,Intensional subjunctive,Subjunctive,1,1,NA,NA,NA,NA,418316,301022,13841181,173259.875,1.5427536358311489,1.2280164205491535,1.8322740287278596,NA,1.5301452246385066,-0.5930169804454049,15,-0.5675990406686489,0.49643199449050784,0.3630837465676788,16,0.5822292781553629,NA,-1.1610828718797792,1
H8B06,DLBE-7/8,GBCS,8,7/8,13,2,0,2 SPA/2 ENG,Bilingual,NA,13,3,0,0,2,NA,Selection,FCT-17,peinar,Intensional,Intensional subjunctive,Subjunctive,1,1,NA,NA,NA,NA,6151,3173,91504,-124599.125,-1.109464919,-1.1442920342108076,-1.0287065117959315,NA,-1.0864992730033696,-0.5930169804454049,15,-0.5675990406686489,0.49643199449050784,0.3630837465676788,16,0.5822292781553629,NA,-1.1610828718797792,1
H8B06,DLBE-7/8,GBCS,8,7/8,13,2,0,2 SPA/2 ENG,Bilingual,NA,13,3,0,0,2,NA,Selection,FCT-25,llamar,Intensional,Intensional subjunctive,Subjunctive,1,1,NA,NA,NA,NA,303936,207733,8248273,79960.875,0.7119936490228335,0.5696765783610872,0.9361890539758077,NA,0.7529328161684474,-0.5930169804454049,15,-0.5675990406686489,0.49643199449050784,0.3630837465676788,16,0.5822292781553629,NA,-1.1610828718797792,1
H8B06,DLBE-7/8,GBCS,8,7/8,13,2,0,2 SPA/2 ENG,Bilingual,NA,13,3,0,0,2,NA,Selection,FCT-32,cuidar,Intensional,Intensional subjunctive,Subjunctive,1,1,NA,NA,NA,NA,208160,26928,1534607,-100844.1,-0.897943857,0.01841624678734838,-0.8005284996483579,NA,-0.39105612643050475,-0.5930169804454049,15,-0.5675990406686489,0.49643199449050784,0.3630837465676788,16,0.5822292781553629,NA,-1.1610828718797792,1
H8B06,DLBE-7/8,GBCS,8,7/8,13,2,0,2 SPA/2 ENG,Bilingual,NA,13,3,0,0,2,NA,Selection,FCT-40,pintar,Intensional,Intensional subjunctive,Subjunctive,1,1,NA,NA,NA,NA,45606,22466,893704,-105306.125,-0.937674734,-0.9171998985793148,-0.8433881203683105,NA,-0.8802940094738126,-0.5930169804454049,15,-0.5675990406686489,0.49643199449050784,0.3630837465676788,16,0.5822292781553629,NA,-1.1610828718797792,1
H8B06,DLBE-7/8,GBCS,8,7/8,13,2,0,2 SPA/2 ENG,Bilingual,NA,13,3,0,0,2,NA,Selection,FCT-45,tratar,Intensional,Intensional subjunctive,Subjunctive,1,1,NA,NA,NA,NA,590952,203027,9516595,75254.875,0.6700901291788915,2.2216617868367825,0.8909856978332489,NA,1.5563237423350156,-0.5930169804454049,15,-0.5675990406686489,0.49643199449050784,0.3630837465676788,16,0.5822292781553629,NA,-1.1610828718797792,1
H8B06,DLBE-7/8,GBCS,8,7/8,13,2,0,2 SPA/2 ENG,Bilingual,NA,13,3,0,0,2,NA,Selection,FCT-54,amar,Intensional,Intensional subjunctive,Subjunctive,1,1,NA,NA,NA,NA,60260,28864,1318934,-67512.125,-0.601146551,-0.832855502291293,-0.7819323038362045,NA,-0.8073939030637487,-0.5930169804454049,15,-0.5675990406686489,0.49643199449050784,0.3630837465676788,16,0.5822292781553629,NA,-1.1610828718797792,1
H8B07,DLBE-7/8,GBCS,8,7/8,16,2,0,2 SPA/2 ENG,Bilingual,NA,13,2,0,0,2,NA,Selection,FCT-02,mirar,Intensional,Intensional subjunctive,Subjunctive,1,1,NA,NA,NA,NA,186441,197558,3683993,69785.875,0.6213926472353051,-0.10659234765645834,0.8384533657585245,NA,0.3659305090510331,0.08179544557867555,18,-0.01669408943143131,0.49643199449050784,-0.3025697888064001,15,0.2264224970604186,NA,-1.1610828718797792,1
H8B07,DLBE-7/8,GBCS,8,7/8,16,2,0,2 SPA/2 ENG,Bilingual,NA,13,2,0,0,2,NA,Selection,FCT-10,llevar,Intensional,Intensional subjunctive,Subjunctive,1,1,NA,NA,NA,NA,418316,301022,13841181,173259.875,1.5427536358311489,1.2280164205491535,1.8322740287278596,NA,1.5301452246385066,0.08179544557867555,18,-0.01669408943143131,0.49643199449050784,-0.3025697888064001,15,0.2264224970604186,NA,-1.1610828718797792,1
H8B07,DLBE-7/8,GBCS,8,7/8,16,2,0,2 SPA/2 ENG,Bilingual,NA,13,2,0,0,2,NA,Selection,FCT-17,peinar,Intensional,Intensional subjunctive,Subjunctive,1,1,NA,NA,NA,NA,6151,3173,91504,-124599.125,-1.109464919,-1.1442920342108076,-1.0287065117959315,NA,-1.0864992730033696,0.08179544557867555,18,-0.01669408943143131,0.49643199449050784,-0.3025697888064001,15,0.2264224970604186,NA,-1.1610828718797792,1
H8B07,DLBE-7/8,GBCS,8,7/8,16,2,0,2 SPA/2 ENG,Bilingual,NA,13,2,0,0,2,NA,Selection,FCT-25,llamar,Intensional,Intensional subjunctive,Subjunctive,1,1,NA,NA,NA,NA,303936,207733,8248273,79960.875,0.7119936490228335,0.5696765783610872,0.9361890539758077,NA,0.7529328161684474,0.08179544557867555,18,-0.01669408943143131,0.49643199449050784,-0.3025697888064001,15,0.2264224970604186,NA,-1.1610828718797792,1
H8B07,DLBE-7/8,GBCS,8,7/8,16,2,0,2 SPA/2 ENG,Bilingual,NA,13,2,0,0,2,NA,Selection,FCT-32,cuidar,Intensional,Intensional subjunctive,Subjunctive,1,1,NA,NA,NA,NA,208160,26928,1534607,-100844.1,-0.897943857,0.01841624678734838,-0.8005284996483579,NA,-0.39105612643050475,0.08179544557867555,18,-0.01669408943143131,0.49643199449050784,-0.3025697888064001,15,0.2264224970604186,NA,-1.1610828718797792,1
H8B07,DLBE-7/8,GBCS,8,7/8,16,2,0,2 SPA/2 ENG,Bilingual,NA,13,2,0,0,2,NA,Selection,FCT-40,pintar,Intensional,Intensional subjunctive,Subjunctive,0,0,NA,NA,NA,NA,45606,22466,893704,-105306.125,-0.937674734,-0.9171998985793148,-0.8433881203683105,NA,-0.8802940094738126,0.08179544557867555,18,-0.01669408943143131,0.49643199449050784,-0.3025697888064001,15,0.2264224970604186,NA,-1.1610828718797792,0
H8B07,DLBE-7/8,GBCS,8,7/8,16,2,0,2 SPA/2 ENG,Bilingual,NA,13,2,0,0,2,NA,Selection,FCT-45,tratar,Intensional,Intensional subjunctive,Subjunctive,1,1,NA,NA,NA,NA,590952,203027,9516595,75254.875,0.6700901291788915,2.2216617868367825,0.8909856978332489,NA,1.5563237423350156,0.08179544557867555,18,-0.01669408943143131,0.49643199449050784,-0.3025697888064001,15,0.2264224970604186,NA,-1.1610828718797792,1
H8B07,DLBE-7/8,GBCS,8,7/8,16,2,0,2 SPA/2 ENG,Bilingual,NA,13,2,0,0,2,NA,Selection,FCT-54,amar,Intensional,Intensional subjunctive,Subjunctive,1,1,NA,NA,NA,NA,60260,28864,1318934,-67512.125,-0.601146551,-0.832855502291293,-0.7819323038362045,NA,-0.8073939030637487,0.08179544557867555,18,-0.01669408943143131,0.49643199449050784,-0.3025697888064001,15,0.2264224970604186,NA,-1.1610828718797792,1
H8B08,DLBE-7/8,GBCS,8,7/8,25,5,2,2 SPA/0 ENG,Monolingual,NA,14,4,0,0,2,NA,Selection,FCT-02,mirar,Intensional,Intensional subjunctive,Subjunctive,1,1,NA,NA,NA,NA,186441,197558,3683993,69785.875,0.6213926472353051,-0.10659234765645834,0.8384533657585245,NA,0.3659305090510331,2.106232723650917,30,2.186925715517439,0.9514946561068072,1.0287372819417575,18,1.2938428403452515,NA,1.1795861845790572,1
H8B08,DLBE-7/8,GBCS,8,7/8,25,5,2,2 SPA/0 ENG,Monolingual,NA,14,4,0,0,2,NA,Selection,FCT-10,llevar,Intensional,Intensional subjunctive,Subjunctive,1,1,NA,NA,NA,NA,418316,301022,13841181,173259.875,1.5427536358311489,1.2280164205491535,1.8322740287278596,NA,1.5301452246385066,2.106232723650917,30,2.186925715517439,0.9514946561068072,1.0287372819417575,18,1.2938428403452515,NA,1.1795861845790572,1
H8B08,DLBE-7/8,GBCS,8,7/8,25,5,2,2 SPA/0 ENG,Monolingual,NA,14,4,0,0,2,NA,Selection,FCT-17,peinar,Intensional,Intensional subjunctive,Subjunctive,1,1,NA,NA,NA,NA,6151,3173,91504,-124599.125,-1.109464919,-1.1442920342108076,-1.0287065117959315,NA,-1.0864992730033696,2.106232723650917,30,2.186925715517439,0.9514946561068072,1.0287372819417575,18,1.2938428403452515,NA,1.1795861845790572,1
H8B08,DLBE-7/8,GBCS,8,7/8,25,5,2,2 SPA/0 ENG,Monolingual,NA,14,4,0,0,2,NA,Selection,FCT-25,llamar,Intensional,Intensional subjunctive,Subjunctive,1,1,NA,NA,NA,NA,303936,207733,8248273,79960.875,0.7119936490228335,0.5696765783610872,0.9361890539758077,NA,0.7529328161684474,2.106232723650917,30,2.186925715517439,0.9514946561068072,1.0287372819417575,18,1.2938428403452515,NA,1.1795861845790572,1
H8B08,DLBE-7/8,GBCS,8,7/8,25,5,2,2 SPA/0 ENG,Monolingual,NA,14,4,0,0,2,NA,Selection,FCT-32,cuidar,Intensional,Intensional subjunctive,Subjunctive,1,1,NA,NA,NA,NA,208160,26928,1534607,-100844.1,-0.897943857,0.01841624678734838,-0.8005284996483579,NA,-0.39105612643050475,2.106232723650917,30,2.186925715517439,0.9514946561068072,1.0287372819417575,18,1.2938428403452515,NA,1.1795861845790572,1
H8B08,DLBE-7/8,GBCS,8,7/8,25,5,2,2 SPA/0 ENG,Monolingual,NA,14,4,0,0,2,NA,Selection,FCT-40,pintar,Intensional,Intensional subjunctive,Subjunctive,1,1,NA,NA,NA,NA,45606,22466,893704,-105306.125,-0.937674734,-0.9171998985793148,-0.8433881203683105,NA,-0.8802940094738126,2.106232723650917,30,2.186925715517439,0.9514946561068072,1.0287372819417575,18,1.2938428403452515,NA,1.1795861845790572,1
H8B08,DLBE-7/8,GBCS,8,7/8,25,5,2,2 SPA/0 ENG,Monolingual,NA,14,4,0,0,2,NA,Selection,FCT-45,tratar,Intensional,Intensional subjunctive,Subjunctive,1,1,NA,NA,NA,NA,590952,203027,9516595,75254.875,0.6700901291788915,2.2216617868367825,0.8909856978332489,NA,1.5563237423350156,2.106232723650917,30,2.186925715517439,0.9514946561068072,1.0287372819417575,18,1.2938428403452515,NA,1.1795861845790572,1
H8B08,DLBE-7/8,GBCS,8,7/8,25,5,2,2 SPA/0 ENG,Monolingual,NA,14,4,0,0,2,NA,Selection,FCT-54,amar,Intensional,Intensional subjunctive,Subjunctive,1,1,NA,NA,NA,NA,60260,28864,1318934,-67512.125,-0.601146551,-0.832855502291293,-0.7819323038362045,NA,-0.8073939030637487,2.106232723650917,30,2.186925715517439,0.9514946561068072,1.0287372819417575,18,1.2938428403452515,NA,1.1795861845790572,1
H8B09,DLBE-7/8,GBCS,8,7/8,16,3,0,2 SPA/2 ENG,Bilingual,NA,13,0,3,0,2,NA,Selection,FCT-02,mirar,Intensional,Intensional subjunctive,Subjunctive,1,1,NA,NA,NA,NA,186441,197558,3683993,69785.875,0.6213926472353051,-0.10659234765645834,0.8384533657585245,NA,0.3659305090510331,0.08179544557867555,19,0.1669408943143079,0.49643199449050784,-1.633876859554558,13,-0.48519106512947,NA,-1.1610828718797792,1
H8B09,DLBE-7/8,GBCS,8,7/8,16,3,0,2 SPA/2 ENG,Bilingual,NA,13,0,3,0,2,NA,Selection,FCT-10,llevar,Intensional,Intensional subjunctive,Subjunctive,0,0,NA,NA,NA,NA,418316,301022,13841181,173259.875,1.5427536358311489,1.2280164205491535,1.8322740287278596,NA,1.5301452246385066,0.08179544557867555,19,0.1669408943143079,0.49643199449050784,-1.633876859554558,13,-0.48519106512947,NA,-1.1610828718797792,0
H8B09,DLBE-7/8,GBCS,8,7/8,16,3,0,2 SPA/2 ENG,Bilingual,NA,13,0,3,0,2,NA,Selection,FCT-17,peinar,Intensional,Intensional subjunctive,Subjunctive,1,1,NA,NA,NA,NA,6151,3173,91504,-124599.125,-1.109464919,-1.1442920342108076,-1.0287065117959315,NA,-1.0864992730033696,0.08179544557867555,19,0.1669408943143079,0.49643199449050784,-1.633876859554558,13,-0.48519106512947,NA,-1.1610828718797792,1
H8B09,DLBE-7/8,GBCS,8,7/8,16,3,0,2 SPA/2 ENG,Bilingual,NA,13,0,3,0,2,NA,Selection,FCT-25,llamar,Intensional,Intensional subjunctive,Subjunctive,1,1,NA,NA,NA,NA,303936,207733,8248273,79960.875,0.7119936490228335,0.5696765783610872,0.9361890539758077,NA,0.7529328161684474,0.08179544557867555,19,0.1669408943143079,0.49643199449050784,-1.633876859554558,13,-0.48519106512947,NA,-1.1610828718797792,1
H8B09,DLBE-7/8,GBCS,8,7/8,16,3,0,2 SPA/2 ENG,Bilingual,NA,13,0,3,0,2,NA,Selection,FCT-32,cuidar,Intensional,Intensional subjunctive,Subjunctive,1,1,NA,NA,NA,NA,208160,26928,1534607,-100844.1,-0.897943857,0.01841624678734838,-0.8005284996483579,NA,-0.39105612643050475,0.08179544557867555,19,0.1669408943143079,0.49643199449050784,-1.633876859554558,13,-0.48519106512947,NA,-1.1610828718797792,1
H8B09,DLBE-7/8,GBCS,8,7/8,16,3,0,2 SPA/2 ENG,Bilingual,NA,13,0,3,0,2,NA,Selection,FCT-40,pintar,Intensional,Intensional subjunctive,Subjunctive,1,1,NA,NA,NA,NA,45606,22466,893704,-105306.125,-0.937674734,-0.9171998985793148,-0.8433881203683105,NA,-0.8802940094738126,0.08179544557867555,19,0.1669408943143079,0.49643199449050784,-1.633876859554558,13,-0.48519106512947,NA,-1.1610828718797792,1
H8B09,DLBE-7/8,GBCS,8,7/8,16,3,0,2 SPA/2 ENG,Bilingual,NA,13,0,3,0,2,NA,Selection,FCT-45,tratar,Intensional,Intensional subjunctive,Subjunctive,0,0,NA,NA,NA,NA,590952,203027,9516595,75254.875,0.6700901291788915,2.2216617868367825,0.8909856978332489,NA,1.5563237423350156,0.08179544557867555,19,0.1669408943143079,0.49643199449050784,-1.633876859554558,13,-0.48519106512947,NA,-1.1610828718797792,0
H8B09,DLBE-7/8,GBCS,8,7/8,16,3,0,2 SPA/2 ENG,Bilingual,NA,13,0,3,0,2,NA,Selection,FCT-54,amar,Intensional,Intensional subjunctive,Subjunctive,0,0,NA,NA,NA,NA,60260,28864,1318934,-67512.125,-0.601146551,-0.832855502291293,-0.7819323038362045,NA,-0.8073939030637487,0.08179544557867555,19,0.1669408943143079,0.49643199449050784,-1.633876859554558,13,-0.48519106512947,NA,-1.1610828718797792,0
H8M01,MLS-7/8,RBMS,8,7/8,10,1,1,2 SPA/1 ENG,Bilingual,NA,13,3,3,0,2,NA,Selection,FCT-02,mirar,Intensional,Intensional subjunctive,Subjunctive,0,0,NA,NA,NA,NA,186441,197558,3683993,69785.875,0.6213926472353051,-0.10659234765645834,0.8384533657585245,NA,0.3659305090510331,-0.8302999197403417,11,-0.8280352654673558,0.727045372335815,0.29563515298512516,16,0.6635993264654954,NA,-0.3083148731923188,0
H8M01,MLS-7/8,RBMS,8,7/8,10,1,1,2 SPA/1 ENG,Bilingual,NA,13,3,3,0,2,NA,Selection,FCT-10,llevar,Intensional,Intensional subjunctive,Subjunctive,1,1,NA,NA,NA,NA,418316,301022,13841181,173259.875,1.5427536358311489,1.2280164205491535,1.8322740287278596,NA,1.5301452246385066,-0.8302999197403417,11,-0.8280352654673558,0.727045372335815,0.29563515298512516,16,0.6635993264654954,NA,-0.3083148731923188,1
H8M01,MLS-7/8,RBMS,8,7/8,10,1,1,2 SPA/1 ENG,Bilingual,NA,13,3,3,0,2,NA,Selection,FCT-17,peinar,Intensional,Intensional subjunctive,Subjunctive,1,1,NA,NA,NA,NA,6151,3173,91504,-124599.125,-1.109464919,-1.1442920342108076,-1.0287065117959315,NA,-1.0864992730033696,-0.8302999197403417,11,-0.8280352654673558,0.727045372335815,0.29563515298512516,16,0.6635993264654954,NA,-0.3083148731923188,1
H8M01,MLS-7/8,RBMS,8,7/8,10,1,1,2 SPA/1 ENG,Bilingual,NA,13,3,3,0,2,NA,Selection,FCT-25,llamar,Intensional,Intensional subjunctive,Subjunctive,1,1,NA,NA,NA,NA,303936,207733,8248273,79960.875,0.7119936490228335,0.5696765783610872,0.9361890539758077,NA,0.7529328161684474,-0.8302999197403417,11,-0.8280352654673558,0.727045372335815,0.29563515298512516,16,0.6635993264654954,NA,-0.3083148731923188,1
H8M01,MLS-7/8,RBMS,8,7/8,10,1,1,2 SPA/1 ENG,Bilingual,NA,13,3,3,0,2,NA,Selection,FCT-32,cuidar,Intensional,Intensional subjunctive,Subjunctive,0,0,NA,NA,NA,NA,208160,26928,1534607,-100844.1,-0.897943857,0.01841624678734838,-0.8005284996483579,NA,-0.39105612643050475,-0.8302999197403417,11,-0.8280352654673558,0.727045372335815,0.29563515298512516,16,0.6635993264654954,NA,-0.3083148731923188,0
H8M01,MLS-7/8,RBMS,8,7/8,10,1,1,2 SPA/1 ENG,Bilingual,NA,13,3,3,0,2,NA,Selection,FCT-40,pintar,Intensional,Intensional subjunctive,Subjunctive,0,0,NA,NA,NA,NA,45606,22466,893704,-105306.125,-0.937674734,-0.9171998985793148,-0.8433881203683105,NA,-0.8802940094738126,-0.8302999197403417,11,-0.8280352654673558,0.727045372335815,0.29563515298512516,16,0.6635993264654954,NA,-0.3083148731923188,0
H8M01,MLS-7/8,RBMS,8,7/8,10,1,1,2 SPA/1 ENG,Bilingual,NA,13,3,3,0,2,NA,Selection,FCT-45,tratar,Intensional,Intensional subjunctive,Subjunctive,1,1,NA,NA,NA,NA,590952,203027,9516595,75254.875,0.6700901291788915,2.2216617868367825,0.8909856978332489,NA,1.5563237423350156,-0.8302999197403417,11,-0.8280352654673558,0.727045372335815,0.29563515298512516,16,0.6635993264654954,NA,-0.3083148731923188,1
H8M01,MLS-7/8,RBMS,8,7/8,10,1,1,2 SPA/1 ENG,Bilingual,NA,13,3,3,0,2,NA,Selection,FCT-54,amar,Intensional,Intensional subjunctive,Subjunctive,0,0,NA,NA,NA,NA,60260,28864,1318934,-67512.125,-0.601146551,-0.832855502291293,-0.7819323038362045,NA,-0.8073939030637487,-0.8302999197403417,11,-0.8280352654673558,0.727045372335815,0.29563515298512516,16,0.6635993264654954,NA,-0.3083148731923188,0
H8M02,MLS-7/8,RBMS,8,7/8,11,0,1,2 SPA/1 ENG,Bilingual,NA,14,4,3,0,2,NA,Selection,FCT-02,mirar,Intensional,Intensional subjunctive,Subjunctive,1,1,NA,NA,NA,NA,186441,197558,3683993,69785.875,0.6213926472353051,-0.10659234765645834,0.8384533657585245,NA,0.3659305090510331,-0.5822882554023178,11,-0.8280352654673558,1.1558157201236037,0.9755960048509176,18,1.286570122739224,NA,-0.3083148731923188,1
H8M02,MLS-7/8,RBMS,8,7/8,11,0,1,2 SPA/1 ENG,Bilingual,NA,14,4,3,0,2,NA,Selection,FCT-10,llevar,Intensional,Intensional subjunctive,Subjunctive,1,1,NA,NA,NA,NA,418316,301022,13841181,173259.875,1.5427536358311489,1.2280164205491535,1.8322740287278596,NA,1.5301452246385066,-0.5822882554023178,11,-0.8280352654673558,1.1558157201236037,0.9755960048509176,18,1.286570122739224,NA,-0.3083148731923188,1
H8M02,MLS-7/8,RBMS,8,7/8,11,0,1,2 SPA/1 ENG,Bilingual,NA,14,4,3,0,2,NA,Selection,FCT-17,peinar,Intensional,Intensional subjunctive,Subjunctive,1,1,NA,NA,NA,NA,6151,3173,91504,-124599.125,-1.109464919,-1.1442920342108076,-1.0287065117959315,NA,-1.0864992730033696,-0.5822882554023178,11,-0.8280352654673558,1.1558157201236037,0.9755960048509176,18,1.286570122739224,NA,-0.3083148731923188,1
H8M02,MLS-7/8,RBMS,8,7/8,11,0,1,2 SPA/1 ENG,Bilingual,NA,14,4,3,0,2,NA,Selection,FCT-25,llamar,Intensional,Intensional subjunctive,Subjunctive,1,1,NA,NA,NA,NA,303936,207733,8248273,79960.875,0.7119936490228335,0.5696765783610872,0.9361890539758077,NA,0.7529328161684474,-0.5822882554023178,11,-0.8280352654673558,1.1558157201236037,0.9755960048509176,18,1.286570122739224,NA,-0.3083148731923188,1
H8M02,MLS-7/8,RBMS,8,7/8,11,0,1,2 SPA/1 ENG,Bilingual,NA,14,4,3,0,2,NA,Selection,FCT-32,cuidar,Intensional,Intensional subjunctive,Subjunctive,1,1,NA,NA,NA,NA,208160,26928,1534607,-100844.1,-0.897943857,0.01841624678734838,-0.8005284996483579,NA,-0.39105612643050475,-0.5822882554023178,11,-0.8280352654673558,1.1558157201236037,0.9755960048509176,18,1.286570122739224,NA,-0.3083148731923188,1
H8M02,MLS-7/8,RBMS,8,7/8,11,0,1,2 SPA/1 ENG,Bilingual,NA,14,4,3,0,2,NA,Selection,FCT-40,pintar,Intensional,Intensional subjunctive,Subjunctive,1,1,NA,NA,NA,NA,45606,22466,893704,-105306.125,-0.937674734,-0.9171998985793148,-0.8433881203683105,NA,-0.8802940094738126,-0.5822882554023178,11,-0.8280352654673558,1.1558157201236037,0.9755960048509176,18,1.286570122739224,NA,-0.3083148731923188,1
H8M02,MLS-7/8,RBMS,8,7/8,11,0,1,2 SPA/1 ENG,Bilingual,NA,14,4,3,0,2,NA,Selection,FCT-45,tratar,Intensional,Intensional subjunctive,Subjunctive,1,1,NA,NA,NA,NA,590952,203027,9516595,75254.875,0.6700901291788915,2.2216617868367825,0.8909856978332489,NA,1.5563237423350156,-0.5822882554023178,11,-0.8280352654673558,1.1558157201236037,0.9755960048509176,18,1.286570122739224,NA,-0.3083148731923188,1
H8M02,MLS-7/8,RBMS,8,7/8,11,0,1,2 SPA/1 ENG,Bilingual,NA,14,4,3,0,2,NA,Selection,FCT-54,amar,Intensional,Intensional subjunctive,Subjunctive,1,1,NA,NA,NA,NA,60260,28864,1318934,-67512.125,-0.601146551,-0.832855502291293,-0.7819323038362045,NA,-0.8073939030637487,-0.5822882554023178,11,-0.8280352654673558,1.1558157201236037,0.9755960048509176,18,1.286570122739224,NA,-0.3083148731923188,1
H8M03,MLS-7/8,RBMS,8,7/8,7,0,2,2 SPA/0 ENG,Monolingual,NA,8,4,5,0,2,NA,Selection,FCT-02,mirar,Intensional,Intensional subjunctive,Subjunctive,0,0,NA,NA,NA,NA,186441,197558,3683993,69785.875,0.6213926472353051,-0.10659234765645834,0.8384533657585245,NA,0.3659305090510331,-1.5743349127544135,7,-1.6215690615402376,-1.4168063666031272,0.9755960048509176,12,-0.5823422660819624,NA,0.8735588073782344,0
H8M03,MLS-7/8,RBMS,8,7/8,7,0,2,2 SPA/0 ENG,Monolingual,NA,8,4,5,0,2,NA,Selection,FCT-10,llevar,Intensional,Intensional subjunctive,Subjunctive,1,1,NA,NA,NA,NA,418316,301022,13841181,173259.875,1.5427536358311489,1.2280164205491535,1.8322740287278596,NA,1.5301452246385066,-1.5743349127544135,7,-1.6215690615402376,-1.4168063666031272,0.9755960048509176,12,-0.5823422660819624,NA,0.8735588073782344,1
H8M03,MLS-7/8,RBMS,8,7/8,7,0,2,2 SPA/0 ENG,Monolingual,NA,8,4,5,0,2,NA,Selection,FCT-17,peinar,Intensional,Intensional subjunctive,Subjunctive,0,0,NA,NA,NA,NA,6151,3173,91504,-124599.125,-1.109464919,-1.1442920342108076,-1.0287065117959315,NA,-1.0864992730033696,-1.5743349127544135,7,-1.6215690615402376,-1.4168063666031272,0.9755960048509176,12,-0.5823422660819624,NA,0.8735588073782344,0
H8M03,MLS-7/8,RBMS,8,7/8,7,0,2,2 SPA/0 ENG,Monolingual,NA,8,4,5,0,2,NA,Selection,FCT-25,llamar,Intensional,Intensional subjunctive,Subjunctive,1,1,NA,NA,NA,NA,303936,207733,8248273,79960.875,0.7119936490228335,0.5696765783610872,0.9361890539758077,NA,0.7529328161684474,-1.5743349127544135,7,-1.6215690615402376,-1.4168063666031272,0.9755960048509176,12,-0.5823422660819624,NA,0.8735588073782344,1
H8M03,MLS-7/8,RBMS,8,7/8,7,0,2,2 SPA/0 ENG,Monolingual,NA,8,4,5,0,2,NA,Selection,FCT-32,cuidar,Intensional,Intensional subjunctive,Subjunctive,1,1,NA,NA,NA,NA,208160,26928,1534607,-100844.1,-0.897943857,0.01841624678734838,-0.8005284996483579,NA,-0.39105612643050475,-1.5743349127544135,7,-1.6215690615402376,-1.4168063666031272,0.9755960048509176,12,-0.5823422660819624,NA,0.8735588073782344,1
H8M03,MLS-7/8,RBMS,8,7/8,7,0,2,2 SPA/0 ENG,Monolingual,NA,8,4,5,0,2,NA,Selection,FCT-40,pintar,Intensional,Intensional subjunctive,Subjunctive,1,1,NA,NA,NA,NA,45606,22466,893704,-105306.125,-0.937674734,-0.9171998985793148,-0.8433881203683105,NA,-0.8802940094738126,-1.5743349127544135,7,-1.6215690615402376,-1.4168063666031272,0.9755960048509176,12,-0.5823422660819624,NA,0.8735588073782344,1
H8M03,MLS-7/8,RBMS,8,7/8,7,0,2,2 SPA/0 ENG,Monolingual,NA,8,4,5,0,2,NA,Selection,FCT-45,tratar,Intensional,Intensional subjunctive,Subjunctive,1,1,NA,NA,NA,NA,590952,203027,9516595,75254.875,0.6700901291788915,2.2216617868367825,0.8909856978332489,NA,1.5563237423350156,-1.5743349127544135,7,-1.6215690615402376,-1.4168063666031272,0.9755960048509176,12,-0.5823422660819624,NA,0.8735588073782344,1
H8M03,MLS-7/8,RBMS,8,7/8,7,0,2,2 SPA/0 ENG,Monolingual,NA,8,4,5,0,2,NA,Selection,FCT-54,amar,Intensional,Intensional subjunctive,Subjunctive,0,0,NA,NA,NA,NA,60260,28864,1318934,-67512.125,-0.601146551,-0.832855502291293,-0.7819323038362045,NA,-0.8073939030637487,-1.5743349127544135,7,-1.6215690615402376,-1.4168063666031272,0.9755960048509176,12,-0.5823422660819624,NA,0.8735588073782344,0
H8M04,MLS-7/8,RBMS,8,7/8,11,0,2,2 SPA/0 ENG,Monolingual,NA,12,0,0,0,2,NA,Selection,FCT-02,mirar,Intensional,Intensional subjunctive,Subjunctive,0,0,NA,NA,NA,NA,186441,197558,3683993,69785.875,0.6213926472353051,-0.10659234765645834,0.8384533657585245,NA,0.3659305090510331,-0.5822882554023178,11,-0.8280352654673558,0.29827502454802657,-1.7442474026122523,12,-0.5823422660819624,NA,0.8735588073782344,0
H8M04,MLS-7/8,RBMS,8,7/8,11,0,2,2 SPA/0 ENG,Monolingual,NA,12,0,0,0,2,NA,Selection,FCT-10,llevar,Intensional,Intensional subjunctive,Subjunctive,0,0,NA,NA,NA,NA,418316,301022,13841181,173259.875,1.5427536358311489,1.2280164205491535,1.8322740287278596,NA,1.5301452246385066,-0.5822882554023178,11,-0.8280352654673558,0.29827502454802657,-1.7442474026122523,12,-0.5823422660819624,NA,0.8735588073782344,0
H8M04,MLS-7/8,RBMS,8,7/8,11,0,2,2 SPA/0 ENG,Monolingual,NA,12,0,0,0,2,NA,Selection,FCT-17,peinar,Intensional,Intensional subjunctive,Subjunctive,1,1,NA,NA,NA,NA,6151,3173,91504,-124599.125,-1.109464919,-1.1442920342108076,-1.0287065117959315,NA,-1.0864992730033696,-0.5822882554023178,11,-0.8280352654673558,0.29827502454802657,-1.7442474026122523,12,-0.5823422660819624,NA,0.8735588073782344,1
H8M04,MLS-7/8,RBMS,8,7/8,11,0,2,2 SPA/0 ENG,Monolingual,NA,12,0,0,0,2,NA,Selection,FCT-25,llamar,Intensional,Intensional subjunctive,Subjunctive,0,0,NA,NA,NA,NA,303936,207733,8248273,79960.875,0.7119936490228335,0.5696765783610872,0.9361890539758077,NA,0.7529328161684474,-0.5822882554023178,11,-0.8280352654673558,0.29827502454802657,-1.7442474026122523,12,-0.5823422660819624,NA,0.8735588073782344,0
H8M04,MLS-7/8,RBMS,8,7/8,11,0,2,2 SPA/0 ENG,Monolingual,NA,12,0,0,0,2,NA,Selection,FCT-32,cuidar,Intensional,Intensional subjunctive,Subjunctive,0,0,NA,NA,NA,NA,208160,26928,1534607,-100844.1,-0.897943857,0.01841624678734838,-0.8005284996483579,NA,-0.39105612643050475,-0.5822882554023178,11,-0.8280352654673558,0.29827502454802657,-1.7442474026122523,12,-0.5823422660819624,NA,0.8735588073782344,0
H8M04,MLS-7/8,RBMS,8,7/8,11,0,2,2 SPA/0 ENG,Monolingual,NA,12,0,0,0,2,NA,Selection,FCT-40,pintar,Intensional,Intensional subjunctive,Subjunctive,1,1,NA,NA,NA,NA,45606,22466,893704,-105306.125,-0.937674734,-0.9171998985793148,-0.8433881203683105,NA,-0.8802940094738126,-0.5822882554023178,11,-0.8280352654673558,0.29827502454802657,-1.7442474026122523,12,-0.5823422660819624,NA,0.8735588073782344,1
H8M04,MLS-7/8,RBMS,8,7/8,11,0,2,2 SPA/0 ENG,Monolingual,NA,12,0,0,0,2,NA,Selection,FCT-45,tratar,Intensional,Intensional subjunctive,Subjunctive,1,1,NA,NA,NA,NA,590952,203027,9516595,75254.875,0.6700901291788915,2.2216617868367825,0.8909856978332489,NA,1.5563237423350156,-0.5822882554023178,11,-0.8280352654673558,0.29827502454802657,-1.7442474026122523,12,-0.5823422660819624,NA,0.8735588073782344,1
H8M04,MLS-7/8,RBMS,8,7/8,11,0,2,2 SPA/0 ENG,Monolingual,NA,12,0,0,0,2,NA,Selection,FCT-54,amar,Intensional,Intensional subjunctive,Subjunctive,0,0,NA,NA,NA,NA,60260,28864,1318934,-67512.125,-0.601146551,-0.832855502291293,-0.7819323038362045,NA,-0.8073939030637487,-0.5822882554023178,11,-0.8280352654673558,0.29827502454802657,-1.7442474026122523,12,-0.5823422660819624,NA,0.8735588073782344,0
H8M05,MLS-7/8,RBMS,8,7/8,21,4,1,2 SPA/1 ENG,Bilingual,NA,13,2,0,0,2,NA,Selection,FCT-02,mirar,Intensional,Intensional subjunctive,Subjunctive,1,1,NA,NA,NA,NA,186441,197558,3683993,69785.875,0.6213926472353051,-0.10659234765645834,0.8384533657585245,NA,0.3659305090510331,1.8978283879779212,25,1.9493330207877304,0.727045372335815,-0.38432569888066737,15,0.3521139283286309,NA,-0.3083148731923188,1
H8M05,MLS-7/8,RBMS,8,7/8,21,4,1,2 SPA/1 ENG,Bilingual,NA,13,2,0,0,2,NA,Selection,FCT-10,llevar,Intensional,Intensional subjunctive,Subjunctive,1,1,NA,NA,NA,NA,418316,301022,13841181,173259.875,1.5427536358311489,1.2280164205491535,1.8322740287278596,NA,1.5301452246385066,1.8978283879779212,25,1.9493330207877304,0.727045372335815,-0.38432569888066737,15,0.3521139283286309,NA,-0.3083148731923188,1
H8M05,MLS-7/8,RBMS,8,7/8,21,4,1,2 SPA/1 ENG,Bilingual,NA,13,2,0,0,2,NA,Selection,FCT-17,peinar,Intensional,Intensional subjunctive,Subjunctive,1,1,NA,NA,NA,NA,6151,3173,91504,-124599.125,-1.109464919,-1.1442920342108076,-1.0287065117959315,NA,-1.0864992730033696,1.8978283879779212,25,1.9493330207877304,0.727045372335815,-0.38432569888066737,15,0.3521139283286309,NA,-0.3083148731923188,1
H8M05,MLS-7/8,RBMS,8,7/8,21,4,1,2 SPA/1 ENG,Bilingual,NA,13,2,0,0,2,NA,Selection,FCT-25,llamar,Intensional,Intensional subjunctive,Subjunctive,1,1,NA,NA,NA,NA,303936,207733,8248273,79960.875,0.7119936490228335,0.5696765783610872,0.9361890539758077,NA,0.7529328161684474,1.8978283879779212,25,1.9493330207877304,0.727045372335815,-0.38432569888066737,15,0.3521139283286309,NA,-0.3083148731923188,1
H8M05,MLS-7/8,RBMS,8,7/8,21,4,1,2 SPA/1 ENG,Bilingual,NA,13,2,0,0,2,NA,Selection,FCT-32,cuidar,Intensional,Intensional subjunctive,Subjunctive,1,1,NA,NA,NA,NA,208160,26928,1534607,-100844.1,-0.897943857,0.01841624678734838,-0.8005284996483579,NA,-0.39105612643050475,1.8978283879779212,25,1.9493330207877304,0.727045372335815,-0.38432569888066737,15,0.3521139283286309,NA,-0.3083148731923188,1
H8M05,MLS-7/8,RBMS,8,7/8,21,4,1,2 SPA/1 ENG,Bilingual,NA,13,2,0,0,2,NA,Selection,FCT-40,pintar,Intensional,Intensional subjunctive,Subjunctive,1,1,NA,NA,NA,NA,45606,22466,893704,-105306.125,-0.937674734,-0.9171998985793148,-0.8433881203683105,NA,-0.8802940094738126,1.8978283879779212,25,1.9493330207877304,0.727045372335815,-0.38432569888066737,15,0.3521139283286309,NA,-0.3083148731923188,1
H8M05,MLS-7/8,RBMS,8,7/8,21,4,1,2 SPA/1 ENG,Bilingual,NA,13,2,0,0,2,NA,Selection,FCT-45,tratar,Intensional,Intensional subjunctive,Subjunctive,1,1,NA,NA,NA,NA,590952,203027,9516595,75254.875,0.6700901291788915,2.2216617868367825,0.8909856978332489,NA,1.5563237423350156,1.8978283879779212,25,1.9493330207877304,0.727045372335815,-0.38432569888066737,15,0.3521139283286309,NA,-0.3083148731923188,1
H8M05,MLS-7/8,RBMS,8,7/8,21,4,1,2 SPA/1 ENG,Bilingual,NA,13,2,0,0,2,NA,Selection,FCT-54,amar,Intensional,Intensional subjunctive,Subjunctive,1,1,NA,NA,NA,NA,60260,28864,1318934,-67512.125,-0.601146551,-0.832855502291293,-0.7819323038362045,NA,-0.8073939030637487,1.8978283879779212,25,1.9493330207877304,0.727045372335815,-0.38432569888066737,15,0.3521139283286309,NA,-0.3083148731923188,1
H8M06,MLS-7/8,RBMS,8,7/8,15,0,2,2 SPA/0 ENG,Monolingual,NA,14,4,2,0,2,NA,Selection,FCT-02,mirar,Intensional,Intensional subjunctive,Subjunctive,1,1,NA,NA,NA,NA,186441,197558,3683993,69785.875,0.6213926472353051,-0.10659234765645834,0.8384533657585245,NA,0.3659305090510331,0.4097584019497778,15,-0.03450146939447398,1.1558157201236037,0.9755960048509176,18,1.286570122739224,NA,0.8735588073782344,1
H8M06,MLS-7/8,RBMS,8,7/8,15,0,2,2 SPA/0 ENG,Monolingual,NA,14,4,2,0,2,NA,Selection,FCT-10,llevar,Intensional,Intensional subjunctive,Subjunctive,1,1,NA,NA,NA,NA,418316,301022,13841181,173259.875,1.5427536358311489,1.2280164205491535,1.8322740287278596,NA,1.5301452246385066,0.4097584019497778,15,-0.03450146939447398,1.1558157201236037,0.9755960048509176,18,1.286570122739224,NA,0.8735588073782344,1
H8M06,MLS-7/8,RBMS,8,7/8,15,0,2,2 SPA/0 ENG,Monolingual,NA,14,4,2,0,2,NA,Selection,FCT-17,peinar,Intensional,Intensional subjunctive,Subjunctive,1,1,NA,NA,NA,NA,6151,3173,91504,-124599.125,-1.109464919,-1.1442920342108076,-1.0287065117959315,NA,-1.0864992730033696,0.4097584019497778,15,-0.03450146939447398,1.1558157201236037,0.9755960048509176,18,1.286570122739224,NA,0.8735588073782344,1
H8M06,MLS-7/8,RBMS,8,7/8,15,0,2,2 SPA/0 ENG,Monolingual,NA,14,4,2,0,2,NA,Selection,FCT-25,llamar,Intensional,Intensional subjunctive,Subjunctive,1,1,NA,NA,NA,NA,303936,207733,8248273,79960.875,0.7119936490228335,0.5696765783610872,0.9361890539758077,NA,0.7529328161684474,0.4097584019497778,15,-0.03450146939447398,1.1558157201236037,0.9755960048509176,18,1.286570122739224,NA,0.8735588073782344,1
H8M06,MLS-7/8,RBMS,8,7/8,15,0,2,2 SPA/0 ENG,Monolingual,NA,14,4,2,0,2,NA,Selection,FCT-32,cuidar,Intensional,Intensional subjunctive,Subjunctive,1,1,NA,NA,NA,NA,208160,26928,1534607,-100844.1,-0.897943857,0.01841624678734838,-0.8005284996483579,NA,-0.39105612643050475,0.4097584019497778,15,-0.03450146939447398,1.1558157201236037,0.9755960048509176,18,1.286570122739224,NA,0.8735588073782344,1
H8M06,MLS-7/8,RBMS,8,7/8,15,0,2,2 SPA/0 ENG,Monolingual,NA,14,4,2,0,2,NA,Selection,FCT-40,pintar,Intensional,Intensional subjunctive,Subjunctive,1,1,NA,NA,NA,NA,45606,22466,893704,-105306.125,-0.937674734,-0.9171998985793148,-0.8433881203683105,NA,-0.8802940094738126,0.4097584019497778,15,-0.03450146939447398,1.1558157201236037,0.9755960048509176,18,1.286570122739224,NA,0.8735588073782344,1
H8M06,MLS-7/8,RBMS,8,7/8,15,0,2,2 SPA/0 ENG,Monolingual,NA,14,4,2,0,2,NA,Selection,FCT-45,tratar,Intensional,Intensional subjunctive,Subjunctive,1,1,NA,NA,NA,NA,590952,203027,9516595,75254.875,0.6700901291788915,2.2216617868367825,0.8909856978332489,NA,1.5563237423350156,0.4097584019497778,15,-0.03450146939447398,1.1558157201236037,0.9755960048509176,18,1.286570122739224,NA,0.8735588073782344,1
H8M06,MLS-7/8,RBMS,8,7/8,15,0,2,2 SPA/0 ENG,Monolingual,NA,14,4,2,0,2,NA,Selection,FCT-54,amar,Intensional,Intensional subjunctive,Subjunctive,1,1,NA,NA,NA,NA,60260,28864,1318934,-67512.125,-0.601146551,-0.832855502291293,-0.7819323038362045,NA,-0.8073939030637487,0.4097584019497778,15,-0.03450146939447398,1.1558157201236037,0.9755960048509176,18,1.286570122739224,NA,0.8735588073782344,1
H8M07,MLS-7/8,RBMS,8,7/8,11,1,2,2 SPA/0 ENG,Monolingual,NA,12,1,NA,0,2,NA,Selection,FCT-02,mirar,Intensional,Intensional subjunctive,Subjunctive,1,1,NA,NA,NA,NA,186441,197558,3683993,69785.875,0.6213926472353051,-0.10659234765645834,0.8384533657585245,NA,0.3659305090510331,-0.5822882554023178,12,-0.6296518164491354,0.29827502454802657,-1.0642865507464598,13,-0.27085686794509795,NA,0.8735588073782344,1
H8M07,MLS-7/8,RBMS,8,7/8,11,1,2,2 SPA/0 ENG,Monolingual,NA,12,1,NA,0,2,NA,Selection,FCT-10,llevar,Intensional,Intensional subjunctive,Subjunctive,1,1,NA,NA,NA,NA,418316,301022,13841181,173259.875,1.5427536358311489,1.2280164205491535,1.8322740287278596,NA,1.5301452246385066,-0.5822882554023178,12,-0.6296518164491354,0.29827502454802657,-1.0642865507464598,13,-0.27085686794509795,NA,0.8735588073782344,1
H8M07,MLS-7/8,RBMS,8,7/8,11,1,2,2 SPA/0 ENG,Monolingual,NA,12,1,NA,0,2,NA,Selection,FCT-17,peinar,Intensional,Intensional subjunctive,Subjunctive,1,1,NA,NA,NA,NA,6151,3173,91504,-124599.125,-1.109464919,-1.1442920342108076,-1.0287065117959315,NA,-1.0864992730033696,-0.5822882554023178,12,-0.6296518164491354,0.29827502454802657,-1.0642865507464598,13,-0.27085686794509795,NA,0.8735588073782344,1
H8M07,MLS-7/8,RBMS,8,7/8,11,1,2,2 SPA/0 ENG,Monolingual,NA,12,1,NA,0,2,NA,Selection,FCT-25,llamar,Intensional,Intensional subjunctive,Subjunctive,0,0,NA,NA,NA,NA,303936,207733,8248273,79960.875,0.7119936490228335,0.5696765783610872,0.9361890539758077,NA,0.7529328161684474,-0.5822882554023178,12,-0.6296518164491354,0.29827502454802657,-1.0642865507464598,13,-0.27085686794509795,NA,0.8735588073782344,0
H8M07,MLS-7/8,RBMS,8,7/8,11,1,2,2 SPA/0 ENG,Monolingual,NA,12,1,NA,0,2,NA,Selection,FCT-32,cuidar,Intensional,Intensional subjunctive,Subjunctive,1,1,NA,NA,NA,NA,208160,26928,1534607,-100844.1,-0.897943857,0.01841624678734838,-0.8005284996483579,NA,-0.39105612643050475,-0.5822882554023178,12,-0.6296518164491354,0.29827502454802657,-1.0642865507464598,13,-0.27085686794509795,NA,0.8735588073782344,1
H8M07,MLS-7/8,RBMS,8,7/8,11,1,2,2 SPA/0 ENG,Monolingual,NA,12,1,NA,0,2,NA,Selection,FCT-40,pintar,Intensional,Intensional subjunctive,Subjunctive,0,0,NA,NA,NA,NA,45606,22466,893704,-105306.125,-0.937674734,-0.9171998985793148,-0.8433881203683105,NA,-0.8802940094738126,-0.5822882554023178,12,-0.6296518164491354,0.29827502454802657,-1.0642865507464598,13,-0.27085686794509795,NA,0.8735588073782344,0
H8M07,MLS-7/8,RBMS,8,7/8,11,1,2,2 SPA/0 ENG,Monolingual,NA,12,1,NA,0,2,NA,Selection,FCT-45,tratar,Intensional,Intensional subjunctive,Subjunctive,0,0,NA,NA,NA,NA,590952,203027,9516595,75254.875,0.6700901291788915,2.2216617868367825,0.8909856978332489,NA,1.5563237423350156,-0.5822882554023178,12,-0.6296518164491354,0.29827502454802657,-1.0642865507464598,13,-0.27085686794509795,NA,0.8735588073782344,0
H8M07,MLS-7/8,RBMS,8,7/8,11,1,2,2 SPA/0 ENG,Monolingual,NA,12,1,NA,0,2,NA,Selection,FCT-54,amar,Intensional,Intensional subjunctive,Subjunctive,0,0,NA,NA,NA,NA,60260,28864,1318934,-67512.125,-0.601146551,-0.832855502291293,-0.7819323038362045,NA,-0.8073939030637487,-0.5822882554023178,12,-0.6296518164491354,0.29827502454802657,-1.0642865507464598,13,-0.27085686794509795,NA,0.8735588073782344,0
H8M08,MLS-7/8,RBMS,8,7/8,20,3,2,2 SPA/0 ENG,Monolingual,NA,10,4,3,0,2,NA,Selection,FCT-02,mirar,Intensional,Intensional subjunctive,Subjunctive,1,1,NA,NA,NA,NA,186441,197558,3683993,69785.875,0.6213926472353051,-0.10659234765645834,0.8384533657585245,NA,0.3659305090510331,1.6498167236398973,23,1.5525661227512897,-0.5592656710275503,0.9755960048509176,14,0.04062853019176649,NA,0.8735588073782344,1
H8M08,MLS-7/8,RBMS,8,7/8,20,3,2,2 SPA/0 ENG,Monolingual,NA,10,4,3,0,2,NA,Selection,FCT-10,llevar,Intensional,Intensional subjunctive,Subjunctive,0,0,NA,NA,NA,NA,418316,301022,13841181,173259.875,1.5427536358311489,1.2280164205491535,1.8322740287278596,NA,1.5301452246385066,1.6498167236398973,23,1.5525661227512897,-0.5592656710275503,0.9755960048509176,14,0.04062853019176649,NA,0.8735588073782344,0
H8M08,MLS-7/8,RBMS,8,7/8,20,3,2,2 SPA/0 ENG,Monolingual,NA,10,4,3,0,2,NA,Selection,FCT-17,peinar,Intensional,Intensional subjunctive,Subjunctive,1,1,NA,NA,NA,NA,6151,3173,91504,-124599.125,-1.109464919,-1.1442920342108076,-1.0287065117959315,NA,-1.0864992730033696,1.6498167236398973,23,1.5525661227512897,-0.5592656710275503,0.9755960048509176,14,0.04062853019176649,NA,0.8735588073782344,1
H8M08,MLS-7/8,RBMS,8,7/8,20,3,2,2 SPA/0 ENG,Monolingual,NA,10,4,3,0,2,NA,Selection,FCT-25,llamar,Intensional,Intensional subjunctive,Subjunctive,1,1,NA,NA,NA,NA,303936,207733,8248273,79960.875,0.7119936490228335,0.5696765783610872,0.9361890539758077,NA,0.7529328161684474,1.6498167236398973,23,1.5525661227512897,-0.5592656710275503,0.9755960048509176,14,0.04062853019176649,NA,0.8735588073782344,1
H8M08,MLS-7/8,RBMS,8,7/8,20,3,2,2 SPA/0 ENG,Monolingual,NA,10,4,3,0,2,NA,Selection,FCT-32,cuidar,Intensional,Intensional subjunctive,Subjunctive,1,1,NA,NA,NA,NA,208160,26928,1534607,-100844.1,-0.897943857,0.01841624678734838,-0.8005284996483579,NA,-0.39105612643050475,1.6498167236398973,23,1.5525661227512897,-0.5592656710275503,0.9755960048509176,14,0.04062853019176649,NA,0.8735588073782344,1
H8M08,MLS-7/8,RBMS,8,7/8,20,3,2,2 SPA/0 ENG,Monolingual,NA,10,4,3,0,2,NA,Selection,FCT-40,pintar,Intensional,Intensional subjunctive,Subjunctive,1,1,NA,NA,NA,NA,45606,22466,893704,-105306.125,-0.937674734,-0.9171998985793148,-0.8433881203683105,NA,-0.8802940094738126,1.6498167236398973,23,1.5525661227512897,-0.5592656710275503,0.9755960048509176,14,0.04062853019176649,NA,0.8735588073782344,1
H8M08,MLS-7/8,RBMS,8,7/8,20,3,2,2 SPA/0 ENG,Monolingual,NA,10,4,3,0,2,NA,Selection,FCT-45,tratar,Intensional,Intensional subjunctive,Subjunctive,1,1,NA,NA,NA,NA,590952,203027,9516595,75254.875,0.6700901291788915,2.2216617868367825,0.8909856978332489,NA,1.5563237423350156,1.6498167236398973,23,1.5525661227512897,-0.5592656710275503,0.9755960048509176,14,0.04062853019176649,NA,0.8735588073782344,1
H8M08,MLS-7/8,RBMS,8,7/8,20,3,2,2 SPA/0 ENG,Monolingual,NA,10,4,3,0,2,NA,Selection,FCT-54,amar,Intensional,Intensional subjunctive,Subjunctive,1,1,NA,NA,NA,NA,60260,28864,1318934,-67512.125,-0.601146551,-0.832855502291293,-0.7819323038362045,NA,-0.8073939030637487,1.6498167236398973,23,1.5525661227512897,-0.5592656710275503,0.9755960048509176,14,0.04062853019176649,NA,0.8735588073782344,1
H8M09,MLS-7/8,RBMS,8,7/8,16,5,1,2 SPA/1 ENG,Bilingual,NA,10,2,NA,0,2,NA,Selection,FCT-02,mirar,Intensional,Intensional subjunctive,Subjunctive,1,1,NA,NA,NA,NA,186441,197558,3683993,69785.875,0.6213926472353051,-0.10659234765645834,0.8384533657585245,NA,0.3659305090510331,0.6577700662878017,21,1.1557992247148487,-0.5592656710275503,-0.38432569888066737,12,-0.5823422660819624,NA,-0.3083148731923188,1
H8M09,MLS-7/8,RBMS,8,7/8,16,5,1,2 SPA/1 ENG,Bilingual,NA,10,2,NA,0,2,NA,Selection,FCT-10,llevar,Intensional,Intensional subjunctive,Subjunctive,1,1,NA,NA,NA,NA,418316,301022,13841181,173259.875,1.5427536358311489,1.2280164205491535,1.8322740287278596,NA,1.5301452246385066,0.6577700662878017,21,1.1557992247148487,-0.5592656710275503,-0.38432569888066737,12,-0.5823422660819624,NA,-0.3083148731923188,1
H8M09,MLS-7/8,RBMS,8,7/8,16,5,1,2 SPA/1 ENG,Bilingual,NA,10,2,NA,0,2,NA,Selection,FCT-17,peinar,Intensional,Intensional subjunctive,Subjunctive,1,1,NA,NA,NA,NA,6151,3173,91504,-124599.125,-1.109464919,-1.1442920342108076,-1.0287065117959315,NA,-1.0864992730033696,0.6577700662878017,21,1.1557992247148487,-0.5592656710275503,-0.38432569888066737,12,-0.5823422660819624,NA,-0.3083148731923188,1
H8M09,MLS-7/8,RBMS,8,7/8,16,5,1,2 SPA/1 ENG,Bilingual,NA,10,2,NA,0,2,NA,Selection,FCT-25,llamar,Intensional,Intensional subjunctive,Subjunctive,1,1,NA,NA,NA,NA,303936,207733,8248273,79960.875,0.7119936490228335,0.5696765783610872,0.9361890539758077,NA,0.7529328161684474,0.6577700662878017,21,1.1557992247148487,-0.5592656710275503,-0.38432569888066737,12,-0.5823422660819624,NA,-0.3083148731923188,1
H8M09,MLS-7/8,RBMS,8,7/8,16,5,1,2 SPA/1 ENG,Bilingual,NA,10,2,NA,0,2,NA,Selection,FCT-32,cuidar,Intensional,Intensional subjunctive,Subjunctive,0,0,NA,NA,NA,NA,208160,26928,1534607,-100844.1,-0.897943857,0.01841624678734838,-0.8005284996483579,NA,-0.39105612643050475,0.6577700662878017,21,1.1557992247148487,-0.5592656710275503,-0.38432569888066737,12,-0.5823422660819624,NA,-0.3083148731923188,0
H8M09,MLS-7/8,RBMS,8,7/8,16,5,1,2 SPA/1 ENG,Bilingual,NA,10,2,NA,0,2,NA,Selection,FCT-40,pintar,Intensional,Intensional subjunctive,Subjunctive,1,1,NA,NA,NA,NA,45606,22466,893704,-105306.125,-0.937674734,-0.9171998985793148,-0.8433881203683105,NA,-0.8802940094738126,0.6577700662878017,21,1.1557992247148487,-0.5592656710275503,-0.38432569888066737,12,-0.5823422660819624,NA,-0.3083148731923188,1
H8M09,MLS-7/8,RBMS,8,7/8,16,5,1,2 SPA/1 ENG,Bilingual,NA,10,2,NA,0,2,NA,Selection,FCT-45,tratar,Intensional,Intensional subjunctive,Subjunctive,0,0,NA,NA,NA,NA,590952,203027,9516595,75254.875,0.6700901291788915,2.2216617868367825,0.8909856978332489,NA,1.5563237423350156,0.6577700662878017,21,1.1557992247148487,-0.5592656710275503,-0.38432569888066737,12,-0.5823422660819624,NA,-0.3083148731923188,0
H8M09,MLS-7/8,RBMS,8,7/8,16,5,1,2 SPA/1 ENG,Bilingual,NA,10,2,NA,0,2,NA,Selection,FCT-54,amar,Intensional,Intensional subjunctive,Subjunctive,0,0,NA,NA,NA,NA,60260,28864,1318934,-67512.125,-0.601146551,-0.832855502291293,-0.7819323038362045,NA,-0.8073939030637487,0.6577700662878017,21,1.1557992247148487,-0.5592656710275503,-0.38432569888066737,12,-0.5823422660819624,NA,-0.3083148731923188,0
H8M10,MLS-7/8,RBMS,8,7/8,17,1,2,2 SPA/0 ENG,Monolingual,NA,12,3,NA,0,2,NA,Selection,FCT-02,mirar,Intensional,Intensional subjunctive,Subjunctive,1,1,NA,NA,NA,NA,186441,197558,3683993,69785.875,0.6213926472353051,-0.10659234765645834,0.8384533657585245,NA,0.3659305090510331,0.9057817306258256,18,0.5606488776601875,0.29827502454802657,0.29563515298512516,15,0.3521139283286309,NA,0.8735588073782344,1
H8M10,MLS-7/8,RBMS,8,7/8,17,1,2,2 SPA/0 ENG,Monolingual,NA,12,3,NA,0,2,NA,Selection,FCT-10,llevar,Intensional,Intensional subjunctive,Subjunctive,1,1,NA,NA,NA,NA,418316,301022,13841181,173259.875,1.5427536358311489,1.2280164205491535,1.8322740287278596,NA,1.5301452246385066,0.9057817306258256,18,0.5606488776601875,0.29827502454802657,0.29563515298512516,15,0.3521139283286309,NA,0.8735588073782344,1
H8M10,MLS-7/8,RBMS,8,7/8,17,1,2,2 SPA/0 ENG,Monolingual,NA,12,3,NA,0,2,NA,Selection,FCT-17,peinar,Intensional,Intensional subjunctive,Subjunctive,1,1,NA,NA,NA,NA,6151,3173,91504,-124599.125,-1.109464919,-1.1442920342108076,-1.0287065117959315,NA,-1.0864992730033696,0.9057817306258256,18,0.5606488776601875,0.29827502454802657,0.29563515298512516,15,0.3521139283286309,NA,0.8735588073782344,1
H8M10,MLS-7/8,RBMS,8,7/8,17,1,2,2 SPA/0 ENG,Monolingual,NA,12,3,NA,0,2,NA,Selection,FCT-25,llamar,Intensional,Intensional subjunctive,Subjunctive,1,1,NA,NA,NA,NA,303936,207733,8248273,79960.875,0.7119936490228335,0.5696765783610872,0.9361890539758077,NA,0.7529328161684474,0.9057817306258256,18,0.5606488776601875,0.29827502454802657,0.29563515298512516,15,0.3521139283286309,NA,0.8735588073782344,1
H8M10,MLS-7/8,RBMS,8,7/8,17,1,2,2 SPA/0 ENG,Monolingual,NA,12,3,NA,0,2,NA,Selection,FCT-32,cuidar,Intensional,Intensional subjunctive,Subjunctive,1,1,NA,NA,NA,NA,208160,26928,1534607,-100844.1,-0.897943857,0.01841624678734838,-0.8005284996483579,NA,-0.39105612643050475,0.9057817306258256,18,0.5606488776601875,0.29827502454802657,0.29563515298512516,15,0.3521139283286309,NA,0.8735588073782344,1
H8M10,MLS-7/8,RBMS,8,7/8,17,1,2,2 SPA/0 ENG,Monolingual,NA,12,3,NA,0,2,NA,Selection,FCT-40,pintar,Intensional,Intensional subjunctive,Subjunctive,1,1,NA,NA,NA,NA,45606,22466,893704,-105306.125,-0.937674734,-0.9171998985793148,-0.8433881203683105,NA,-0.8802940094738126,0.9057817306258256,18,0.5606488776601875,0.29827502454802657,0.29563515298512516,15,0.3521139283286309,NA,0.8735588073782344,1
H8M10,MLS-7/8,RBMS,8,7/8,17,1,2,2 SPA/0 ENG,Monolingual,NA,12,3,NA,0,2,NA,Selection,FCT-45,tratar,Intensional,Intensional subjunctive,Subjunctive,1,1,NA,NA,NA,NA,590952,203027,9516595,75254.875,0.6700901291788915,2.2216617868367825,0.8909856978332489,NA,1.5563237423350156,0.9057817306258256,18,0.5606488776601875,0.29827502454802657,0.29563515298512516,15,0.3521139283286309,NA,0.8735588073782344,1
H8M10,MLS-7/8,RBMS,8,7/8,17,1,2,2 SPA/0 ENG,Monolingual,NA,12,3,NA,0,2,NA,Selection,FCT-54,amar,Intensional,Intensional subjunctive,Subjunctive,1,1,NA,NA,NA,NA,60260,28864,1318934,-67512.125,-0.601146551,-0.832855502291293,-0.7819323038362045,NA,-0.8073939030637487,0.9057817306258256,18,0.5606488776601875,0.29827502454802657,0.29563515298512516,15,0.3521139283286309,NA,0.8735588073782344,1
H8M11,MLS-7/8,RBMS,8,7/8,9,0,2,2 SPA/0 ENG,Monolingual,NA,7,1,NA,0,2,NA,Selection,FCT-02,mirar,Intensional,Intensional subjunctive,Subjunctive,1,1,NA,NA,NA,NA,186441,197558,3683993,69785.875,0.6213926472353051,-0.10659234765645834,0.8384533657585245,NA,0.3659305090510331,-1.0783115840783657,9,-1.224802163503797,-1.8455767143909156,-1.0642865507464598,8,-1.8282838586294199,NA,0.8735588073782344,1
H8M11,MLS-7/8,RBMS,8,7/8,9,0,2,2 SPA/0 ENG,Monolingual,NA,7,1,NA,0,2,NA,Selection,FCT-10,llevar,Intensional,Intensional subjunctive,Subjunctive,0,0,NA,NA,NA,NA,418316,301022,13841181,173259.875,1.5427536358311489,1.2280164205491535,1.8322740287278596,NA,1.5301452246385066,-1.0783115840783657,9,-1.224802163503797,-1.8455767143909156,-1.0642865507464598,8,-1.8282838586294199,NA,0.8735588073782344,0
H8M11,MLS-7/8,RBMS,8,7/8,9,0,2,2 SPA/0 ENG,Monolingual,NA,7,1,NA,0,2,NA,Selection,FCT-17,peinar,Intensional,Intensional subjunctive,Subjunctive,0,0,NA,NA,NA,NA,6151,3173,91504,-124599.125,-1.109464919,-1.1442920342108076,-1.0287065117959315,NA,-1.0864992730033696,-1.0783115840783657,9,-1.224802163503797,-1.8455767143909156,-1.0642865507464598,8,-1.8282838586294199,NA,0.8735588073782344,0
H8M11,MLS-7/8,RBMS,8,7/8,9,0,2,2 SPA/0 ENG,Monolingual,NA,7,1,NA,0,2,NA,Selection,FCT-25,llamar,Intensional,Intensional subjunctive,Subjunctive,1,1,NA,NA,NA,NA,303936,207733,8248273,79960.875,0.7119936490228335,0.5696765783610872,0.9361890539758077,NA,0.7529328161684474,-1.0783115840783657,9,-1.224802163503797,-1.8455767143909156,-1.0642865507464598,8,-1.8282838586294199,NA,0.8735588073782344,1
H8M11,MLS-7/8,RBMS,8,7/8,9,0,2,2 SPA/0 ENG,Monolingual,NA,7,1,NA,0,2,NA,Selection,FCT-32,cuidar,Intensional,Intensional subjunctive,Subjunctive,0,0,NA,NA,NA,NA,208160,26928,1534607,-100844.1,-0.897943857,0.01841624678734838,-0.8005284996483579,NA,-0.39105612643050475,-1.0783115840783657,9,-1.224802163503797,-1.8455767143909156,-1.0642865507464598,8,-1.8282838586294199,NA,0.8735588073782344,0
H8M11,MLS-7/8,RBMS,8,7/8,9,0,2,2 SPA/0 ENG,Monolingual,NA,7,1,NA,0,2,NA,Selection,FCT-40,pintar,Intensional,Intensional subjunctive,Subjunctive,1,1,NA,NA,NA,NA,45606,22466,893704,-105306.125,-0.937674734,-0.9171998985793148,-0.8433881203683105,NA,-0.8802940094738126,-1.0783115840783657,9,-1.224802163503797,-1.8455767143909156,-1.0642865507464598,8,-1.8282838586294199,NA,0.8735588073782344,1
H8M11,MLS-7/8,RBMS,8,7/8,9,0,2,2 SPA/0 ENG,Monolingual,NA,7,1,NA,0,2,NA,Selection,FCT-45,tratar,Intensional,Intensional subjunctive,Subjunctive,0,0,NA,NA,NA,NA,590952,203027,9516595,75254.875,0.6700901291788915,2.2216617868367825,0.8909856978332489,NA,1.5563237423350156,-1.0783115840783657,9,-1.224802163503797,-1.8455767143909156,-1.0642865507464598,8,-1.8282838586294199,NA,0.8735588073782344,0
H8M11,MLS-7/8,RBMS,8,7/8,9,0,2,2 SPA/0 ENG,Monolingual,NA,7,1,NA,0,2,NA,Selection,FCT-54,amar,Intensional,Intensional subjunctive,Subjunctive,0,0,NA,NA,NA,NA,60260,28864,1318934,-67512.125,-0.601146551,-0.832855502291293,-0.7819323038362045,NA,-0.8073939030637487,-1.0783115840783657,9,-1.224802163503797,-1.8455767143909156,-1.0642865507464598,8,-1.8282838586294199,NA,0.8735588073782344,0
H8M12,MLS-7/8,RBMS,8,7/8,20,5,0,2 SPA/2 ENG,Bilingual,NA,13,4,4,0,2,NA,Selection,FCT-02,mirar,Intensional,Intensional subjunctive,Subjunctive,1,1,NA,NA,NA,NA,186441,197558,3683993,69785.875,0.6213926472353051,-0.10659234765645834,0.8384533657585245,NA,0.3659305090510331,1.6498167236398973,25,1.9493330207877304,0.727045372335815,0.9755960048509176,17,0.9750847246023596,NA,-1.490188553762872,1
H8M12,MLS-7/8,RBMS,8,7/8,20,5,0,2 SPA/2 ENG,Bilingual,NA,13,4,4,0,2,NA,Selection,FCT-10,llevar,Intensional,Intensional subjunctive,Subjunctive,1,1,NA,NA,NA,NA,418316,301022,13841181,173259.875,1.5427536358311489,1.2280164205491535,1.8322740287278596,NA,1.5301452246385066,1.6498167236398973,25,1.9493330207877304,0.727045372335815,0.9755960048509176,17,0.9750847246023596,NA,-1.490188553762872,1
H8M12,MLS-7/8,RBMS,8,7/8,20,5,0,2 SPA/2 ENG,Bilingual,NA,13,4,4,0,2,NA,Selection,FCT-17,peinar,Intensional,Intensional subjunctive,Subjunctive,1,1,NA,NA,NA,NA,6151,3173,91504,-124599.125,-1.109464919,-1.1442920342108076,-1.0287065117959315,NA,-1.0864992730033696,1.6498167236398973,25,1.9493330207877304,0.727045372335815,0.9755960048509176,17,0.9750847246023596,NA,-1.490188553762872,1
H8M12,MLS-7/8,RBMS,8,7/8,20,5,0,2 SPA/2 ENG,Bilingual,NA,13,4,4,0,2,NA,Selection,FCT-25,llamar,Intensional,Intensional subjunctive,Subjunctive,1,1,NA,NA,NA,NA,303936,207733,8248273,79960.875,0.7119936490228335,0.5696765783610872,0.9361890539758077,NA,0.7529328161684474,1.6498167236398973,25,1.9493330207877304,0.727045372335815,0.9755960048509176,17,0.9750847246023596,NA,-1.490188553762872,1
H8M12,MLS-7/8,RBMS,8,7/8,20,5,0,2 SPA/2 ENG,Bilingual,NA,13,4,4,0,2,NA,Selection,FCT-32,cuidar,Intensional,Intensional subjunctive,Subjunctive,1,1,NA,NA,NA,NA,208160,26928,1534607,-100844.1,-0.897943857,0.01841624678734838,-0.8005284996483579,NA,-0.39105612643050475,1.6498167236398973,25,1.9493330207877304,0.727045372335815,0.9755960048509176,17,0.9750847246023596,NA,-1.490188553762872,1
H8M12,MLS-7/8,RBMS,8,7/8,20,5,0,2 SPA/2 ENG,Bilingual,NA,13,4,4,0,2,NA,Selection,FCT-40,pintar,Intensional,Intensional subjunctive,Subjunctive,1,1,NA,NA,NA,NA,45606,22466,893704,-105306.125,-0.937674734,-0.9171998985793148,-0.8433881203683105,NA,-0.8802940094738126,1.6498167236398973,25,1.9493330207877304,0.727045372335815,0.9755960048509176,17,0.9750847246023596,NA,-1.490188553762872,1
H8M12,MLS-7/8,RBMS,8,7/8,20,5,0,2 SPA/2 ENG,Bilingual,NA,13,4,4,0,2,NA,Selection,FCT-45,tratar,Intensional,Intensional subjunctive,Subjunctive,1,1,NA,NA,NA,NA,590952,203027,9516595,75254.875,0.6700901291788915,2.2216617868367825,0.8909856978332489,NA,1.5563237423350156,1.6498167236398973,25,1.9493330207877304,0.727045372335815,0.9755960048509176,17,0.9750847246023596,NA,-1.490188553762872,1
H8M12,MLS-7/8,RBMS,8,7/8,20,5,0,2 SPA/2 ENG,Bilingual,NA,13,4,4,0,2,NA,Selection,FCT-54,amar,Intensional,Intensional subjunctive,Subjunctive,1,1,NA,NA,NA,NA,60260,28864,1318934,-67512.125,-0.601146551,-0.832855502291293,-0.7819323038362045,NA,-0.8073939030637487,1.6498167236398973,25,1.9493330207877304,0.727045372335815,0.9755960048509176,17,0.9750847246023596,NA,-1.490188553762872,1
H8M13,MLS-7/8,RBMS,8,7/8,13,2,0,2 SPA/2 ENG,Bilingual,NA,12,4,4,0,2,NA,Selection,FCT-02,mirar,Intensional,Intensional subjunctive,Subjunctive,1,1,NA,NA,NA,NA,186441,197558,3683993,69785.875,0.6213926472353051,-0.10659234765645834,0.8384533657585245,NA,0.3659305090510331,-0.08626492672627001,15,-0.03450146939447398,0.29827502454802657,0.9755960048509176,16,0.6635993264654954,NA,-1.490188553762872,1
H8M13,MLS-7/8,RBMS,8,7/8,13,2,0,2 SPA/2 ENG,Bilingual,NA,12,4,4,0,2,NA,Selection,FCT-10,llevar,Intensional,Intensional subjunctive,Subjunctive,1,1,NA,NA,NA,NA,418316,301022,13841181,173259.875,1.5427536358311489,1.2280164205491535,1.8322740287278596,NA,1.5301452246385066,-0.08626492672627001,15,-0.03450146939447398,0.29827502454802657,0.9755960048509176,16,0.6635993264654954,NA,-1.490188553762872,1
H8M13,MLS-7/8,RBMS,8,7/8,13,2,0,2 SPA/2 ENG,Bilingual,NA,12,4,4,0,2,NA,Selection,FCT-17,peinar,Intensional,Intensional subjunctive,Subjunctive,1,1,NA,NA,NA,NA,6151,3173,91504,-124599.125,-1.109464919,-1.1442920342108076,-1.0287065117959315,NA,-1.0864992730033696,-0.08626492672627001,15,-0.03450146939447398,0.29827502454802657,0.9755960048509176,16,0.6635993264654954,NA,-1.490188553762872,1
H8M13,MLS-7/8,RBMS,8,7/8,13,2,0,2 SPA/2 ENG,Bilingual,NA,12,4,4,0,2,NA,Selection,FCT-25,llamar,Intensional,Intensional subjunctive,Subjunctive,1,1,NA,NA,NA,NA,303936,207733,8248273,79960.875,0.7119936490228335,0.5696765783610872,0.9361890539758077,NA,0.7529328161684474,-0.08626492672627001,15,-0.03450146939447398,0.29827502454802657,0.9755960048509176,16,0.6635993264654954,NA,-1.490188553762872,1
H8M13,MLS-7/8,RBMS,8,7/8,13,2,0,2 SPA/2 ENG,Bilingual,NA,12,4,4,0,2,NA,Selection,FCT-32,cuidar,Intensional,Intensional subjunctive,Subjunctive,1,1,NA,NA,NA,NA,208160,26928,1534607,-100844.1,-0.897943857,0.01841624678734838,-0.8005284996483579,NA,-0.39105612643050475,-0.08626492672627001,15,-0.03450146939447398,0.29827502454802657,0.9755960048509176,16,0.6635993264654954,NA,-1.490188553762872,1
H8M13,MLS-7/8,RBMS,8,7/8,13,2,0,2 SPA/2 ENG,Bilingual,NA,12,4,4,0,2,NA,Selection,FCT-40,pintar,Intensional,Intensional subjunctive,Subjunctive,1,1,NA,NA,NA,NA,45606,22466,893704,-105306.125,-0.937674734,-0.9171998985793148,-0.8433881203683105,NA,-0.8802940094738126,-0.08626492672627001,15,-0.03450146939447398,0.29827502454802657,0.9755960048509176,16,0.6635993264654954,NA,-1.490188553762872,1
H8M13,MLS-7/8,RBMS,8,7/8,13,2,0,2 SPA/2 ENG,Bilingual,NA,12,4,4,0,2,NA,Selection,FCT-45,tratar,Intensional,Intensional subjunctive,Subjunctive,1,1,NA,NA,NA,NA,590952,203027,9516595,75254.875,0.6700901291788915,2.2216617868367825,0.8909856978332489,NA,1.5563237423350156,-0.08626492672627001,15,-0.03450146939447398,0.29827502454802657,0.9755960048509176,16,0.6635993264654954,NA,-1.490188553762872,1
H8M13,MLS-7/8,RBMS,8,7/8,13,2,0,2 SPA/2 ENG,Bilingual,NA,12,4,4,0,2,NA,Selection,FCT-54,amar,Intensional,Intensional subjunctive,Subjunctive,1,1,NA,NA,NA,NA,60260,28864,1318934,-67512.125,-0.601146551,-0.832855502291293,-0.7819323038362045,NA,-0.8073939030637487,-0.08626492672627001,15,-0.03450146939447398,0.29827502454802657,0.9755960048509176,16,0.6635993264654954,NA,-1.490188553762872,1
H5B01,DLBE-5,GBCS,5,5,22,4,2,2 SPA/0 ENG,Monolingual,NA,11,0,NA,0,2,NA,Selection,FCT-02,mirar,Intensional,Intensional subjunctive,Subjunctive,1,1,NA,NA,NA,NA,186441,197558,3683993,69785.875,0.6213926472353051,-0.10659234765645834,0.8384533657585245,NA,0.3659305090510331,1.0814520785015684,26,0.97539003523358,0.5185165555736684,-1.151652061102028,11,-0.03793831847488329,NA,1.296245776733832,1
H5B01,DLBE-5,GBCS,5,5,22,4,2,2 SPA/0 ENG,Monolingual,NA,11,0,NA,0,2,NA,Selection,FCT-10,llevar,Intensional,Intensional subjunctive,Subjunctive,0,0,NA,NA,NA,NA,418316,301022,13841181,173259.875,1.5427536358311489,1.2280164205491535,1.8322740287278596,NA,1.5301452246385066,1.0814520785015684,26,0.97539003523358,0.5185165555736684,-1.151652061102028,11,-0.03793831847488329,NA,1.296245776733832,0
H5B01,DLBE-5,GBCS,5,5,22,4,2,2 SPA/0 ENG,Monolingual,NA,11,0,NA,0,2,NA,Selection,FCT-17,peinar,Intensional,Intensional subjunctive,Subjunctive,1,1,NA,NA,NA,NA,6151,3173,91504,-124599.125,-1.109464919,-1.1442920342108076,-1.0287065117959315,NA,-1.0864992730033696,1.0814520785015684,26,0.97539003523358,0.5185165555736684,-1.151652061102028,11,-0.03793831847488329,NA,1.296245776733832,1
H5B01,DLBE-5,GBCS,5,5,22,4,2,2 SPA/0 ENG,Monolingual,NA,11,0,NA,0,2,NA,Selection,FCT-25,llamar,Intensional,Intensional subjunctive,Subjunctive,0,0,NA,NA,NA,NA,303936,207733,8248273,79960.875,0.7119936490228335,0.5696765783610872,0.9361890539758077,NA,0.7529328161684474,1.0814520785015684,26,0.97539003523358,0.5185165555736684,-1.151652061102028,11,-0.03793831847488329,NA,1.296245776733832,0
H5B01,DLBE-5,GBCS,5,5,22,4,2,2 SPA/0 ENG,Monolingual,NA,11,0,NA,0,2,NA,Selection,FCT-32,cuidar,Intensional,Intensional subjunctive,Subjunctive,0,0,NA,NA,NA,NA,208160,26928,1534607,-100844.1,-0.897943857,0.01841624678734838,-0.8005284996483579,NA,-0.39105612643050475,1.0814520785015684,26,0.97539003523358,0.5185165555736684,-1.151652061102028,11,-0.03793831847488329,NA,1.296245776733832,0
H5B01,DLBE-5,GBCS,5,5,22,4,2,2 SPA/0 ENG,Monolingual,NA,11,0,NA,0,2,NA,Selection,FCT-40,pintar,Intensional,Intensional subjunctive,Subjunctive,1,1,NA,NA,NA,NA,45606,22466,893704,-105306.125,-0.937674734,-0.9171998985793148,-0.8433881203683105,NA,-0.8802940094738126,1.0814520785015684,26,0.97539003523358,0.5185165555736684,-1.151652061102028,11,-0.03793831847488329,NA,1.296245776733832,1
H5B01,DLBE-5,GBCS,5,5,22,4,2,2 SPA/0 ENG,Monolingual,NA,11,0,NA,0,2,NA,Selection,FCT-45,tratar,Intensional,Intensional subjunctive,Subjunctive,1,1,NA,NA,NA,NA,590952,203027,9516595,75254.875,0.6700901291788915,2.2216617868367825,0.8909856978332489,NA,1.5563237423350156,1.0814520785015684,26,0.97539003523358,0.5185165555736684,-1.151652061102028,11,-0.03793831847488329,NA,1.296245776733832,1
H5B01,DLBE-5,GBCS,5,5,22,4,2,2 SPA/0 ENG,Monolingual,NA,11,0,NA,0,2,NA,Selection,FCT-54,amar,Intensional,Intensional subjunctive,Subjunctive,0,0,NA,NA,NA,NA,60260,28864,1318934,-67512.125,-0.601146551,-0.832855502291293,-0.7819323038362045,NA,-0.8073939030637487,1.0814520785015684,26,0.97539003523358,0.5185165555736684,-1.151652061102028,11,-0.03793831847488329,NA,1.296245776733832,0
H5B02,DLBE-5,GBCS,5,5,20,5,0,2 SPA/2 ENG,Bilingual,NA,13,1,NA,0,2,NA,Selection,FCT-02,mirar,Intensional,Intensional subjunctive,Subjunctive,1,1,NA,NA,NA,NA,186441,197558,3683993,69785.875,0.6213926472353051,-0.10659234765645834,0.8384533657585245,NA,0.3659305090510331,0.7500393447672166,25,0.8410972042956233,1.1342549653173994,-0.5264695136466421,14,0.682889732547895,NA,-1.0493418192607242,1
H5B02,DLBE-5,GBCS,5,5,20,5,0,2 SPA/2 ENG,Bilingual,NA,13,1,NA,0,2,NA,Selection,FCT-10,llevar,Intensional,Intensional subjunctive,Subjunctive,0,0,NA,NA,NA,NA,418316,301022,13841181,173259.875,1.5427536358311489,1.2280164205491535,1.8322740287278596,NA,1.5301452246385066,0.7500393447672166,25,0.8410972042956233,1.1342549653173994,-0.5264695136466421,14,0.682889732547895,NA,-1.0493418192607242,0
H5B02,DLBE-5,GBCS,5,5,20,5,0,2 SPA/2 ENG,Bilingual,NA,13,1,NA,0,2,NA,Selection,FCT-17,peinar,Intensional,Intensional subjunctive,Subjunctive,0,0,NA,NA,NA,NA,6151,3173,91504,-124599.125,-1.109464919,-1.1442920342108076,-1.0287065117959315,NA,-1.0864992730033696,0.7500393447672166,25,0.8410972042956233,1.1342549653173994,-0.5264695136466421,14,0.682889732547895,NA,-1.0493418192607242,0
H5B02,DLBE-5,GBCS,5,5,20,5,0,2 SPA/2 ENG,Bilingual,NA,13,1,NA,0,2,NA,Selection,FCT-25,llamar,Intensional,Intensional subjunctive,Subjunctive,0,0,NA,NA,NA,NA,303936,207733,8248273,79960.875,0.7119936490228335,0.5696765783610872,0.9361890539758077,NA,0.7529328161684474,0.7500393447672166,25,0.8410972042956233,1.1342549653173994,-0.5264695136466421,14,0.682889732547895,NA,-1.0493418192607242,0
H5B02,DLBE-5,GBCS,5,5,20,5,0,2 SPA/2 ENG,Bilingual,NA,13,1,NA,0,2,NA,Selection,FCT-32,cuidar,Intensional,Intensional subjunctive,Subjunctive,0,0,NA,NA,NA,NA,208160,26928,1534607,-100844.1,-0.897943857,0.01841624678734838,-0.8005284996483579,NA,-0.39105612643050475,0.7500393447672166,25,0.8410972042956233,1.1342549653173994,-0.5264695136466421,14,0.682889732547895,NA,-1.0493418192607242,0
H5B02,DLBE-5,GBCS,5,5,20,5,0,2 SPA/2 ENG,Bilingual,NA,13,1,NA,0,2,NA,Selection,FCT-40,pintar,Intensional,Intensional subjunctive,Subjunctive,1,1,NA,NA,NA,NA,45606,22466,893704,-105306.125,-0.937674734,-0.9171998985793148,-0.8433881203683105,NA,-0.8802940094738126,0.7500393447672166,25,0.8410972042956233,1.1342549653173994,-0.5264695136466421,14,0.682889732547895,NA,-1.0493418192607242,1
H5B02,DLBE-5,GBCS,5,5,20,5,0,2 SPA/2 ENG,Bilingual,NA,13,1,NA,0,2,NA,Selection,FCT-45,tratar,Intensional,Intensional subjunctive,Subjunctive,1,1,NA,NA,NA,NA,590952,203027,9516595,75254.875,0.6700901291788915,2.2216617868367825,0.8909856978332489,NA,1.5563237423350156,0.7500393447672166,25,0.8410972042956233,1.1342549653173994,-0.5264695136466421,14,0.682889732547895,NA,-1.0493418192607242,1
H5B02,DLBE-5,GBCS,5,5,20,5,0,2 SPA/2 ENG,Bilingual,NA,13,1,NA,0,2,NA,Selection,FCT-54,amar,Intensional,Intensional subjunctive,Subjunctive,0,0,NA,NA,NA,NA,60260,28864,1318934,-67512.125,-0.601146551,-0.832855502291293,-0.7819323038362045,NA,-0.8073939030637487,0.7500393447672166,25,0.8410972042956233,1.1342549653173994,-0.5264695136466421,14,0.682889732547895,NA,-1.0493418192607242,0
H5B03,DLBE-5,GBCS,5,5,6,3,1,2 SPA/1 ENG,Bilingual,NA,0,0,NA,0,2,NA,Selection,FCT-02,mirar,Intensional,Intensional subjunctive,Subjunctive,0,0,NA,NA,NA,NA,186441,197558,3683993,69785.875,0.6213926472353051,-0.10659234765645834,0.8384533657585245,NA,0.3659305090510331,-1.5698497913732463,9,-1.307588090711683,-2.868044698016853,-1.151652061102028,0,-2.6809745055584036,NA,0.12345197873655388,0
H5B03,DLBE-5,GBCS,5,5,6,3,1,2 SPA/1 ENG,Bilingual,NA,0,0,NA,0,2,NA,Selection,FCT-10,llevar,Intensional,Intensional subjunctive,Subjunctive,0,0,NA,NA,NA,NA,418316,301022,13841181,173259.875,1.5427536358311489,1.2280164205491535,1.8322740287278596,NA,1.5301452246385066,-1.5698497913732463,9,-1.307588090711683,-2.868044698016853,-1.151652061102028,0,-2.6809745055584036,NA,0.12345197873655388,0
H5B03,DLBE-5,GBCS,5,5,6,3,1,2 SPA/1 ENG,Bilingual,NA,0,0,NA,0,2,NA,Selection,FCT-17,peinar,Intensional,Intensional subjunctive,Subjunctive,0,0,NA,NA,NA,NA,6151,3173,91504,-124599.125,-1.109464919,-1.1442920342108076,-1.0287065117959315,NA,-1.0864992730033696,-1.5698497913732463,9,-1.307588090711683,-2.868044698016853,-1.151652061102028,0,-2.6809745055584036,NA,0.12345197873655388,0
H5B03,DLBE-5,GBCS,5,5,6,3,1,2 SPA/1 ENG,Bilingual,NA,0,0,NA,0,2,NA,Selection,FCT-25,llamar,Intensional,Intensional subjunctive,Subjunctive,1,1,NA,NA,NA,NA,303936,207733,8248273,79960.875,0.7119936490228335,0.5696765783610872,0.9361890539758077,NA,0.7529328161684474,-1.5698497913732463,9,-1.307588090711683,-2.868044698016853,-1.151652061102028,0,-2.6809745055584036,NA,0.12345197873655388,1
H5B03,DLBE-5,GBCS,5,5,6,3,1,2 SPA/1 ENG,Bilingual,NA,0,0,NA,0,2,NA,Selection,FCT-32,cuidar,Intensional,Intensional subjunctive,Subjunctive,0,0,NA,NA,NA,NA,208160,26928,1534607,-100844.1,-0.897943857,0.01841624678734838,-0.8005284996483579,NA,-0.39105612643050475,-1.5698497913732463,9,-1.307588090711683,-2.868044698016853,-1.151652061102028,0,-2.6809745055584036,NA,0.12345197873655388,0
H5B03,DLBE-5,GBCS,5,5,6,3,1,2 SPA/1 ENG,Bilingual,NA,0,0,NA,0,2,NA,Selection,FCT-40,pintar,Intensional,Intensional subjunctive,Subjunctive,1,1,NA,NA,NA,NA,45606,22466,893704,-105306.125,-0.937674734,-0.9171998985793148,-0.8433881203683105,NA,-0.8802940094738126,-1.5698497913732463,9,-1.307588090711683,-2.868044698016853,-1.151652061102028,0,-2.6809745055584036,NA,0.12345197873655388,1
H5B03,DLBE-5,GBCS,5,5,6,3,1,2 SPA/1 ENG,Bilingual,NA,0,0,NA,0,2,NA,Selection,FCT-45,tratar,Intensional,Intensional subjunctive,Subjunctive,0,0,NA,NA,NA,NA,590952,203027,9516595,75254.875,0.6700901291788915,2.2216617868367825,0.8909856978332489,NA,1.5563237423350156,-1.5698497913732463,9,-1.307588090711683,-2.868044698016853,-1.151652061102028,0,-2.6809745055584036,NA,0.12345197873655388,0
H5B03,DLBE-5,GBCS,5,5,6,3,1,2 SPA/1 ENG,Bilingual,NA,0,0,NA,0,2,NA,Selection,FCT-54,amar,Intensional,Intensional subjunctive,Subjunctive,1,1,NA,NA,NA,NA,60260,28864,1318934,-67512.125,-0.601146551,-0.832855502291293,-0.7819323038362045,NA,-0.8073939030637487,-1.5698497913732463,9,-1.307588090711683,-2.868044698016853,-1.151652061102028,0,-2.6809745055584036,NA,0.12345197873655388,1
H5B04,DLBE-5,GBCS,5,5,11,2,2,2 SPA/0 ENG,Monolingual,NA,8,4,NA,0,2,NA,Selection,FCT-02,mirar,Intensional,Intensional subjunctive,Subjunctive,0,0,NA,NA,NA,NA,186441,197558,3683993,69785.875,0.6213926472353051,-0.10659234765645834,0.8384533657585245,NA,0.3659305090510331,-0.7413179570373667,13,-0.7704167669598565,-0.4050910590419285,1.3490781287195162,12,0.20233769853270947,NA,1.296245776733832,0
H5B04,DLBE-5,GBCS,5,5,11,2,2,2 SPA/0 ENG,Monolingual,NA,8,4,NA,0,2,NA,Selection,FCT-10,llevar,Intensional,Intensional subjunctive,Subjunctive,0,0,NA,NA,NA,NA,418316,301022,13841181,173259.875,1.5427536358311489,1.2280164205491535,1.8322740287278596,NA,1.5301452246385066,-0.7413179570373667,13,-0.7704167669598565,-0.4050910590419285,1.3490781287195162,12,0.20233769853270947,NA,1.296245776733832,0
H5B04,DLBE-5,GBCS,5,5,11,2,2,2 SPA/0 ENG,Monolingual,NA,8,4,NA,0,2,NA,Selection,FCT-17,peinar,Intensional,Intensional subjunctive,Subjunctive,1,1,NA,NA,NA,NA,6151,3173,91504,-124599.125,-1.109464919,-1.1442920342108076,-1.0287065117959315,NA,-1.0864992730033696,-0.7413179570373667,13,-0.7704167669598565,-0.4050910590419285,1.3490781287195162,12,0.20233769853270947,NA,1.296245776733832,1
H5B04,DLBE-5,GBCS,5,5,11,2,2,2 SPA/0 ENG,Monolingual,NA,8,4,NA,0,2,NA,Selection,FCT-25,llamar,Intensional,Intensional subjunctive,Subjunctive,0,0,NA,NA,NA,NA,303936,207733,8248273,79960.875,0.7119936490228335,0.5696765783610872,0.9361890539758077,NA,0.7529328161684474,-0.7413179570373667,13,-0.7704167669598565,-0.4050910590419285,1.3490781287195162,12,0.20233769853270947,NA,1.296245776733832,0
H5B04,DLBE-5,GBCS,5,5,11,2,2,2 SPA/0 ENG,Monolingual,NA,8,4,NA,0,2,NA,Selection,FCT-32,cuidar,Intensional,Intensional subjunctive,Subjunctive,0,0,NA,NA,NA,NA,208160,26928,1534607,-100844.1,-0.897943857,0.01841624678734838,-0.8005284996483579,NA,-0.39105612643050475,-0.7413179570373667,13,-0.7704167669598565,-0.4050910590419285,1.3490781287195162,12,0.20233769853270947,NA,1.296245776733832,0
H5B04,DLBE-5,GBCS,5,5,11,2,2,2 SPA/0 ENG,Monolingual,NA,8,4,NA,0,2,NA,Selection,FCT-40,pintar,Intensional,Intensional subjunctive,Subjunctive,1,1,NA,NA,NA,NA,45606,22466,893704,-105306.125,-0.937674734,-0.9171998985793148,-0.8433881203683105,NA,-0.8802940094738126,-0.7413179570373667,13,-0.7704167669598565,-0.4050910590419285,1.3490781287195162,12,0.20233769853270947,NA,1.296245776733832,1
H5B04,DLBE-5,GBCS,5,5,11,2,2,2 SPA/0 ENG,Monolingual,NA,8,4,NA,0,2,NA,Selection,FCT-45,tratar,Intensional,Intensional subjunctive,Subjunctive,1,1,NA,NA,NA,NA,590952,203027,9516595,75254.875,0.6700901291788915,2.2216617868367825,0.8909856978332489,NA,1.5563237423350156,-0.7413179570373667,13,-0.7704167669598565,-0.4050910590419285,1.3490781287195162,12,0.20233769853270947,NA,1.296245776733832,1
H5B04,DLBE-5,GBCS,5,5,11,2,2,2 SPA/0 ENG,Monolingual,NA,8,4,NA,0,2,NA,Selection,FCT-54,amar,Intensional,Intensional subjunctive,Subjunctive,0,0,NA,NA,NA,NA,60260,28864,1318934,-67512.125,-0.601146551,-0.832855502291293,-0.7819323038362045,NA,-0.8073939030637487,-0.7413179570373667,13,-0.7704167669598565,-0.4050910590419285,1.3490781287195162,12,0.20233769853270947,NA,1.296245776733832,0
H5B06,DLBE-5,GBCS,5,5,10,1,0,2 SPA/2 ENG,Bilingual,NA,12,4,NA,0,2,NA,Selection,FCT-02,mirar,Intensional,Intensional subjunctive,Subjunctive,0,0,NA,NA,NA,NA,186441,197558,3683993,69785.875,0.6213926472353051,-0.10659234765645834,0.8384533657585245,NA,0.3659305090510331,-0.9070243239045428,11,-1.0390024288357698,0.8263857604455339,1.3490781287195162,16,1.1634417665630803,NA,-1.0493418192607242,0
H5B06,DLBE-5,GBCS,5,5,10,1,0,2 SPA/2 ENG,Bilingual,NA,12,4,NA,0,2,NA,Selection,FCT-10,llevar,Intensional,Intensional subjunctive,Subjunctive,0,0,NA,NA,NA,NA,418316,301022,13841181,173259.875,1.5427536358311489,1.2280164205491535,1.8322740287278596,NA,1.5301452246385066,-0.9070243239045428,11,-1.0390024288357698,0.8263857604455339,1.3490781287195162,16,1.1634417665630803,NA,-1.0493418192607242,0
H5B06,DLBE-5,GBCS,5,5,10,1,0,2 SPA/2 ENG,Bilingual,NA,12,4,NA,0,2,NA,Selection,FCT-17,peinar,Intensional,Intensional subjunctive,Subjunctive,1,1,NA,NA,NA,NA,6151,3173,91504,-124599.125,-1.109464919,-1.1442920342108076,-1.0287065117959315,NA,-1.0864992730033696,-0.9070243239045428,11,-1.0390024288357698,0.8263857604455339,1.3490781287195162,16,1.1634417665630803,NA,-1.0493418192607242,1
H5B06,DLBE-5,GBCS,5,5,10,1,0,2 SPA/2 ENG,Bilingual,NA,12,4,NA,0,2,NA,Selection,FCT-25,llamar,Intensional,Intensional subjunctive,Subjunctive,1,1,NA,NA,NA,NA,303936,207733,8248273,79960.875,0.7119936490228335,0.5696765783610872,0.9361890539758077,NA,0.7529328161684474,-0.9070243239045428,11,-1.0390024288357698,0.8263857604455339,1.3490781287195162,16,1.1634417665630803,NA,-1.0493418192607242,1
H5B06,DLBE-5,GBCS,5,5,10,1,0,2 SPA/2 ENG,Bilingual,NA,12,4,NA,0,2,NA,Selection,FCT-32,cuidar,Intensional,Intensional subjunctive,Subjunctive,1,1,NA,NA,NA,NA,208160,26928,1534607,-100844.1,-0.897943857,0.01841624678734838,-0.8005284996483579,NA,-0.39105612643050475,-0.9070243239045428,11,-1.0390024288357698,0.8263857604455339,1.3490781287195162,16,1.1634417665630803,NA,-1.0493418192607242,1
H5B06,DLBE-5,GBCS,5,5,10,1,0,2 SPA/2 ENG,Bilingual,NA,12,4,NA,0,2,NA,Selection,FCT-40,pintar,Intensional,Intensional subjunctive,Subjunctive,0,0,NA,NA,NA,NA,45606,22466,893704,-105306.125,-0.937674734,-0.9171998985793148,-0.8433881203683105,NA,-0.8802940094738126,-0.9070243239045428,11,-1.0390024288357698,0.8263857604455339,1.3490781287195162,16,1.1634417665630803,NA,-1.0493418192607242,0
H5B06,DLBE-5,GBCS,5,5,10,1,0,2 SPA/2 ENG,Bilingual,NA,12,4,NA,0,2,NA,Selection,FCT-45,tratar,Intensional,Intensional subjunctive,Subjunctive,1,1,NA,NA,NA,NA,590952,203027,9516595,75254.875,0.6700901291788915,2.2216617868367825,0.8909856978332489,NA,1.5563237423350156,-0.9070243239045428,11,-1.0390024288357698,0.8263857604455339,1.3490781287195162,16,1.1634417665630803,NA,-1.0493418192607242,1
H5B06,DLBE-5,GBCS,5,5,10,1,0,2 SPA/2 ENG,Bilingual,NA,12,4,NA,0,2,NA,Selection,FCT-54,amar,Intensional,Intensional subjunctive,Subjunctive,1,1,NA,NA,NA,NA,60260,28864,1318934,-67512.125,-0.601146551,-0.832855502291293,-0.7819323038362045,NA,-0.8073939030637487,-0.9070243239045428,11,-1.0390024288357698,0.8263857604455339,1.3490781287195162,16,1.1634417665630803,NA,-1.0493418192607242,1
H5B07,DLBE-5,GBCS,5,5,22,4,2,2 SPA/0 ENG,Monolingual,NA,13,1,NA,0,2,NA,Selection,FCT-02,mirar,Intensional,Intensional subjunctive,Subjunctive,1,1,NA,NA,NA,NA,186441,197558,3683993,69785.875,0.6213926472353051,-0.10659234765645834,0.8384533657585245,NA,0.3659305090510331,1.0814520785015684,26,0.97539003523358,1.1342549653173994,-0.5264695136466421,14,0.682889732547895,NA,1.296245776733832,1
H5B07,DLBE-5,GBCS,5,5,22,4,2,2 SPA/0 ENG,Monolingual,NA,13,1,NA,0,2,NA,Selection,FCT-10,llevar,Intensional,Intensional subjunctive,Subjunctive,1,1,NA,NA,NA,NA,418316,301022,13841181,173259.875,1.5427536358311489,1.2280164205491535,1.8322740287278596,NA,1.5301452246385066,1.0814520785015684,26,0.97539003523358,1.1342549653173994,-0.5264695136466421,14,0.682889732547895,NA,1.296245776733832,1
H5B07,DLBE-5,GBCS,5,5,22,4,2,2 SPA/0 ENG,Monolingual,NA,13,1,NA,0,2,NA,Selection,FCT-17,peinar,Intensional,Intensional subjunctive,Subjunctive,1,1,NA,NA,NA,NA,6151,3173,91504,-124599.125,-1.109464919,-1.1442920342108076,-1.0287065117959315,NA,-1.0864992730033696,1.0814520785015684,26,0.97539003523358,1.1342549653173994,-0.5264695136466421,14,0.682889732547895,NA,1.296245776733832,1
H5B07,DLBE-5,GBCS,5,5,22,4,2,2 SPA/0 ENG,Monolingual,NA,13,1,NA,0,2,NA,Selection,FCT-25,llamar,Intensional,Intensional subjunctive,Subjunctive,1,1,NA,NA,NA,NA,303936,207733,8248273,79960.875,0.7119936490228335,0.5696765783610872,0.9361890539758077,NA,0.7529328161684474,1.0814520785015684,26,0.97539003523358,1.1342549653173994,-0.5264695136466421,14,0.682889732547895,NA,1.296245776733832,1
H5B07,DLBE-5,GBCS,5,5,22,4,2,2 SPA/0 ENG,Monolingual,NA,13,1,NA,0,2,NA,Selection,FCT-32,cuidar,Intensional,Intensional subjunctive,Subjunctive,1,1,NA,NA,NA,NA,208160,26928,1534607,-100844.1,-0.897943857,0.01841624678734838,-0.8005284996483579,NA,-0.39105612643050475,1.0814520785015684,26,0.97539003523358,1.1342549653173994,-0.5264695136466421,14,0.682889732547895,NA,1.296245776733832,1
H5B07,DLBE-5,GBCS,5,5,22,4,2,2 SPA/0 ENG,Monolingual,NA,13,1,NA,0,2,NA,Selection,FCT-40,pintar,Intensional,Intensional subjunctive,Subjunctive,0,0,NA,NA,NA,NA,45606,22466,893704,-105306.125,-0.937674734,-0.9171998985793148,-0.8433881203683105,NA,-0.8802940094738126,1.0814520785015684,26,0.97539003523358,1.1342549653173994,-0.5264695136466421,14,0.682889732547895,NA,1.296245776733832,0
H5B07,DLBE-5,GBCS,5,5,22,4,2,2 SPA/0 ENG,Monolingual,NA,13,1,NA,0,2,NA,Selection,FCT-45,tratar,Intensional,Intensional subjunctive,Subjunctive,0,0,NA,NA,NA,NA,590952,203027,9516595,75254.875,0.6700901291788915,2.2216617868367825,0.8909856978332489,NA,1.5563237423350156,1.0814520785015684,26,0.97539003523358,1.1342549653173994,-0.5264695136466421,14,0.682889732547895,NA,1.296245776733832,0
H5B07,DLBE-5,GBCS,5,5,22,4,2,2 SPA/0 ENG,Monolingual,NA,13,1,NA,0,2,NA,Selection,FCT-54,amar,Intensional,Intensional subjunctive,Subjunctive,1,1,NA,NA,NA,NA,60260,28864,1318934,-67512.125,-0.601146551,-0.832855502291293,-0.7819323038362045,NA,-0.8073939030637487,1.0814520785015684,26,0.97539003523358,1.1342549653173994,-0.5264695136466421,14,0.682889732547895,NA,1.296245776733832,1
H5B08,DLBE-5,GBCS,5,5,19,4,0,2 SPA/2 ENG,Bilingual,NA,6,1,NA,0,2,NA,Selection,FCT-02,mirar,Intensional,Intensional subjunctive,Subjunctive,1,1,NA,NA,NA,NA,186441,197558,3683993,69785.875,0.6213926472353051,-0.10659234765645834,0.8384533657585245,NA,0.3659305090510331,0.5843329779000407,23,0.57251154241971,-1.0208294687856596,-0.5264695136466421,7,-0.9990423865052545,NA,-1.0493418192607242,1
H5B08,DLBE-5,GBCS,5,5,19,4,0,2 SPA/2 ENG,Bilingual,NA,6,1,NA,0,2,NA,Selection,FCT-10,llevar,Intensional,Intensional subjunctive,Subjunctive,1,1,NA,NA,NA,NA,418316,301022,13841181,173259.875,1.5427536358311489,1.2280164205491535,1.8322740287278596,NA,1.5301452246385066,0.5843329779000407,23,0.57251154241971,-1.0208294687856596,-0.5264695136466421,7,-0.9990423865052545,NA,-1.0493418192607242,1
H5B08,DLBE-5,GBCS,5,5,19,4,0,2 SPA/2 ENG,Bilingual,NA,6,1,NA,0,2,NA,Selection,FCT-17,peinar,Intensional,Intensional subjunctive,Subjunctive,1,1,NA,NA,NA,NA,6151,3173,91504,-124599.125,-1.109464919,-1.1442920342108076,-1.0287065117959315,NA,-1.0864992730033696,0.5843329779000407,23,0.57251154241971,-1.0208294687856596,-0.5264695136466421,7,-0.9990423865052545,NA,-1.0493418192607242,1
H5B08,DLBE-5,GBCS,5,5,19,4,0,2 SPA/2 ENG,Bilingual,NA,6,1,NA,0,2,NA,Selection,FCT-25,llamar,Intensional,Intensional subjunctive,Subjunctive,1,1,NA,NA,NA,NA,303936,207733,8248273,79960.875,0.7119936490228335,0.5696765783610872,0.9361890539758077,NA,0.7529328161684474,0.5843329779000407,23,0.57251154241971,-1.0208294687856596,-0.5264695136466421,7,-0.9990423865052545,NA,-1.0493418192607242,1
H5B08,DLBE-5,GBCS,5,5,19,4,0,2 SPA/2 ENG,Bilingual,NA,6,1,NA,0,2,NA,Selection,FCT-32,cuidar,Intensional,Intensional subjunctive,Subjunctive,1,1,NA,NA,NA,NA,208160,26928,1534607,-100844.1,-0.897943857,0.01841624678734838,-0.8005284996483579,NA,-0.39105612643050475,0.5843329779000407,23,0.57251154241971,-1.0208294687856596,-0.5264695136466421,7,-0.9990423865052545,NA,-1.0493418192607242,1
H5B08,DLBE-5,GBCS,5,5,19,4,0,2 SPA/2 ENG,Bilingual,NA,6,1,NA,0,2,NA,Selection,FCT-40,pintar,Intensional,Intensional subjunctive,Subjunctive,1,1,NA,NA,NA,NA,45606,22466,893704,-105306.125,-0.937674734,-0.9171998985793148,-0.8433881203683105,NA,-0.8802940094738126,0.5843329779000407,23,0.57251154241971,-1.0208294687856596,-0.5264695136466421,7,-0.9990423865052545,NA,-1.0493418192607242,1
H5B08,DLBE-5,GBCS,5,5,19,4,0,2 SPA/2 ENG,Bilingual,NA,6,1,NA,0,2,NA,Selection,FCT-45,tratar,Intensional,Intensional subjunctive,Subjunctive,1,1,NA,NA,NA,NA,590952,203027,9516595,75254.875,0.6700901291788915,2.2216617868367825,0.8909856978332489,NA,1.5563237423350156,0.5843329779000407,23,0.57251154241971,-1.0208294687856596,-0.5264695136466421,7,-0.9990423865052545,NA,-1.0493418192607242,1
H5B08,DLBE-5,GBCS,5,5,19,4,0,2 SPA/2 ENG,Bilingual,NA,6,1,NA,0,2,NA,Selection,FCT-54,amar,Intensional,Intensional subjunctive,Subjunctive,1,1,NA,NA,NA,NA,60260,28864,1318934,-67512.125,-0.601146551,-0.832855502291293,-0.7819323038362045,NA,-0.8073939030637487,0.5843329779000407,23,0.57251154241971,-1.0208294687856596,-0.5264695136466421,7,-0.9990423865052545,NA,-1.0493418192607242,1
H5B10,DLBE-5,GBCS,5,5,5,0,1,2 SPA/1 ENG,Bilingual,NA,7,1,NA,0,2,NA,Selection,FCT-02,mirar,Intensional,Intensional subjunctive,Subjunctive,1,1,NA,NA,NA,NA,186441,197558,3683993,69785.875,0.6213926472353051,-0.10659234765645834,0.8384533657585245,NA,0.3659305090510331,-1.7355561582404222,5,-1.8447594144635096,-0.712960263913794,-0.5264695136466421,8,-0.7587663694976616,NA,0.12345197873655388,1
H5B10,DLBE-5,GBCS,5,5,5,0,1,2 SPA/1 ENG,Bilingual,NA,7,1,NA,0,2,NA,Selection,FCT-10,llevar,Intensional,Intensional subjunctive,Subjunctive,1,1,NA,NA,NA,NA,418316,301022,13841181,173259.875,1.5427536358311489,1.2280164205491535,1.8322740287278596,NA,1.5301452246385066,-1.7355561582404222,5,-1.8447594144635096,-0.712960263913794,-0.5264695136466421,8,-0.7587663694976616,NA,0.12345197873655388,1
H5B10,DLBE-5,GBCS,5,5,5,0,1,2 SPA/1 ENG,Bilingual,NA,7,1,NA,0,2,NA,Selection,FCT-17,peinar,Intensional,Intensional subjunctive,Subjunctive,1,1,NA,NA,NA,NA,6151,3173,91504,-124599.125,-1.109464919,-1.1442920342108076,-1.0287065117959315,NA,-1.0864992730033696,-1.7355561582404222,5,-1.8447594144635096,-0.712960263913794,-0.5264695136466421,8,-0.7587663694976616,NA,0.12345197873655388,1
H5B10,DLBE-5,GBCS,5,5,5,0,1,2 SPA/1 ENG,Bilingual,NA,7,1,NA,0,2,NA,Selection,FCT-25,llamar,Intensional,Intensional subjunctive,Subjunctive,1,1,NA,NA,NA,NA,303936,207733,8248273,79960.875,0.7119936490228335,0.5696765783610872,0.9361890539758077,NA,0.7529328161684474,-1.7355561582404222,5,-1.8447594144635096,-0.712960263913794,-0.5264695136466421,8,-0.7587663694976616,NA,0.12345197873655388,1
H5B10,DLBE-5,GBCS,5,5,5,0,1,2 SPA/1 ENG,Bilingual,NA,7,1,NA,0,2,NA,Selection,FCT-32,cuidar,Intensional,Intensional subjunctive,Subjunctive,1,1,NA,NA,NA,NA,208160,26928,1534607,-100844.1,-0.897943857,0.01841624678734838,-0.8005284996483579,NA,-0.39105612643050475,-1.7355561582404222,5,-1.8447594144635096,-0.712960263913794,-0.5264695136466421,8,-0.7587663694976616,NA,0.12345197873655388,1
H5B10,DLBE-5,GBCS,5,5,5,0,1,2 SPA/1 ENG,Bilingual,NA,7,1,NA,0,2,NA,Selection,FCT-40,pintar,Intensional,Intensional subjunctive,Subjunctive,1,1,NA,NA,NA,NA,45606,22466,893704,-105306.125,-0.937674734,-0.9171998985793148,-0.8433881203683105,NA,-0.8802940094738126,-1.7355561582404222,5,-1.8447594144635096,-0.712960263913794,-0.5264695136466421,8,-0.7587663694976616,NA,0.12345197873655388,1
H5B10,DLBE-5,GBCS,5,5,5,0,1,2 SPA/1 ENG,Bilingual,NA,7,1,NA,0,2,NA,Selection,FCT-45,tratar,Intensional,Intensional subjunctive,Subjunctive,1,1,NA,NA,NA,NA,590952,203027,9516595,75254.875,0.6700901291788915,2.2216617868367825,0.8909856978332489,NA,1.5563237423350156,-1.7355561582404222,5,-1.8447594144635096,-0.712960263913794,-0.5264695136466421,8,-0.7587663694976616,NA,0.12345197873655388,1
H5B10,DLBE-5,GBCS,5,5,5,0,1,2 SPA/1 ENG,Bilingual,NA,7,1,NA,0,2,NA,Selection,FCT-54,amar,Intensional,Intensional subjunctive,Subjunctive,1,1,NA,NA,NA,NA,60260,28864,1318934,-67512.125,-0.601146551,-0.832855502291293,-0.7819323038362045,NA,-0.8073939030637487,-1.7355561582404222,5,-1.8447594144635096,-0.712960263913794,-0.5264695136466421,8,-0.7587663694976616,NA,0.12345197873655388,1
H5B13,DLBE-5,GBCS,5,5,22,4,2,2 SPA/0 ENG,Monolingual,NA,12,4,NA,0,2,NA,Selection,FCT-02,mirar,Intensional,Intensional subjunctive,Subjunctive,1,1,NA,NA,NA,NA,186441,197558,3683993,69785.875,0.6213926472353051,-0.10659234765645834,0.8384533657585245,NA,0.3659305090510331,1.0814520785015684,26,0.97539003523358,0.8263857604455339,1.3490781287195162,16,1.1634417665630803,NA,1.296245776733832,1
H5B13,DLBE-5,GBCS,5,5,22,4,2,2 SPA/0 ENG,Monolingual,NA,12,4,NA,0,2,NA,Selection,FCT-10,llevar,Intensional,Intensional subjunctive,Subjunctive,1,1,NA,NA,NA,NA,418316,301022,13841181,173259.875,1.5427536358311489,1.2280164205491535,1.8322740287278596,NA,1.5301452246385066,1.0814520785015684,26,0.97539003523358,0.8263857604455339,1.3490781287195162,16,1.1634417665630803,NA,1.296245776733832,1
H5B13,DLBE-5,GBCS,5,5,22,4,2,2 SPA/0 ENG,Monolingual,NA,12,4,NA,0,2,NA,Selection,FCT-17,peinar,Intensional,Intensional subjunctive,Subjunctive,1,1,NA,NA,NA,NA,6151,3173,91504,-124599.125,-1.109464919,-1.1442920342108076,-1.0287065117959315,NA,-1.0864992730033696,1.0814520785015684,26,0.97539003523358,0.8263857604455339,1.3490781287195162,16,1.1634417665630803,NA,1.296245776733832,1
H5B13,DLBE-5,GBCS,5,5,22,4,2,2 SPA/0 ENG,Monolingual,NA,12,4,NA,0,2,NA,Selection,FCT-25,llamar,Intensional,Intensional subjunctive,Subjunctive,0,0,NA,NA,NA,NA,303936,207733,8248273,79960.875,0.7119936490228335,0.5696765783610872,0.9361890539758077,NA,0.7529328161684474,1.0814520785015684,26,0.97539003523358,0.8263857604455339,1.3490781287195162,16,1.1634417665630803,NA,1.296245776733832,0
H5B13,DLBE-5,GBCS,5,5,22,4,2,2 SPA/0 ENG,Monolingual,NA,12,4,NA,0,2,NA,Selection,FCT-32,cuidar,Intensional,Intensional subjunctive,Subjunctive,1,1,NA,NA,NA,NA,208160,26928,1534607,-100844.1,-0.897943857,0.01841624678734838,-0.8005284996483579,NA,-0.39105612643050475,1.0814520785015684,26,0.97539003523358,0.8263857604455339,1.3490781287195162,16,1.1634417665630803,NA,1.296245776733832,1
H5B13,DLBE-5,GBCS,5,5,22,4,2,2 SPA/0 ENG,Monolingual,NA,12,4,NA,0,2,NA,Selection,FCT-40,pintar,Intensional,Intensional subjunctive,Subjunctive,1,1,NA,NA,NA,NA,45606,22466,893704,-105306.125,-0.937674734,-0.9171998985793148,-0.8433881203683105,NA,-0.8802940094738126,1.0814520785015684,26,0.97539003523358,0.8263857604455339,1.3490781287195162,16,1.1634417665630803,NA,1.296245776733832,1
H5B13,DLBE-5,GBCS,5,5,22,4,2,2 SPA/0 ENG,Monolingual,NA,12,4,NA,0,2,NA,Selection,FCT-45,tratar,Intensional,Intensional subjunctive,Subjunctive,1,1,NA,NA,NA,NA,590952,203027,9516595,75254.875,0.6700901291788915,2.2216617868367825,0.8909856978332489,NA,1.5563237423350156,1.0814520785015684,26,0.97539003523358,0.8263857604455339,1.3490781287195162,16,1.1634417665630803,NA,1.296245776733832,1
H5B13,DLBE-5,GBCS,5,5,22,4,2,2 SPA/0 ENG,Monolingual,NA,12,4,NA,0,2,NA,Selection,FCT-54,amar,Intensional,Intensional subjunctive,Subjunctive,1,1,NA,NA,NA,NA,60260,28864,1318934,-67512.125,-0.601146551,-0.832855502291293,-0.7819323038362045,NA,-0.8073939030637487,1.0814520785015684,26,0.97539003523358,0.8263857604455339,1.3490781287195162,16,1.1634417665630803,NA,1.296245776733832,1
H5B16,DLBE-5,GBCS,5,5,21,5,2,2 SPA/0 ENG,Monolingual,NA,12,4,NA,0,2,NA,Selection,FCT-02,mirar,Intensional,Intensional subjunctive,Subjunctive,1,1,NA,NA,NA,NA,186441,197558,3683993,69785.875,0.6213926472353051,-0.10659234765645834,0.8384533657585245,NA,0.3659305090510331,0.9157457116343924,26,0.97539003523358,0.8263857604455339,1.3490781287195162,16,1.1634417665630803,NA,1.296245776733832,1
H5B16,DLBE-5,GBCS,5,5,21,5,2,2 SPA/0 ENG,Monolingual,NA,12,4,NA,0,2,NA,Selection,FCT-10,llevar,Intensional,Intensional subjunctive,Subjunctive,0,0,NA,NA,NA,NA,418316,301022,13841181,173259.875,1.5427536358311489,1.2280164205491535,1.8322740287278596,NA,1.5301452246385066,0.9157457116343924,26,0.97539003523358,0.8263857604455339,1.3490781287195162,16,1.1634417665630803,NA,1.296245776733832,0
H5B16,DLBE-5,GBCS,5,5,21,5,2,2 SPA/0 ENG,Monolingual,NA,12,4,NA,0,2,NA,Selection,FCT-17,peinar,Intensional,Intensional subjunctive,Subjunctive,0,0,NA,NA,NA,NA,6151,3173,91504,-124599.125,-1.109464919,-1.1442920342108076,-1.0287065117959315,NA,-1.0864992730033696,0.9157457116343924,26,0.97539003523358,0.8263857604455339,1.3490781287195162,16,1.1634417665630803,NA,1.296245776733832,0
H5B16,DLBE-5,GBCS,5,5,21,5,2,2 SPA/0 ENG,Monolingual,NA,12,4,NA,0,2,NA,Selection,FCT-25,llamar,Intensional,Intensional subjunctive,Subjunctive,1,1,NA,NA,NA,NA,303936,207733,8248273,79960.875,0.7119936490228335,0.5696765783610872,0.9361890539758077,NA,0.7529328161684474,0.9157457116343924,26,0.97539003523358,0.8263857604455339,1.3490781287195162,16,1.1634417665630803,NA,1.296245776733832,1
H5B16,DLBE-5,GBCS,5,5,21,5,2,2 SPA/0 ENG,Monolingual,NA,12,4,NA,0,2,NA,Selection,FCT-32,cuidar,Intensional,Intensional subjunctive,Subjunctive,1,1,NA,NA,NA,NA,208160,26928,1534607,-100844.1,-0.897943857,0.01841624678734838,-0.8005284996483579,NA,-0.39105612643050475,0.9157457116343924,26,0.97539003523358,0.8263857604455339,1.3490781287195162,16,1.1634417665630803,NA,1.296245776733832,1
H5B16,DLBE-5,GBCS,5,5,21,5,2,2 SPA/0 ENG,Monolingual,NA,12,4,NA,0,2,NA,Selection,FCT-40,pintar,Intensional,Intensional subjunctive,Subjunctive,0,0,NA,NA,NA,NA,45606,22466,893704,-105306.125,-0.937674734,-0.9171998985793148,-0.8433881203683105,NA,-0.8802940094738126,0.9157457116343924,26,0.97539003523358,0.8263857604455339,1.3490781287195162,16,1.1634417665630803,NA,1.296245776733832,0
H5B16,DLBE-5,GBCS,5,5,21,5,2,2 SPA/0 ENG,Monolingual,NA,12,4,NA,0,2,NA,Selection,FCT-45,tratar,Intensional,Intensional subjunctive,Subjunctive,0,0,NA,NA,NA,NA,590952,203027,9516595,75254.875,0.6700901291788915,2.2216617868367825,0.8909856978332489,NA,1.5563237423350156,0.9157457116343924,26,0.97539003523358,0.8263857604455339,1.3490781287195162,16,1.1634417665630803,NA,1.296245776733832,0
H5B16,DLBE-5,GBCS,5,5,21,5,2,2 SPA/0 ENG,Monolingual,NA,12,4,NA,0,2,NA,Selection,FCT-54,amar,Intensional,Intensional subjunctive,Subjunctive,1,1,NA,NA,NA,NA,60260,28864,1318934,-67512.125,-0.601146551,-0.832855502291293,-0.7819323038362045,NA,-0.8073939030637487,0.9157457116343924,26,0.97539003523358,0.8263857604455339,1.3490781287195162,16,1.1634417665630803,NA,1.296245776733832,1
H5B17,DLBE-5,GBCS,5,5,20,5,0,2 SPA/2 ENG,Bilingual,NA,12,4,NA,0,2,NA,Selection,FCT-02,mirar,Intensional,Intensional subjunctive,Subjunctive,1,1,NA,NA,NA,NA,186441,197558,3683993,69785.875,0.6213926472353051,-0.10659234765645834,0.8384533657585245,NA,0.3659305090510331,0.7500393447672166,25,0.8410972042956233,0.8263857604455339,1.3490781287195162,16,1.1634417665630803,NA,-1.0493418192607242,1
H5B17,DLBE-5,GBCS,5,5,20,5,0,2 SPA/2 ENG,Bilingual,NA,12,4,NA,0,2,NA,Selection,FCT-10,llevar,Intensional,Intensional subjunctive,Subjunctive,1,1,NA,NA,NA,NA,418316,301022,13841181,173259.875,1.5427536358311489,1.2280164205491535,1.8322740287278596,NA,1.5301452246385066,0.7500393447672166,25,0.8410972042956233,0.8263857604455339,1.3490781287195162,16,1.1634417665630803,NA,-1.0493418192607242,1
H5B17,DLBE-5,GBCS,5,5,20,5,0,2 SPA/2 ENG,Bilingual,NA,12,4,NA,0,2,NA,Selection,FCT-17,peinar,Intensional,Intensional subjunctive,Subjunctive,1,1,NA,NA,NA,NA,6151,3173,91504,-124599.125,-1.109464919,-1.1442920342108076,-1.0287065117959315,NA,-1.0864992730033696,0.7500393447672166,25,0.8410972042956233,0.8263857604455339,1.3490781287195162,16,1.1634417665630803,NA,-1.0493418192607242,1
H5B17,DLBE-5,GBCS,5,5,20,5,0,2 SPA/2 ENG,Bilingual,NA,12,4,NA,0,2,NA,Selection,FCT-25,llamar,Intensional,Intensional subjunctive,Subjunctive,1,1,NA,NA,NA,NA,303936,207733,8248273,79960.875,0.7119936490228335,0.5696765783610872,0.9361890539758077,NA,0.7529328161684474,0.7500393447672166,25,0.8410972042956233,0.8263857604455339,1.3490781287195162,16,1.1634417665630803,NA,-1.0493418192607242,1
H5B17,DLBE-5,GBCS,5,5,20,5,0,2 SPA/2 ENG,Bilingual,NA,12,4,NA,0,2,NA,Selection,FCT-32,cuidar,Intensional,Intensional subjunctive,Subjunctive,1,1,NA,NA,NA,NA,208160,26928,1534607,-100844.1,-0.897943857,0.01841624678734838,-0.8005284996483579,NA,-0.39105612643050475,0.7500393447672166,25,0.8410972042956233,0.8263857604455339,1.3490781287195162,16,1.1634417665630803,NA,-1.0493418192607242,1
H5B17,DLBE-5,GBCS,5,5,20,5,0,2 SPA/2 ENG,Bilingual,NA,12,4,NA,0,2,NA,Selection,FCT-40,pintar,Intensional,Intensional subjunctive,Subjunctive,1,1,NA,NA,NA,NA,45606,22466,893704,-105306.125,-0.937674734,-0.9171998985793148,-0.8433881203683105,NA,-0.8802940094738126,0.7500393447672166,25,0.8410972042956233,0.8263857604455339,1.3490781287195162,16,1.1634417665630803,NA,-1.0493418192607242,1
H5B17,DLBE-5,GBCS,5,5,20,5,0,2 SPA/2 ENG,Bilingual,NA,12,4,NA,0,2,NA,Selection,FCT-45,tratar,Intensional,Intensional subjunctive,Subjunctive,1,1,NA,NA,NA,NA,590952,203027,9516595,75254.875,0.6700901291788915,2.2216617868367825,0.8909856978332489,NA,1.5563237423350156,0.7500393447672166,25,0.8410972042956233,0.8263857604455339,1.3490781287195162,16,1.1634417665630803,NA,-1.0493418192607242,1
H5B17,DLBE-5,GBCS,5,5,20,5,0,2 SPA/2 ENG,Bilingual,NA,12,4,NA,0,2,NA,Selection,FCT-54,amar,Intensional,Intensional subjunctive,Subjunctive,1,1,NA,NA,NA,NA,60260,28864,1318934,-67512.125,-0.601146551,-0.832855502291293,-0.7819323038362045,NA,-0.8073939030637487,0.7500393447672166,25,0.8410972042956233,0.8263857604455339,1.3490781287195162,16,1.1634417665630803,NA,-1.0493418192607242,1
H5B18,DLBE-5,GBCS,5,5,9,2,2,2 SPA/0 ENG,Monolingual,NA,9,2,NA,0,2,NA,Selection,FCT-02,mirar,Intensional,Intensional subjunctive,Subjunctive,1,1,NA,NA,NA,NA,186441,197558,3683993,69785.875,0.6213926472353051,-0.10659234765645834,0.8384533657585245,NA,0.3659305090510331,-1.0727306907717185,11,-1.0390024288357698,-0.09722185417006284,0.09871303380874394,11,-0.03793831847488329,NA,1.296245776733832,1
H5B18,DLBE-5,GBCS,5,5,9,2,2,2 SPA/0 ENG,Monolingual,NA,9,2,NA,0,2,NA,Selection,FCT-10,llevar,Intensional,Intensional subjunctive,Subjunctive,1,1,NA,NA,NA,NA,418316,301022,13841181,173259.875,1.5427536358311489,1.2280164205491535,1.8322740287278596,NA,1.5301452246385066,-1.0727306907717185,11,-1.0390024288357698,-0.09722185417006284,0.09871303380874394,11,-0.03793831847488329,NA,1.296245776733832,1
H5B18,DLBE-5,GBCS,5,5,9,2,2,2 SPA/0 ENG,Monolingual,NA,9,2,NA,0,2,NA,Selection,FCT-17,peinar,Intensional,Intensional subjunctive,Subjunctive,0,0,NA,NA,NA,NA,6151,3173,91504,-124599.125,-1.109464919,-1.1442920342108076,-1.0287065117959315,NA,-1.0864992730033696,-1.0727306907717185,11,-1.0390024288357698,-0.09722185417006284,0.09871303380874394,11,-0.03793831847488329,NA,1.296245776733832,0
H5B18,DLBE-5,GBCS,5,5,9,2,2,2 SPA/0 ENG,Monolingual,NA,9,2,NA,0,2,NA,Selection,FCT-25,llamar,Intensional,Intensional subjunctive,Subjunctive,0,0,NA,NA,NA,NA,303936,207733,8248273,79960.875,0.7119936490228335,0.5696765783610872,0.9361890539758077,NA,0.7529328161684474,-1.0727306907717185,11,-1.0390024288357698,-0.09722185417006284,0.09871303380874394,11,-0.03793831847488329,NA,1.296245776733832,0
H5B18,DLBE-5,GBCS,5,5,9,2,2,2 SPA/0 ENG,Monolingual,NA,9,2,NA,0,2,NA,Selection,FCT-32,cuidar,Intensional,Intensional subjunctive,Subjunctive,0,0,NA,NA,NA,NA,208160,26928,1534607,-100844.1,-0.897943857,0.01841624678734838,-0.8005284996483579,NA,-0.39105612643050475,-1.0727306907717185,11,-1.0390024288357698,-0.09722185417006284,0.09871303380874394,11,-0.03793831847488329,NA,1.296245776733832,0
H5B18,DLBE-5,GBCS,5,5,9,2,2,2 SPA/0 ENG,Monolingual,NA,9,2,NA,0,2,NA,Selection,FCT-40,pintar,Intensional,Intensional subjunctive,Subjunctive,0,0,NA,NA,NA,NA,45606,22466,893704,-105306.125,-0.937674734,-0.9171998985793148,-0.8433881203683105,NA,-0.8802940094738126,-1.0727306907717185,11,-1.0390024288357698,-0.09722185417006284,0.09871303380874394,11,-0.03793831847488329,NA,1.296245776733832,0
H5B18,DLBE-5,GBCS,5,5,9,2,2,2 SPA/0 ENG,Monolingual,NA,9,2,NA,0,2,NA,Selection,FCT-45,tratar,Intensional,Intensional subjunctive,Subjunctive,0,0,NA,NA,NA,NA,590952,203027,9516595,75254.875,0.6700901291788915,2.2216617868367825,0.8909856978332489,NA,1.5563237423350156,-1.0727306907717185,11,-1.0390024288357698,-0.09722185417006284,0.09871303380874394,11,-0.03793831847488329,NA,1.296245776733832,0
H5B18,DLBE-5,GBCS,5,5,9,2,2,2 SPA/0 ENG,Monolingual,NA,9,2,NA,0,2,NA,Selection,FCT-54,amar,Intensional,Intensional subjunctive,Subjunctive,0,0,NA,NA,NA,NA,60260,28864,1318934,-67512.125,-0.601146551,-0.832855502291293,-0.7819323038362045,NA,-0.8073939030637487,-1.0727306907717185,11,-1.0390024288357698,-0.09722185417006284,0.09871303380874394,11,-0.03793831847488329,NA,1.296245776733832,0
H5B19,DLBE-5,GBCS,5,5,12,2,1,2 SPA/1 ENG,Bilingual,NA,13,4,NA,0,2,NA,Selection,FCT-02,mirar,Intensional,Intensional subjunctive,Subjunctive,1,1,NA,NA,NA,NA,186441,197558,3683993,69785.875,0.6213926472353051,-0.10659234765645834,0.8384533657585245,NA,0.3659305090510331,-0.5756115901701908,14,-0.6361239360218999,1.1342549653173994,1.3490781287195162,17,1.4037177835706731,NA,0.12345197873655388,1
H5B19,DLBE-5,GBCS,5,5,12,2,1,2 SPA/1 ENG,Bilingual,NA,13,4,NA,0,2,NA,Selection,FCT-10,llevar,Intensional,Intensional subjunctive,Subjunctive,1,1,NA,NA,NA,NA,418316,301022,13841181,173259.875,1.5427536358311489,1.2280164205491535,1.8322740287278596,NA,1.5301452246385066,-0.5756115901701908,14,-0.6361239360218999,1.1342549653173994,1.3490781287195162,17,1.4037177835706731,NA,0.12345197873655388,1
H5B19,DLBE-5,GBCS,5,5,12,2,1,2 SPA/1 ENG,Bilingual,NA,13,4,NA,0,2,NA,Selection,FCT-17,peinar,Intensional,Intensional subjunctive,Subjunctive,0,0,NA,NA,NA,NA,6151,3173,91504,-124599.125,-1.109464919,-1.1442920342108076,-1.0287065117959315,NA,-1.0864992730033696,-0.5756115901701908,14,-0.6361239360218999,1.1342549653173994,1.3490781287195162,17,1.4037177835706731,NA,0.12345197873655388,0
H5B19,DLBE-5,GBCS,5,5,12,2,1,2 SPA/1 ENG,Bilingual,NA,13,4,NA,0,2,NA,Selection,FCT-25,llamar,Intensional,Intensional subjunctive,Subjunctive,1,1,NA,NA,NA,NA,303936,207733,8248273,79960.875,0.7119936490228335,0.5696765783610872,0.9361890539758077,NA,0.7529328161684474,-0.5756115901701908,14,-0.6361239360218999,1.1342549653173994,1.3490781287195162,17,1.4037177835706731,NA,0.12345197873655388,1
H5B19,DLBE-5,GBCS,5,5,12,2,1,2 SPA/1 ENG,Bilingual,NA,13,4,NA,0,2,NA,Selection,FCT-32,cuidar,Intensional,Intensional subjunctive,Subjunctive,0,0,NA,NA,NA,NA,208160,26928,1534607,-100844.1,-0.897943857,0.01841624678734838,-0.8005284996483579,NA,-0.39105612643050475,-0.5756115901701908,14,-0.6361239360218999,1.1342549653173994,1.3490781287195162,17,1.4037177835706731,NA,0.12345197873655388,0
H5B19,DLBE-5,GBCS,5,5,12,2,1,2 SPA/1 ENG,Bilingual,NA,13,4,NA,0,2,NA,Selection,FCT-40,pintar,Intensional,Intensional subjunctive,Subjunctive,1,1,NA,NA,NA,NA,45606,22466,893704,-105306.125,-0.937674734,-0.9171998985793148,-0.8433881203683105,NA,-0.8802940094738126,-0.5756115901701908,14,-0.6361239360218999,1.1342549653173994,1.3490781287195162,17,1.4037177835706731,NA,0.12345197873655388,1
H5B19,DLBE-5,GBCS,5,5,12,2,1,2 SPA/1 ENG,Bilingual,NA,13,4,NA,0,2,NA,Selection,FCT-45,tratar,Intensional,Intensional subjunctive,Subjunctive,1,1,NA,NA,NA,NA,590952,203027,9516595,75254.875,0.6700901291788915,2.2216617868367825,0.8909856978332489,NA,1.5563237423350156,-0.5756115901701908,14,-0.6361239360218999,1.1342549653173994,1.3490781287195162,17,1.4037177835706731,NA,0.12345197873655388,1
H5B19,DLBE-5,GBCS,5,5,12,2,1,2 SPA/1 ENG,Bilingual,NA,13,4,NA,0,2,NA,Selection,FCT-54,amar,Intensional,Intensional subjunctive,Subjunctive,1,1,NA,NA,NA,NA,60260,28864,1318934,-67512.125,-0.601146551,-0.832855502291293,-0.7819323038362045,NA,-0.8073939030637487,-0.5756115901701908,14,-0.6361239360218999,1.1342549653173994,1.3490781287195162,17,1.4037177835706731,NA,0.12345197873655388,1
H5B20,DLBE-5,GBCS,5,5,20,5,0,2 SPA/2 ENG,Bilingual,NA,7,2,NA,0,2,NA,Selection,FCT-02,mirar,Intensional,Intensional subjunctive,Subjunctive,1,1,NA,NA,NA,NA,186441,197558,3683993,69785.875,0.6213926472353051,-0.10659234765645834,0.8384533657585245,NA,0.3659305090510331,0.7500393447672166,25,0.8410972042956233,-0.712960263913794,0.09871303380874394,9,-0.5184903524900688,NA,-1.0493418192607242,1
H5B20,DLBE-5,GBCS,5,5,20,5,0,2 SPA/2 ENG,Bilingual,NA,7,2,NA,0,2,NA,Selection,FCT-10,llevar,Intensional,Intensional subjunctive,Subjunctive,0,0,NA,NA,NA,NA,418316,301022,13841181,173259.875,1.5427536358311489,1.2280164205491535,1.8322740287278596,NA,1.5301452246385066,0.7500393447672166,25,0.8410972042956233,-0.712960263913794,0.09871303380874394,9,-0.5184903524900688,NA,-1.0493418192607242,0
H5B20,DLBE-5,GBCS,5,5,20,5,0,2 SPA/2 ENG,Bilingual,NA,7,2,NA,0,2,NA,Selection,FCT-17,peinar,Intensional,Intensional subjunctive,Subjunctive,1,1,NA,NA,NA,NA,6151,3173,91504,-124599.125,-1.109464919,-1.1442920342108076,-1.0287065117959315,NA,-1.0864992730033696,0.7500393447672166,25,0.8410972042956233,-0.712960263913794,0.09871303380874394,9,-0.5184903524900688,NA,-1.0493418192607242,1
H5B20,DLBE-5,GBCS,5,5,20,5,0,2 SPA/2 ENG,Bilingual,NA,7,2,NA,0,2,NA,Selection,FCT-25,llamar,Intensional,Intensional subjunctive,Subjunctive,0,0,NA,NA,NA,NA,303936,207733,8248273,79960.875,0.7119936490228335,0.5696765783610872,0.9361890539758077,NA,0.7529328161684474,0.7500393447672166,25,0.8410972042956233,-0.712960263913794,0.09871303380874394,9,-0.5184903524900688,NA,-1.0493418192607242,0
H5B20,DLBE-5,GBCS,5,5,20,5,0,2 SPA/2 ENG,Bilingual,NA,7,2,NA,0,2,NA,Selection,FCT-32,cuidar,Intensional,Intensional subjunctive,Subjunctive,0,0,NA,NA,NA,NA,208160,26928,1534607,-100844.1,-0.897943857,0.01841624678734838,-0.8005284996483579,NA,-0.39105612643050475,0.7500393447672166,25,0.8410972042956233,-0.712960263913794,0.09871303380874394,9,-0.5184903524900688,NA,-1.0493418192607242,0
H5B20,DLBE-5,GBCS,5,5,20,5,0,2 SPA/2 ENG,Bilingual,NA,7,2,NA,0,2,NA,Selection,FCT-40,pintar,Intensional,Intensional subjunctive,Subjunctive,0,0,NA,NA,NA,NA,45606,22466,893704,-105306.125,-0.937674734,-0.9171998985793148,-0.8433881203683105,NA,-0.8802940094738126,0.7500393447672166,25,0.8410972042956233,-0.712960263913794,0.09871303380874394,9,-0.5184903524900688,NA,-1.0493418192607242,0
H5B20,DLBE-5,GBCS,5,5,20,5,0,2 SPA/2 ENG,Bilingual,NA,7,2,NA,0,2,NA,Selection,FCT-45,tratar,Intensional,Intensional subjunctive,Subjunctive,0,0,NA,NA,NA,NA,590952,203027,9516595,75254.875,0.6700901291788915,2.2216617868367825,0.8909856978332489,NA,1.5563237423350156,0.7500393447672166,25,0.8410972042956233,-0.712960263913794,0.09871303380874394,9,-0.5184903524900688,NA,-1.0493418192607242,0
H5B20,DLBE-5,GBCS,5,5,20,5,0,2 SPA/2 ENG,Bilingual,NA,7,2,NA,0,2,NA,Selection,FCT-54,amar,Intensional,Intensional subjunctive,Subjunctive,0,0,NA,NA,NA,NA,60260,28864,1318934,-67512.125,-0.601146551,-0.832855502291293,-0.7819323038362045,NA,-0.8073939030637487,0.7500393447672166,25,0.8410972042956233,-0.712960263913794,0.09871303380874394,9,-0.5184903524900688,NA,-1.0493418192607242,0
H5B21,DLBE-5,GBCS,5,5,19,5,1,2 SPA/1 ENG,Bilingual,NA,7,1,NA,0,2,NA,Selection,FCT-02,mirar,Intensional,Intensional subjunctive,Subjunctive,0,0,NA,NA,NA,NA,186441,197558,3683993,69785.875,0.6213926472353051,-0.10659234765645834,0.8384533657585245,NA,0.3659305090510331,0.5843329779000407,24,0.7068043733576667,-0.712960263913794,-0.5264695136466421,8,-0.7587663694976616,NA,0.12345197873655388,0
H5B21,DLBE-5,GBCS,5,5,19,5,1,2 SPA/1 ENG,Bilingual,NA,7,1,NA,0,2,NA,Selection,FCT-10,llevar,Intensional,Intensional subjunctive,Subjunctive,1,1,NA,NA,NA,NA,418316,301022,13841181,173259.875,1.5427536358311489,1.2280164205491535,1.8322740287278596,NA,1.5301452246385066,0.5843329779000407,24,0.7068043733576667,-0.712960263913794,-0.5264695136466421,8,-0.7587663694976616,NA,0.12345197873655388,1
H5B21,DLBE-5,GBCS,5,5,19,5,1,2 SPA/1 ENG,Bilingual,NA,7,1,NA,0,2,NA,Selection,FCT-17,peinar,Intensional,Intensional subjunctive,Subjunctive,1,1,NA,NA,NA,NA,6151,3173,91504,-124599.125,-1.109464919,-1.1442920342108076,-1.0287065117959315,NA,-1.0864992730033696,0.5843329779000407,24,0.7068043733576667,-0.712960263913794,-0.5264695136466421,8,-0.7587663694976616,NA,0.12345197873655388,1
H5B21,DLBE-5,GBCS,5,5,19,5,1,2 SPA/1 ENG,Bilingual,NA,7,1,NA,0,2,NA,Selection,FCT-25,llamar,Intensional,Intensional subjunctive,Subjunctive,0,0,NA,NA,NA,NA,303936,207733,8248273,79960.875,0.7119936490228335,0.5696765783610872,0.9361890539758077,NA,0.7529328161684474,0.5843329779000407,24,0.7068043733576667,-0.712960263913794,-0.5264695136466421,8,-0.7587663694976616,NA,0.12345197873655388,0
H5B21,DLBE-5,GBCS,5,5,19,5,1,2 SPA/1 ENG,Bilingual,NA,7,1,NA,0,2,NA,Selection,FCT-32,cuidar,Intensional,Intensional subjunctive,Subjunctive,1,1,NA,NA,NA,NA,208160,26928,1534607,-100844.1,-0.897943857,0.01841624678734838,-0.8005284996483579,NA,-0.39105612643050475,0.5843329779000407,24,0.7068043733576667,-0.712960263913794,-0.5264695136466421,8,-0.7587663694976616,NA,0.12345197873655388,1
H5B21,DLBE-5,GBCS,5,5,19,5,1,2 SPA/1 ENG,Bilingual,NA,7,1,NA,0,2,NA,Selection,FCT-40,pintar,Intensional,Intensional subjunctive,Subjunctive,0,0,NA,NA,NA,NA,45606,22466,893704,-105306.125,-0.937674734,-0.9171998985793148,-0.8433881203683105,NA,-0.8802940094738126,0.5843329779000407,24,0.7068043733576667,-0.712960263913794,-0.5264695136466421,8,-0.7587663694976616,NA,0.12345197873655388,0
H5B21,DLBE-5,GBCS,5,5,19,5,1,2 SPA/1 ENG,Bilingual,NA,7,1,NA,0,2,NA,Selection,FCT-45,tratar,Intensional,Intensional subjunctive,Subjunctive,1,1,NA,NA,NA,NA,590952,203027,9516595,75254.875,0.6700901291788915,2.2216617868367825,0.8909856978332489,NA,1.5563237423350156,0.5843329779000407,24,0.7068043733576667,-0.712960263913794,-0.5264695136466421,8,-0.7587663694976616,NA,0.12345197873655388,1
H5B21,DLBE-5,GBCS,5,5,19,5,1,2 SPA/1 ENG,Bilingual,NA,7,1,NA,0,2,NA,Selection,FCT-54,amar,Intensional,Intensional subjunctive,Subjunctive,0,0,NA,NA,NA,NA,60260,28864,1318934,-67512.125,-0.601146551,-0.832855502291293,-0.7819323038362045,NA,-0.8073939030637487,0.5843329779000407,24,0.7068043733576667,-0.712960263913794,-0.5264695136466421,8,-0.7587663694976616,NA,0.12345197873655388,0
H5B22,DLBE-5,GBCS,5,5,5,0,0,2 SPA/2 ENG,Bilingual,NA,10,0,NA,0,2,NA,Selection,FCT-02,mirar,Intensional,Intensional subjunctive,Subjunctive,0,0,NA,NA,NA,NA,186441,197558,3683993,69785.875,0.6213926472353051,-0.10659234765645834,0.8384533657585245,NA,0.3659305090510331,-1.7355561582404222,5,-1.8447594144635096,0.2106473507018027,-1.151652061102028,10,-0.27821433548247604,NA,-1.0493418192607242,0
H5B22,DLBE-5,GBCS,5,5,5,0,0,2 SPA/2 ENG,Bilingual,NA,10,0,NA,0,2,NA,Selection,FCT-10,llevar,Intensional,Intensional subjunctive,Subjunctive,0,0,NA,NA,NA,NA,418316,301022,13841181,173259.875,1.5427536358311489,1.2280164205491535,1.8322740287278596,NA,1.5301452246385066,-1.7355561582404222,5,-1.8447594144635096,0.2106473507018027,-1.151652061102028,10,-0.27821433548247604,NA,-1.0493418192607242,0
H5B22,DLBE-5,GBCS,5,5,5,0,0,2 SPA/2 ENG,Bilingual,NA,10,0,NA,0,2,NA,Selection,FCT-17,peinar,Intensional,Intensional subjunctive,Subjunctive,0,0,NA,NA,NA,NA,6151,3173,91504,-124599.125,-1.109464919,-1.1442920342108076,-1.0287065117959315,NA,-1.0864992730033696,-1.7355561582404222,5,-1.8447594144635096,0.2106473507018027,-1.151652061102028,10,-0.27821433548247604,NA,-1.0493418192607242,0
H5B22,DLBE-5,GBCS,5,5,5,0,0,2 SPA/2 ENG,Bilingual,NA,10,0,NA,0,2,NA,Selection,FCT-25,llamar,Intensional,Intensional subjunctive,Subjunctive,0,0,NA,NA,NA,NA,303936,207733,8248273,79960.875,0.7119936490228335,0.5696765783610872,0.9361890539758077,NA,0.7529328161684474,-1.7355561582404222,5,-1.8447594144635096,0.2106473507018027,-1.151652061102028,10,-0.27821433548247604,NA,-1.0493418192607242,0
H5B22,DLBE-5,GBCS,5,5,5,0,0,2 SPA/2 ENG,Bilingual,NA,10,0,NA,0,2,NA,Selection,FCT-32,cuidar,Intensional,Intensional subjunctive,Subjunctive,0,0,NA,NA,NA,NA,208160,26928,1534607,-100844.1,-0.897943857,0.01841624678734838,-0.8005284996483579,NA,-0.39105612643050475,-1.7355561582404222,5,-1.8447594144635096,0.2106473507018027,-1.151652061102028,10,-0.27821433548247604,NA,-1.0493418192607242,0
H5B22,DLBE-5,GBCS,5,5,5,0,0,2 SPA/2 ENG,Bilingual,NA,10,0,NA,0,2,NA,Selection,FCT-40,pintar,Intensional,Intensional subjunctive,Subjunctive,1,1,NA,NA,NA,NA,45606,22466,893704,-105306.125,-0.937674734,-0.9171998985793148,-0.8433881203683105,NA,-0.8802940094738126,-1.7355561582404222,5,-1.8447594144635096,0.2106473507018027,-1.151652061102028,10,-0.27821433548247604,NA,-1.0493418192607242,1
H5B22,DLBE-5,GBCS,5,5,5,0,0,2 SPA/2 ENG,Bilingual,NA,10,0,NA,0,2,NA,Selection,FCT-45,tratar,Intensional,Intensional subjunctive,Subjunctive,1,1,NA,NA,NA,NA,590952,203027,9516595,75254.875,0.6700901291788915,2.2216617868367825,0.8909856978332489,NA,1.5563237423350156,-1.7355561582404222,5,-1.8447594144635096,0.2106473507018027,-1.151652061102028,10,-0.27821433548247604,NA,-1.0493418192607242,1
H5B22,DLBE-5,GBCS,5,5,5,0,0,2 SPA/2 ENG,Bilingual,NA,10,0,NA,0,2,NA,Selection,FCT-54,amar,Intensional,Intensional subjunctive,Subjunctive,1,1,NA,NA,NA,NA,60260,28864,1318934,-67512.125,-0.601146551,-0.832855502291293,-0.7819323038362045,NA,-0.8073939030637487,-1.7355561582404222,5,-1.8447594144635096,0.2106473507018027,-1.151652061102028,10,-0.27821433548247604,NA,-1.0493418192607242,1
H5B23,DLBE-5,GBCS,5,5,21,3,0,2 SPA/2 ENG,Bilingual,NA,10,0,NA,0,2,NA,Selection,FCT-02,mirar,Intensional,Intensional subjunctive,Subjunctive,0,0,NA,NA,NA,NA,186441,197558,3683993,69785.875,0.6213926472353051,-0.10659234765645834,0.8384533657585245,NA,0.3659305090510331,0.9157457116343924,24,0.7068043733576667,0.2106473507018027,-1.151652061102028,10,-0.27821433548247604,NA,-1.0493418192607242,0
H5B23,DLBE-5,GBCS,5,5,21,3,0,2 SPA/2 ENG,Bilingual,NA,10,0,NA,0,2,NA,Selection,FCT-10,llevar,Intensional,Intensional subjunctive,Subjunctive,1,1,NA,NA,NA,NA,418316,301022,13841181,173259.875,1.5427536358311489,1.2280164205491535,1.8322740287278596,NA,1.5301452246385066,0.9157457116343924,24,0.7068043733576667,0.2106473507018027,-1.151652061102028,10,-0.27821433548247604,NA,-1.0493418192607242,1
H5B23,DLBE-5,GBCS,5,5,21,3,0,2 SPA/2 ENG,Bilingual,NA,10,0,NA,0,2,NA,Selection,FCT-17,peinar,Intensional,Intensional subjunctive,Subjunctive,1,1,NA,NA,NA,NA,6151,3173,91504,-124599.125,-1.109464919,-1.1442920342108076,-1.0287065117959315,NA,-1.0864992730033696,0.9157457116343924,24,0.7068043733576667,0.2106473507018027,-1.151652061102028,10,-0.27821433548247604,NA,-1.0493418192607242,1
H5B23,DLBE-5,GBCS,5,5,21,3,0,2 SPA/2 ENG,Bilingual,NA,10,0,NA,0,2,NA,Selection,FCT-25,llamar,Intensional,Intensional subjunctive,Subjunctive,0,0,NA,NA,NA,NA,303936,207733,8248273,79960.875,0.7119936490228335,0.5696765783610872,0.9361890539758077,NA,0.7529328161684474,0.9157457116343924,24,0.7068043733576667,0.2106473507018027,-1.151652061102028,10,-0.27821433548247604,NA,-1.0493418192607242,0
H5B23,DLBE-5,GBCS,5,5,21,3,0,2 SPA/2 ENG,Bilingual,NA,10,0,NA,0,2,NA,Selection,FCT-32,cuidar,Intensional,Intensional subjunctive,Subjunctive,0,0,NA,NA,NA,NA,208160,26928,1534607,-100844.1,-0.897943857,0.01841624678734838,-0.8005284996483579,NA,-0.39105612643050475,0.9157457116343924,24,0.7068043733576667,0.2106473507018027,-1.151652061102028,10,-0.27821433548247604,NA,-1.0493418192607242,0
H5B23,DLBE-5,GBCS,5,5,21,3,0,2 SPA/2 ENG,Bilingual,NA,10,0,NA,0,2,NA,Selection,FCT-40,pintar,Intensional,Intensional subjunctive,Subjunctive,0,0,NA,NA,NA,NA,45606,22466,893704,-105306.125,-0.937674734,-0.9171998985793148,-0.8433881203683105,NA,-0.8802940094738126,0.9157457116343924,24,0.7068043733576667,0.2106473507018027,-1.151652061102028,10,-0.27821433548247604,NA,-1.0493418192607242,0
H5B23,DLBE-5,GBCS,5,5,21,3,0,2 SPA/2 ENG,Bilingual,NA,10,0,NA,0,2,NA,Selection,FCT-45,tratar,Intensional,Intensional subjunctive,Subjunctive,1,1,NA,NA,NA,NA,590952,203027,9516595,75254.875,0.6700901291788915,2.2216617868367825,0.8909856978332489,NA,1.5563237423350156,0.9157457116343924,24,0.7068043733576667,0.2106473507018027,-1.151652061102028,10,-0.27821433548247604,NA,-1.0493418192607242,1
H5B23,DLBE-5,GBCS,5,5,21,3,0,2 SPA/2 ENG,Bilingual,NA,10,0,NA,0,2,NA,Selection,FCT-54,amar,Intensional,Intensional subjunctive,Subjunctive,1,1,NA,NA,NA,NA,60260,28864,1318934,-67512.125,-0.601146551,-0.832855502291293,-0.7819323038362045,NA,-0.8073939030637487,0.9157457116343924,24,0.7068043733576667,0.2106473507018027,-1.151652061102028,10,-0.27821433548247604,NA,-1.0493418192607242,1
H5B24,DLBE-5,GBCS,5,5,14,4,1,2 SPA/1 ENG,Bilingual,NA,9,0,NA,0,2,NA,Selection,FCT-02,mirar,Intensional,Intensional subjunctive,Subjunctive,0,0,NA,NA,NA,NA,186441,197558,3683993,69785.875,0.6213926472353051,-0.10659234765645834,0.8384533657585245,NA,0.3659305090510331,-0.24419885643583897,18,-0.09895261227007326,-0.09722185417006284,-1.151652061102028,9,-0.5184903524900688,NA,0.12345197873655388,0
H5B24,DLBE-5,GBCS,5,5,14,4,1,2 SPA/1 ENG,Bilingual,NA,9,0,NA,0,2,NA,Selection,FCT-10,llevar,Intensional,Intensional subjunctive,Subjunctive,0,0,NA,NA,NA,NA,418316,301022,13841181,173259.875,1.5427536358311489,1.2280164205491535,1.8322740287278596,NA,1.5301452246385066,-0.24419885643583897,18,-0.09895261227007326,-0.09722185417006284,-1.151652061102028,9,-0.5184903524900688,NA,0.12345197873655388,0
H5B24,DLBE-5,GBCS,5,5,14,4,1,2 SPA/1 ENG,Bilingual,NA,9,0,NA,0,2,NA,Selection,FCT-17,peinar,Intensional,Intensional subjunctive,Subjunctive,0,0,NA,NA,NA,NA,6151,3173,91504,-124599.125,-1.109464919,-1.1442920342108076,-1.0287065117959315,NA,-1.0864992730033696,-0.24419885643583897,18,-0.09895261227007326,-0.09722185417006284,-1.151652061102028,9,-0.5184903524900688,NA,0.12345197873655388,0
H5B24,DLBE-5,GBCS,5,5,14,4,1,2 SPA/1 ENG,Bilingual,NA,9,0,NA,0,2,NA,Selection,FCT-25,llamar,Intensional,Intensional subjunctive,Subjunctive,0,0,NA,NA,NA,NA,303936,207733,8248273,79960.875,0.7119936490228335,0.5696765783610872,0.9361890539758077,NA,0.7529328161684474,-0.24419885643583897,18,-0.09895261227007326,-0.09722185417006284,-1.151652061102028,9,-0.5184903524900688,NA,0.12345197873655388,0
H5B24,DLBE-5,GBCS,5,5,14,4,1,2 SPA/1 ENG,Bilingual,NA,9,0,NA,0,2,NA,Selection,FCT-32,cuidar,Intensional,Intensional subjunctive,Subjunctive,0,0,NA,NA,NA,NA,208160,26928,1534607,-100844.1,-0.897943857,0.01841624678734838,-0.8005284996483579,NA,-0.39105612643050475,-0.24419885643583897,18,-0.09895261227007326,-0.09722185417006284,-1.151652061102028,9,-0.5184903524900688,NA,0.12345197873655388,0
H5B24,DLBE-5,GBCS,5,5,14,4,1,2 SPA/1 ENG,Bilingual,NA,9,0,NA,0,2,NA,Selection,FCT-40,pintar,Intensional,Intensional subjunctive,Subjunctive,1,1,NA,NA,NA,NA,45606,22466,893704,-105306.125,-0.937674734,-0.9171998985793148,-0.8433881203683105,NA,-0.8802940094738126,-0.24419885643583897,18,-0.09895261227007326,-0.09722185417006284,-1.151652061102028,9,-0.5184903524900688,NA,0.12345197873655388,1
H5B24,DLBE-5,GBCS,5,5,14,4,1,2 SPA/1 ENG,Bilingual,NA,9,0,NA,0,2,NA,Selection,FCT-45,tratar,Intensional,Intensional subjunctive,Subjunctive,1,1,NA,NA,NA,NA,590952,203027,9516595,75254.875,0.6700901291788915,2.2216617868367825,0.8909856978332489,NA,1.5563237423350156,-0.24419885643583897,18,-0.09895261227007326,-0.09722185417006284,-1.151652061102028,9,-0.5184903524900688,NA,0.12345197873655388,1
H5B24,DLBE-5,GBCS,5,5,14,4,1,2 SPA/1 ENG,Bilingual,NA,9,0,NA,0,2,NA,Selection,FCT-54,amar,Intensional,Intensional subjunctive,Subjunctive,1,1,NA,NA,NA,NA,60260,28864,1318934,-67512.125,-0.601146551,-0.832855502291293,-0.7819323038362045,NA,-0.8073939030637487,-0.24419885643583897,18,-0.09895261227007326,-0.09722185417006284,-1.151652061102028,9,-0.5184903524900688,NA,0.12345197873655388,1
H5B25,DLBE-5,GBCS,5,5,16,4,0,2 SPA/2 ENG,Bilingual,NA,6,2,NA,0,2,NA,Selection,FCT-02,mirar,Intensional,Intensional subjunctive,Subjunctive,1,1,NA,NA,NA,NA,186441,197558,3683993,69785.875,0.6213926472353051,-0.10659234765645834,0.8384533657585245,NA,0.3659305090510331,0.08721387729851288,20,0.16963304960584005,-1.0208294687856596,0.09871303380874394,8,-0.7587663694976616,NA,-1.0493418192607242,1
H5B25,DLBE-5,GBCS,5,5,16,4,0,2 SPA/2 ENG,Bilingual,NA,6,2,NA,0,2,NA,Selection,FCT-10,llevar,Intensional,Intensional subjunctive,Subjunctive,0,0,NA,NA,NA,NA,418316,301022,13841181,173259.875,1.5427536358311489,1.2280164205491535,1.8322740287278596,NA,1.5301452246385066,0.08721387729851288,20,0.16963304960584005,-1.0208294687856596,0.09871303380874394,8,-0.7587663694976616,NA,-1.0493418192607242,0
H5B25,DLBE-5,GBCS,5,5,16,4,0,2 SPA/2 ENG,Bilingual,NA,6,2,NA,0,2,NA,Selection,FCT-17,peinar,Intensional,Intensional subjunctive,Subjunctive,0,0,NA,NA,NA,NA,6151,3173,91504,-124599.125,-1.109464919,-1.1442920342108076,-1.0287065117959315,NA,-1.0864992730033696,0.08721387729851288,20,0.16963304960584005,-1.0208294687856596,0.09871303380874394,8,-0.7587663694976616,NA,-1.0493418192607242,0
H5B25,DLBE-5,GBCS,5,5,16,4,0,2 SPA/2 ENG,Bilingual,NA,6,2,NA,0,2,NA,Selection,FCT-25,llamar,Intensional,Intensional subjunctive,Subjunctive,0,0,NA,NA,NA,NA,303936,207733,8248273,79960.875,0.7119936490228335,0.5696765783610872,0.9361890539758077,NA,0.7529328161684474,0.08721387729851288,20,0.16963304960584005,-1.0208294687856596,0.09871303380874394,8,-0.7587663694976616,NA,-1.0493418192607242,0
H5B25,DLBE-5,GBCS,5,5,16,4,0,2 SPA/2 ENG,Bilingual,NA,6,2,NA,0,2,NA,Selection,FCT-32,cuidar,Intensional,Intensional subjunctive,Subjunctive,0,0,NA,NA,NA,NA,208160,26928,1534607,-100844.1,-0.897943857,0.01841624678734838,-0.8005284996483579,NA,-0.39105612643050475,0.08721387729851288,20,0.16963304960584005,-1.0208294687856596,0.09871303380874394,8,-0.7587663694976616,NA,-1.0493418192607242,0
H5B25,DLBE-5,GBCS,5,5,16,4,0,2 SPA/2 ENG,Bilingual,NA,6,2,NA,0,2,NA,Selection,FCT-40,pintar,Intensional,Intensional subjunctive,Subjunctive,0,0,NA,NA,NA,NA,45606,22466,893704,-105306.125,-0.937674734,-0.9171998985793148,-0.8433881203683105,NA,-0.8802940094738126,0.08721387729851288,20,0.16963304960584005,-1.0208294687856596,0.09871303380874394,8,-0.7587663694976616,NA,-1.0493418192607242,0
H5B25,DLBE-5,GBCS,5,5,16,4,0,2 SPA/2 ENG,Bilingual,NA,6,2,NA,0,2,NA,Selection,FCT-45,tratar,Intensional,Intensional subjunctive,Subjunctive,0,0,NA,NA,NA,NA,590952,203027,9516595,75254.875,0.6700901291788915,2.2216617868367825,0.8909856978332489,NA,1.5563237423350156,0.08721387729851288,20,0.16963304960584005,-1.0208294687856596,0.09871303380874394,8,-0.7587663694976616,NA,-1.0493418192607242,0
H5B25,DLBE-5,GBCS,5,5,16,4,0,2 SPA/2 ENG,Bilingual,NA,6,2,NA,0,2,NA,Selection,FCT-54,amar,Intensional,Intensional subjunctive,Subjunctive,0,0,NA,NA,NA,NA,60260,28864,1318934,-67512.125,-0.601146551,-0.832855502291293,-0.7819323038362045,NA,-0.8073939030637487,0.08721387729851288,20,0.16963304960584005,-1.0208294687856596,0.09871303380874394,8,-0.7587663694976616,NA,-1.0493418192607242,0
H5M01,MLS-5,RBMS,5,5,10,2,2,2 SPA/0 ENG,Monolingual,NA,14,4,NA,0,2,NA,Selection,FCT-02,mirar,Intensional,Intensional subjunctive,Subjunctive,0,0,NA,NA,NA,NA,186441,197558,3683993,69785.875,0.6213926472353051,-0.10659234765645834,0.8384533657585245,NA,0.3659305090510331,-1.1017953945442382,12,-0.972662416140486,2.1539119263861166,1.6930622034993552,18,2.484810966801441,NA,1.2169703639153795,0
H5M01,MLS-5,RBMS,5,5,10,2,2,2 SPA/0 ENG,Monolingual,NA,14,4,NA,0,2,NA,Selection,FCT-10,llevar,Intensional,Intensional subjunctive,Subjunctive,1,1,NA,NA,NA,NA,418316,301022,13841181,173259.875,1.5427536358311489,1.2280164205491535,1.8322740287278596,NA,1.5301452246385066,-1.1017953945442382,12,-0.972662416140486,2.1539119263861166,1.6930622034993552,18,2.484810966801441,NA,1.2169703639153795,1
H5M01,MLS-5,RBMS,5,5,10,2,2,2 SPA/0 ENG,Monolingual,NA,14,4,NA,0,2,NA,Selection,FCT-17,peinar,Intensional,Intensional subjunctive,Subjunctive,0,0,NA,NA,NA,NA,6151,3173,91504,-124599.125,-1.109464919,-1.1442920342108076,-1.0287065117959315,NA,-1.0864992730033696,-1.1017953945442382,12,-0.972662416140486,2.1539119263861166,1.6930622034993552,18,2.484810966801441,NA,1.2169703639153795,0
H5M01,MLS-5,RBMS,5,5,10,2,2,2 SPA/0 ENG,Monolingual,NA,14,4,NA,0,2,NA,Selection,FCT-25,llamar,Intensional,Intensional subjunctive,Subjunctive,0,0,NA,NA,NA,NA,303936,207733,8248273,79960.875,0.7119936490228335,0.5696765783610872,0.9361890539758077,NA,0.7529328161684474,-1.1017953945442382,12,-0.972662416140486,2.1539119263861166,1.6930622034993552,18,2.484810966801441,NA,1.2169703639153795,0
H5M01,MLS-5,RBMS,5,5,10,2,2,2 SPA/0 ENG,Monolingual,NA,14,4,NA,0,2,NA,Selection,FCT-32,cuidar,Intensional,Intensional subjunctive,Subjunctive,0,0,NA,NA,NA,NA,208160,26928,1534607,-100844.1,-0.897943857,0.01841624678734838,-0.8005284996483579,NA,-0.39105612643050475,-1.1017953945442382,12,-0.972662416140486,2.1539119263861166,1.6930622034993552,18,2.484810966801441,NA,1.2169703639153795,0
H5M01,MLS-5,RBMS,5,5,10,2,2,2 SPA/0 ENG,Monolingual,NA,14,4,NA,0,2,NA,Selection,FCT-40,pintar,Intensional,Intensional subjunctive,Subjunctive,1,1,NA,NA,NA,NA,45606,22466,893704,-105306.125,-0.937674734,-0.9171998985793148,-0.8433881203683105,NA,-0.8802940094738126,-1.1017953945442382,12,-0.972662416140486,2.1539119263861166,1.6930622034993552,18,2.484810966801441,NA,1.2169703639153795,1
H5M01,MLS-5,RBMS,5,5,10,2,2,2 SPA/0 ENG,Monolingual,NA,14,4,NA,0,2,NA,Selection,FCT-45,tratar,Intensional,Intensional subjunctive,Subjunctive,0,0,NA,NA,NA,NA,590952,203027,9516595,75254.875,0.6700901291788915,2.2216617868367825,0.8909856978332489,NA,1.5563237423350156,-1.1017953945442382,12,-0.972662416140486,2.1539119263861166,1.6930622034993552,18,2.484810966801441,NA,1.2169703639153795,0
H5M01,MLS-5,RBMS,5,5,10,2,2,2 SPA/0 ENG,Monolingual,NA,14,4,NA,0,2,NA,Selection,FCT-54,amar,Intensional,Intensional subjunctive,Subjunctive,0,0,NA,NA,NA,NA,60260,28864,1318934,-67512.125,-0.601146551,-0.832855502291293,-0.7819323038362045,NA,-0.8073939030637487,-1.1017953945442382,12,-0.972662416140486,2.1539119263861166,1.6930622034993552,18,2.484810966801441,NA,1.2169703639153795,0
H5M02,MLS-5,RBMS,5,5,12,1,2,2 SPA/0 ENG,Monolingual,NA,7,2,4,0,2,NA,Selection,FCT-02,mirar,Intensional,Intensional subjunctive,Subjunctive,0,0,NA,NA,NA,NA,186441,197558,3683993,69785.875,0.6213926472353051,-0.10659234765645834,0.8384533657585245,NA,0.3659305090510331,-0.6711910748405787,13,-0.793554854583817,-0.9960841771094152,0.06656483877006121,9,-0.7711926264839725,NA,1.2169703639153795,0
H5M02,MLS-5,RBMS,5,5,12,1,2,2 SPA/0 ENG,Monolingual,NA,7,2,4,0,2,NA,Selection,FCT-10,llevar,Intensional,Intensional subjunctive,Subjunctive,0,0,NA,NA,NA,NA,418316,301022,13841181,173259.875,1.5427536358311489,1.2280164205491535,1.8322740287278596,NA,1.5301452246385066,-0.6711910748405787,13,-0.793554854583817,-0.9960841771094152,0.06656483877006121,9,-0.7711926264839725,NA,1.2169703639153795,0
H5M02,MLS-5,RBMS,5,5,12,1,2,2 SPA/0 ENG,Monolingual,NA,7,2,4,0,2,NA,Selection,FCT-17,peinar,Intensional,Intensional subjunctive,Subjunctive,0,0,NA,NA,NA,NA,6151,3173,91504,-124599.125,-1.109464919,-1.1442920342108076,-1.0287065117959315,NA,-1.0864992730033696,-0.6711910748405787,13,-0.793554854583817,-0.9960841771094152,0.06656483877006121,9,-0.7711926264839725,NA,1.2169703639153795,0
H5M02,MLS-5,RBMS,5,5,12,1,2,2 SPA/0 ENG,Monolingual,NA,7,2,4,0,2,NA,Selection,FCT-25,llamar,Intensional,Intensional subjunctive,Subjunctive,0,0,NA,NA,NA,NA,303936,207733,8248273,79960.875,0.7119936490228335,0.5696765783610872,0.9361890539758077,NA,0.7529328161684474,-0.6711910748405787,13,-0.793554854583817,-0.9960841771094152,0.06656483877006121,9,-0.7711926264839725,NA,1.2169703639153795,0
H5M02,MLS-5,RBMS,5,5,12,1,2,2 SPA/0 ENG,Monolingual,NA,7,2,4,0,2,NA,Selection,FCT-32,cuidar,Intensional,Intensional subjunctive,Subjunctive,0,0,NA,NA,NA,NA,208160,26928,1534607,-100844.1,-0.897943857,0.01841624678734838,-0.8005284996483579,NA,-0.39105612643050475,-0.6711910748405787,13,-0.793554854583817,-0.9960841771094152,0.06656483877006121,9,-0.7711926264839725,NA,1.2169703639153795,0
H5M02,MLS-5,RBMS,5,5,12,1,2,2 SPA/0 ENG,Monolingual,NA,7,2,4,0,2,NA,Selection,FCT-40,pintar,Intensional,Intensional subjunctive,Subjunctive,0,0,NA,NA,NA,NA,45606,22466,893704,-105306.125,-0.937674734,-0.9171998985793148,-0.8433881203683105,NA,-0.8802940094738126,-0.6711910748405787,13,-0.793554854583817,-0.9960841771094152,0.06656483877006121,9,-0.7711926264839725,NA,1.2169703639153795,0
H5M02,MLS-5,RBMS,5,5,12,1,2,2 SPA/0 ENG,Monolingual,NA,7,2,4,0,2,NA,Selection,FCT-45,tratar,Intensional,Intensional subjunctive,Subjunctive,1,1,NA,NA,NA,NA,590952,203027,9516595,75254.875,0.6700901291788915,2.2216617868367825,0.8909856978332489,NA,1.5563237423350156,-0.6711910748405787,13,-0.793554854583817,-0.9960841771094152,0.06656483877006121,9,-0.7711926264839725,NA,1.2169703639153795,1
H5M02,MLS-5,RBMS,5,5,12,1,2,2 SPA/0 ENG,Monolingual,NA,7,2,4,0,2,NA,Selection,FCT-54,amar,Intensional,Intensional subjunctive,Subjunctive,0,0,NA,NA,NA,NA,60260,28864,1318934,-67512.125,-0.601146551,-0.832855502291293,-0.7819323038362045,NA,-0.8073939030637487,-0.6711910748405787,13,-0.793554854583817,-0.9960841771094152,0.06656483877006121,9,-0.7711926264839725,NA,1.2169703639153795,0
H5M04,MLS-5,RBMS,5,5,22,1,1,2 SPA/1 ENG,Bilingual,NA,8,2,4,0,2,NA,Selection,FCT-02,mirar,Intensional,Intensional subjunctive,Subjunctive,1,1,NA,NA,NA,NA,186441,197558,3683993,69785.875,0.6213926472353051,-0.10659234765645834,0.8384533657585245,NA,0.3659305090510331,1.4818305236777196,23,0.9975207609828723,-0.5460847337529107,0.06656483877006121,10,-0.4094144494522599,NA,0.12616120200079814,1
H5M04,MLS-5,RBMS,5,5,22,1,1,2 SPA/1 ENG,Bilingual,NA,8,2,4,0,2,NA,Selection,FCT-10,llevar,Intensional,Intensional subjunctive,Subjunctive,1,1,NA,NA,NA,NA,418316,301022,13841181,173259.875,1.5427536358311489,1.2280164205491535,1.8322740287278596,NA,1.5301452246385066,1.4818305236777196,23,0.9975207609828723,-0.5460847337529107,0.06656483877006121,10,-0.4094144494522599,NA,0.12616120200079814,1
H5M04,MLS-5,RBMS,5,5,22,1,1,2 SPA/1 ENG,Bilingual,NA,8,2,4,0,2,NA,Selection,FCT-17,peinar,Intensional,Intensional subjunctive,Subjunctive,1,1,NA,NA,NA,NA,6151,3173,91504,-124599.125,-1.109464919,-1.1442920342108076,-1.0287065117959315,NA,-1.0864992730033696,1.4818305236777196,23,0.9975207609828723,-0.5460847337529107,0.06656483877006121,10,-0.4094144494522599,NA,0.12616120200079814,1
H5M04,MLS-5,RBMS,5,5,22,1,1,2 SPA/1 ENG,Bilingual,NA,8,2,4,0,2,NA,Selection,FCT-25,llamar,Intensional,Intensional subjunctive,Subjunctive,1,1,NA,NA,NA,NA,303936,207733,8248273,79960.875,0.7119936490228335,0.5696765783610872,0.9361890539758077,NA,0.7529328161684474,1.4818305236777196,23,0.9975207609828723,-0.5460847337529107,0.06656483877006121,10,-0.4094144494522599,NA,0.12616120200079814,1
H5M04,MLS-5,RBMS,5,5,22,1,1,2 SPA/1 ENG,Bilingual,NA,8,2,4,0,2,NA,Selection,FCT-32,cuidar,Intensional,Intensional subjunctive,Subjunctive,0,0,NA,NA,NA,NA,208160,26928,1534607,-100844.1,-0.897943857,0.01841624678734838,-0.8005284996483579,NA,-0.39105612643050475,1.4818305236777196,23,0.9975207609828723,-0.5460847337529107,0.06656483877006121,10,-0.4094144494522599,NA,0.12616120200079814,0
H5M04,MLS-5,RBMS,5,5,22,1,1,2 SPA/1 ENG,Bilingual,NA,8,2,4,0,2,NA,Selection,FCT-40,pintar,Intensional,Intensional subjunctive,Subjunctive,1,1,NA,NA,NA,NA,45606,22466,893704,-105306.125,-0.937674734,-0.9171998985793148,-0.8433881203683105,NA,-0.8802940094738126,1.4818305236777196,23,0.9975207609828723,-0.5460847337529107,0.06656483877006121,10,-0.4094144494522599,NA,0.12616120200079814,1
H5M04,MLS-5,RBMS,5,5,22,1,1,2 SPA/1 ENG,Bilingual,NA,8,2,4,0,2,NA,Selection,FCT-45,tratar,Intensional,Intensional subjunctive,Subjunctive,0,0,NA,NA,NA,NA,590952,203027,9516595,75254.875,0.6700901291788915,2.2216617868367825,0.8909856978332489,NA,1.5563237423350156,1.4818305236777196,23,0.9975207609828723,-0.5460847337529107,0.06656483877006121,10,-0.4094144494522599,NA,0.12616120200079814,0
H5M04,MLS-5,RBMS,5,5,22,1,1,2 SPA/1 ENG,Bilingual,NA,8,2,4,0,2,NA,Selection,FCT-54,amar,Intensional,Intensional subjunctive,Subjunctive,0,0,NA,NA,NA,NA,60260,28864,1318934,-67512.125,-0.601146551,-0.832855502291293,-0.7819323038362045,NA,-0.8073939030637487,1.4818305236777196,23,0.9975207609828723,-0.5460847337529107,0.06656483877006121,10,-0.4094144494522599,NA,0.12616120200079814,0
H5M05,MLS-5,RBMS,5,5,11,1,0,2 SPA/2 ENG,Bilingual,NA,12,4,3,0,2,NA,Selection,FCT-02,mirar,Intensional,Intensional subjunctive,Subjunctive,1,1,NA,NA,NA,NA,186441,197558,3683993,69785.875,0.6213926472353051,-0.10659234765645834,0.8384533657585245,NA,0.3659305090510331,-0.8864932346924085,12,-0.972662416140486,1.2539130396731075,1.6930622034993552,16,1.7612546127380158,NA,-0.9646479599137832,1
H5M05,MLS-5,RBMS,5,5,11,1,0,2 SPA/2 ENG,Bilingual,NA,12,4,3,0,2,NA,Selection,FCT-10,llevar,Intensional,Intensional subjunctive,Subjunctive,0,0,NA,NA,NA,NA,418316,301022,13841181,173259.875,1.5427536358311489,1.2280164205491535,1.8322740287278596,NA,1.5301452246385066,-0.8864932346924085,12,-0.972662416140486,1.2539130396731075,1.6930622034993552,16,1.7612546127380158,NA,-0.9646479599137832,0
H5M05,MLS-5,RBMS,5,5,11,1,0,2 SPA/2 ENG,Bilingual,NA,12,4,3,0,2,NA,Selection,FCT-17,peinar,Intensional,Intensional subjunctive,Subjunctive,0,0,NA,NA,NA,NA,6151,3173,91504,-124599.125,-1.109464919,-1.1442920342108076,-1.0287065117959315,NA,-1.0864992730033696,-0.8864932346924085,12,-0.972662416140486,1.2539130396731075,1.6930622034993552,16,1.7612546127380158,NA,-0.9646479599137832,0
H5M05,MLS-5,RBMS,5,5,11,1,0,2 SPA/2 ENG,Bilingual,NA,12,4,3,0,2,NA,Selection,FCT-25,llamar,Intensional,Intensional subjunctive,Subjunctive,0,0,NA,NA,NA,NA,303936,207733,8248273,79960.875,0.7119936490228335,0.5696765783610872,0.9361890539758077,NA,0.7529328161684474,-0.8864932346924085,12,-0.972662416140486,1.2539130396731075,1.6930622034993552,16,1.7612546127380158,NA,-0.9646479599137832,0
H5M05,MLS-5,RBMS,5,5,11,1,0,2 SPA/2 ENG,Bilingual,NA,12,4,3,0,2,NA,Selection,FCT-32,cuidar,Intensional,Intensional subjunctive,Subjunctive,0,0,NA,NA,NA,NA,208160,26928,1534607,-100844.1,-0.897943857,0.01841624678734838,-0.8005284996483579,NA,-0.39105612643050475,-0.8864932346924085,12,-0.972662416140486,1.2539130396731075,1.6930622034993552,16,1.7612546127380158,NA,-0.9646479599137832,0
H5M05,MLS-5,RBMS,5,5,11,1,0,2 SPA/2 ENG,Bilingual,NA,12,4,3,0,2,NA,Selection,FCT-40,pintar,Intensional,Intensional subjunctive,Subjunctive,1,1,NA,NA,NA,NA,45606,22466,893704,-105306.125,-0.937674734,-0.9171998985793148,-0.8433881203683105,NA,-0.8802940094738126,-0.8864932346924085,12,-0.972662416140486,1.2539130396731075,1.6930622034993552,16,1.7612546127380158,NA,-0.9646479599137832,1
H5M05,MLS-5,RBMS,5,5,11,1,0,2 SPA/2 ENG,Bilingual,NA,12,4,3,0,2,NA,Selection,FCT-45,tratar,Intensional,Intensional subjunctive,Subjunctive,1,1,NA,NA,NA,NA,590952,203027,9516595,75254.875,0.6700901291788915,2.2216617868367825,0.8909856978332489,NA,1.5563237423350156,-0.8864932346924085,12,-0.972662416140486,1.2539130396731075,1.6930622034993552,16,1.7612546127380158,NA,-0.9646479599137832,1
H5M05,MLS-5,RBMS,5,5,11,1,0,2 SPA/2 ENG,Bilingual,NA,12,4,3,0,2,NA,Selection,FCT-54,amar,Intensional,Intensional subjunctive,Subjunctive,1,1,NA,NA,NA,NA,60260,28864,1318934,-67512.125,-0.601146551,-0.832855502291293,-0.7819323038362045,NA,-0.8073939030637487,-0.8864932346924085,12,-0.972662416140486,1.2539130396731075,1.6930622034993552,16,1.7612546127380158,NA,-0.9646479599137832,1
H5M06,MLS-5,RBMS,5,5,20,2,2,2 SPA/0 ENG,Monolingual,NA,10,3,3,0,2,NA,Selection,FCT-02,mirar,Intensional,Intensional subjunctive,Subjunctive,1,1,NA,NA,NA,NA,186441,197558,3683993,69785.875,0.6213926472353051,-0.10659234765645834,0.8384533657585245,NA,0.3659305090510331,1.05122620397406,22,0.8184131994262035,0.35391415296009837,0.8798135211347082,13,0.6759200816428779,NA,1.2169703639153795,1
H5M06,MLS-5,RBMS,5,5,20,2,2,2 SPA/0 ENG,Monolingual,NA,10,3,3,0,2,NA,Selection,FCT-10,llevar,Intensional,Intensional subjunctive,Subjunctive,1,1,NA,NA,NA,NA,418316,301022,13841181,173259.875,1.5427536358311489,1.2280164205491535,1.8322740287278596,NA,1.5301452246385066,1.05122620397406,22,0.8184131994262035,0.35391415296009837,0.8798135211347082,13,0.6759200816428779,NA,1.2169703639153795,1
H5M06,MLS-5,RBMS,5,5,20,2,2,2 SPA/0 ENG,Monolingual,NA,10,3,3,0,2,NA,Selection,FCT-17,peinar,Intensional,Intensional subjunctive,Subjunctive,1,1,NA,NA,NA,NA,6151,3173,91504,-124599.125,-1.109464919,-1.1442920342108076,-1.0287065117959315,NA,-1.0864992730033696,1.05122620397406,22,0.8184131994262035,0.35391415296009837,0.8798135211347082,13,0.6759200816428779,NA,1.2169703639153795,1
H5M06,MLS-5,RBMS,5,5,20,2,2,2 SPA/0 ENG,Monolingual,NA,10,3,3,0,2,NA,Selection,FCT-25,llamar,Intensional,Intensional subjunctive,Subjunctive,1,1,NA,NA,NA,NA,303936,207733,8248273,79960.875,0.7119936490228335,0.5696765783610872,0.9361890539758077,NA,0.7529328161684474,1.05122620397406,22,0.8184131994262035,0.35391415296009837,0.8798135211347082,13,0.6759200816428779,NA,1.2169703639153795,1
H5M06,MLS-5,RBMS,5,5,20,2,2,2 SPA/0 ENG,Monolingual,NA,10,3,3,0,2,NA,Selection,FCT-32,cuidar,Intensional,Intensional subjunctive,Subjunctive,0,0,NA,NA,NA,NA,208160,26928,1534607,-100844.1,-0.897943857,0.01841624678734838,-0.8005284996483579,NA,-0.39105612643050475,1.05122620397406,22,0.8184131994262035,0.35391415296009837,0.8798135211347082,13,0.6759200816428779,NA,1.2169703639153795,0
H5M06,MLS-5,RBMS,5,5,20,2,2,2 SPA/0 ENG,Monolingual,NA,10,3,3,0,2,NA,Selection,FCT-40,pintar,Intensional,Intensional subjunctive,Subjunctive,1,1,NA,NA,NA,NA,45606,22466,893704,-105306.125,-0.937674734,-0.9171998985793148,-0.8433881203683105,NA,-0.8802940094738126,1.05122620397406,22,0.8184131994262035,0.35391415296009837,0.8798135211347082,13,0.6759200816428779,NA,1.2169703639153795,1
H5M06,MLS-5,RBMS,5,5,20,2,2,2 SPA/0 ENG,Monolingual,NA,10,3,3,0,2,NA,Selection,FCT-45,tratar,Intensional,Intensional subjunctive,Subjunctive,1,1,NA,NA,NA,NA,590952,203027,9516595,75254.875,0.6700901291788915,2.2216617868367825,0.8909856978332489,NA,1.5563237423350156,1.05122620397406,22,0.8184131994262035,0.35391415296009837,0.8798135211347082,13,0.6759200816428779,NA,1.2169703639153795,1
H5M06,MLS-5,RBMS,5,5,20,2,2,2 SPA/0 ENG,Monolingual,NA,10,3,3,0,2,NA,Selection,FCT-54,amar,Intensional,Intensional subjunctive,Subjunctive,1,1,NA,NA,NA,NA,60260,28864,1318934,-67512.125,-0.601146551,-0.832855502291293,-0.7819323038362045,NA,-0.8073939030637487,1.05122620397406,22,0.8184131994262035,0.35391415296009837,0.8798135211347082,13,0.6759200816428779,NA,1.2169703639153795,1
H5M07,MLS-5,RBMS,5,5,15,4,2,2 SPA/0 ENG,Monolingual,NA,9,2,NA,0,2,NA,Selection,FCT-02,mirar,Intensional,Intensional subjunctive,Subjunctive,1,1,NA,NA,NA,NA,186441,197558,3683993,69785.875,0.6213926472353051,-0.10659234765645834,0.8384533657585245,NA,0.3659305090510331,-0.02528459528508922,19,0.2810905147561967,-0.09608529039640616,0.06656483877006121,11,-0.04763627242054728,NA,1.2169703639153795,1
H5M07,MLS-5,RBMS,5,5,15,4,2,2 SPA/0 ENG,Monolingual,NA,9,2,NA,0,2,NA,Selection,FCT-10,llevar,Intensional,Intensional subjunctive,Subjunctive,0,0,NA,NA,NA,NA,418316,301022,13841181,173259.875,1.5427536358311489,1.2280164205491535,1.8322740287278596,NA,1.5301452246385066,-0.02528459528508922,19,0.2810905147561967,-0.09608529039640616,0.06656483877006121,11,-0.04763627242054728,NA,1.2169703639153795,0
H5M07,MLS-5,RBMS,5,5,15,4,2,2 SPA/0 ENG,Monolingual,NA,9,2,NA,0,2,NA,Selection,FCT-17,peinar,Intensional,Intensional subjunctive,Subjunctive,1,1,NA,NA,NA,NA,6151,3173,91504,-124599.125,-1.109464919,-1.1442920342108076,-1.0287065117959315,NA,-1.0864992730033696,-0.02528459528508922,19,0.2810905147561967,-0.09608529039640616,0.06656483877006121,11,-0.04763627242054728,NA,1.2169703639153795,1
H5M07,MLS-5,RBMS,5,5,15,4,2,2 SPA/0 ENG,Monolingual,NA,9,2,NA,0,2,NA,Selection,FCT-25,llamar,Intensional,Intensional subjunctive,Subjunctive,1,1,NA,NA,NA,NA,303936,207733,8248273,79960.875,0.7119936490228335,0.5696765783610872,0.9361890539758077,NA,0.7529328161684474,-0.02528459528508922,19,0.2810905147561967,-0.09608529039640616,0.06656483877006121,11,-0.04763627242054728,NA,1.2169703639153795,1
H5M07,MLS-5,RBMS,5,5,15,4,2,2 SPA/0 ENG,Monolingual,NA,9,2,NA,0,2,NA,Selection,FCT-32,cuidar,Intensional,Intensional subjunctive,Subjunctive,1,1,NA,NA,NA,NA,208160,26928,1534607,-100844.1,-0.897943857,0.01841624678734838,-0.8005284996483579,NA,-0.39105612643050475,-0.02528459528508922,19,0.2810905147561967,-0.09608529039640616,0.06656483877006121,11,-0.04763627242054728,NA,1.2169703639153795,1
H5M07,MLS-5,RBMS,5,5,15,4,2,2 SPA/0 ENG,Monolingual,NA,9,2,NA,0,2,NA,Selection,FCT-40,pintar,Intensional,Intensional subjunctive,Subjunctive,1,1,NA,NA,NA,NA,45606,22466,893704,-105306.125,-0.937674734,-0.9171998985793148,-0.8433881203683105,NA,-0.8802940094738126,-0.02528459528508922,19,0.2810905147561967,-0.09608529039640616,0.06656483877006121,11,-0.04763627242054728,NA,1.2169703639153795,1
H5M07,MLS-5,RBMS,5,5,15,4,2,2 SPA/0 ENG,Monolingual,NA,9,2,NA,0,2,NA,Selection,FCT-45,tratar,Intensional,Intensional subjunctive,Subjunctive,0,0,NA,NA,NA,NA,590952,203027,9516595,75254.875,0.6700901291788915,2.2216617868367825,0.8909856978332489,NA,1.5563237423350156,-0.02528459528508922,19,0.2810905147561967,-0.09608529039640616,0.06656483877006121,11,-0.04763627242054728,NA,1.2169703639153795,0
H5M07,MLS-5,RBMS,5,5,15,4,2,2 SPA/0 ENG,Monolingual,NA,9,2,NA,0,2,NA,Selection,FCT-54,amar,Intensional,Intensional subjunctive,Subjunctive,1,1,NA,NA,NA,NA,60260,28864,1318934,-67512.125,-0.601146551,-0.832855502291293,-0.7819323038362045,NA,-0.8073939030637487,-0.02528459528508922,19,0.2810905147561967,-0.09608529039640616,0.06656483877006121,11,-0.04763627242054728,NA,1.2169703639153795,1
H5M08,MLS-5,RBMS,5,5,18,3,2,2 SPA/0 ENG,Monolingual,NA,9,0,NA,0,2,NA,Selection,FCT-02,mirar,Intensional,Intensional subjunctive,Subjunctive,1,1,NA,NA,NA,NA,186441,197558,3683993,69785.875,0.6213926472353051,-0.10659234765645834,0.8384533657585245,NA,0.3659305090510331,0.6206218842704002,21,0.6393056378695346,-0.09608529039640616,-1.5599325259592327,9,-0.7711926264839725,NA,1.2169703639153795,1
H5M08,MLS-5,RBMS,5,5,18,3,2,2 SPA/0 ENG,Monolingual,NA,9,0,NA,0,2,NA,Selection,FCT-10,llevar,Intensional,Intensional subjunctive,Subjunctive,1,1,NA,NA,NA,NA,418316,301022,13841181,173259.875,1.5427536358311489,1.2280164205491535,1.8322740287278596,NA,1.5301452246385066,0.6206218842704002,21,0.6393056378695346,-0.09608529039640616,-1.5599325259592327,9,-0.7711926264839725,NA,1.2169703639153795,1
H5M08,MLS-5,RBMS,5,5,18,3,2,2 SPA/0 ENG,Monolingual,NA,9,0,NA,0,2,NA,Selection,FCT-17,peinar,Intensional,Intensional subjunctive,Subjunctive,0,0,NA,NA,NA,NA,6151,3173,91504,-124599.125,-1.109464919,-1.1442920342108076,-1.0287065117959315,NA,-1.0864992730033696,0.6206218842704002,21,0.6393056378695346,-0.09608529039640616,-1.5599325259592327,9,-0.7711926264839725,NA,1.2169703639153795,0
H5M08,MLS-5,RBMS,5,5,18,3,2,2 SPA/0 ENG,Monolingual,NA,9,0,NA,0,2,NA,Selection,FCT-25,llamar,Intensional,Intensional subjunctive,Subjunctive,1,1,NA,NA,NA,NA,303936,207733,8248273,79960.875,0.7119936490228335,0.5696765783610872,0.9361890539758077,NA,0.7529328161684474,0.6206218842704002,21,0.6393056378695346,-0.09608529039640616,-1.5599325259592327,9,-0.7711926264839725,NA,1.2169703639153795,1
H5M08,MLS-5,RBMS,5,5,18,3,2,2 SPA/0 ENG,Monolingual,NA,9,0,NA,0,2,NA,Selection,FCT-32,cuidar,Intensional,Intensional subjunctive,Subjunctive,0,0,NA,NA,NA,NA,208160,26928,1534607,-100844.1,-0.897943857,0.01841624678734838,-0.8005284996483579,NA,-0.39105612643050475,0.6206218842704002,21,0.6393056378695346,-0.09608529039640616,-1.5599325259592327,9,-0.7711926264839725,NA,1.2169703639153795,0
H5M08,MLS-5,RBMS,5,5,18,3,2,2 SPA/0 ENG,Monolingual,NA,9,0,NA,0,2,NA,Selection,FCT-40,pintar,Intensional,Intensional subjunctive,Subjunctive,1,1,NA,NA,NA,NA,45606,22466,893704,-105306.125,-0.937674734,-0.9171998985793148,-0.8433881203683105,NA,-0.8802940094738126,0.6206218842704002,21,0.6393056378695346,-0.09608529039640616,-1.5599325259592327,9,-0.7711926264839725,NA,1.2169703639153795,1
H5M08,MLS-5,RBMS,5,5,18,3,2,2 SPA/0 ENG,Monolingual,NA,9,0,NA,0,2,NA,Selection,FCT-45,tratar,Intensional,Intensional subjunctive,Subjunctive,0,0,NA,NA,NA,NA,590952,203027,9516595,75254.875,0.6700901291788915,2.2216617868367825,0.8909856978332489,NA,1.5563237423350156,0.6206218842704002,21,0.6393056378695346,-0.09608529039640616,-1.5599325259592327,9,-0.7711926264839725,NA,1.2169703639153795,0
H5M08,MLS-5,RBMS,5,5,18,3,2,2 SPA/0 ENG,Monolingual,NA,9,0,NA,0,2,NA,Selection,FCT-54,amar,Intensional,Intensional subjunctive,Subjunctive,0,0,NA,NA,NA,NA,60260,28864,1318934,-67512.125,-0.601146551,-0.832855502291293,-0.7819323038362045,NA,-0.8073939030637487,0.6206218842704002,21,0.6393056378695346,-0.09608529039640616,-1.5599325259592327,9,-0.7711926264839725,NA,1.2169703639153795,0
H5M10,MLS-5,RBMS,5,5,11,0,2,2 SPA/0 ENG,Monolingual,NA,11,0,3,0,2,NA,Selection,FCT-02,mirar,Intensional,Intensional subjunctive,Subjunctive,0,0,NA,NA,NA,NA,186441,197558,3683993,69785.875,0.6213926472353051,-0.10659234765645834,0.8384533657585245,NA,0.3659305090510331,-0.8864932346924085,11,-1.1517699776971548,0.8039135963166029,-1.5599325259592327,11,-0.04763627242054728,NA,1.2169703639153795,0
H5M10,MLS-5,RBMS,5,5,11,0,2,2 SPA/0 ENG,Monolingual,NA,11,0,3,0,2,NA,Selection,FCT-10,llevar,Intensional,Intensional subjunctive,Subjunctive,1,1,NA,NA,NA,NA,418316,301022,13841181,173259.875,1.5427536358311489,1.2280164205491535,1.8322740287278596,NA,1.5301452246385066,-0.8864932346924085,11,-1.1517699776971548,0.8039135963166029,-1.5599325259592327,11,-0.04763627242054728,NA,1.2169703639153795,1
H5M10,MLS-5,RBMS,5,5,11,0,2,2 SPA/0 ENG,Monolingual,NA,11,0,3,0,2,NA,Selection,FCT-17,peinar,Intensional,Intensional subjunctive,Subjunctive,0,0,NA,NA,NA,NA,6151,3173,91504,-124599.125,-1.109464919,-1.1442920342108076,-1.0287065117959315,NA,-1.0864992730033696,-0.8864932346924085,11,-1.1517699776971548,0.8039135963166029,-1.5599325259592327,11,-0.04763627242054728,NA,1.2169703639153795,0
H5M10,MLS-5,RBMS,5,5,11,0,2,2 SPA/0 ENG,Monolingual,NA,11,0,3,0,2,NA,Selection,FCT-25,llamar,Intensional,Intensional subjunctive,Subjunctive,1,1,NA,NA,NA,NA,303936,207733,8248273,79960.875,0.7119936490228335,0.5696765783610872,0.9361890539758077,NA,0.7529328161684474,-0.8864932346924085,11,-1.1517699776971548,0.8039135963166029,-1.5599325259592327,11,-0.04763627242054728,NA,1.2169703639153795,1
H5M10,MLS-5,RBMS,5,5,11,0,2,2 SPA/0 ENG,Monolingual,NA,11,0,3,0,2,NA,Selection,FCT-32,cuidar,Intensional,Intensional subjunctive,Subjunctive,0,0,NA,NA,NA,NA,208160,26928,1534607,-100844.1,-0.897943857,0.01841624678734838,-0.8005284996483579,NA,-0.39105612643050475,-0.8864932346924085,11,-1.1517699776971548,0.8039135963166029,-1.5599325259592327,11,-0.04763627242054728,NA,1.2169703639153795,0
H5M10,MLS-5,RBMS,5,5,11,0,2,2 SPA/0 ENG,Monolingual,NA,11,0,3,0,2,NA,Selection,FCT-40,pintar,Intensional,Intensional subjunctive,Subjunctive,1,1,NA,NA,NA,NA,45606,22466,893704,-105306.125,-0.937674734,-0.9171998985793148,-0.8433881203683105,NA,-0.8802940094738126,-0.8864932346924085,11,-1.1517699776971548,0.8039135963166029,-1.5599325259592327,11,-0.04763627242054728,NA,1.2169703639153795,1
H5M10,MLS-5,RBMS,5,5,11,0,2,2 SPA/0 ENG,Monolingual,NA,11,0,3,0,2,NA,Selection,FCT-45,tratar,Intensional,Intensional subjunctive,Subjunctive,1,1,NA,NA,NA,NA,590952,203027,9516595,75254.875,0.6700901291788915,2.2216617868367825,0.8909856978332489,NA,1.5563237423350156,-0.8864932346924085,11,-1.1517699776971548,0.8039135963166029,-1.5599325259592327,11,-0.04763627242054728,NA,1.2169703639153795,1
H5M10,MLS-5,RBMS,5,5,11,0,2,2 SPA/0 ENG,Monolingual,NA,11,0,3,0,2,NA,Selection,FCT-54,amar,Intensional,Intensional subjunctive,Subjunctive,0,0,NA,NA,NA,NA,60260,28864,1318934,-67512.125,-0.601146551,-0.832855502291293,-0.7819323038362045,NA,-0.8073939030637487,-0.8864932346924085,11,-1.1517699776971548,0.8039135963166029,-1.5599325259592327,11,-0.04763627242054728,NA,1.2169703639153795,0
H5M13,MLS-5,RBMS,5,5,11,0,0,2 SPA/2 ENG,Bilingual,NA,6,2,4,0,2,NA,Selection,FCT-02,mirar,Intensional,Intensional subjunctive,Subjunctive,1,1,NA,NA,NA,NA,186441,197558,3683993,69785.875,0.6213926472353051,-0.10659234765645834,0.8384533657585245,NA,0.3659305090510331,-0.8864932346924085,11,-1.1517699776971548,-1.4460836204659198,0.06656483877006121,8,-1.1329708035156851,NA,-0.9646479599137832,1
H5M13,MLS-5,RBMS,5,5,11,0,0,2 SPA/2 ENG,Bilingual,NA,6,2,4,0,2,NA,Selection,FCT-10,llevar,Intensional,Intensional subjunctive,Subjunctive,0,0,NA,NA,NA,NA,418316,301022,13841181,173259.875,1.5427536358311489,1.2280164205491535,1.8322740287278596,NA,1.5301452246385066,-0.8864932346924085,11,-1.1517699776971548,-1.4460836204659198,0.06656483877006121,8,-1.1329708035156851,NA,-0.9646479599137832,0
H5M13,MLS-5,RBMS,5,5,11,0,0,2 SPA/2 ENG,Bilingual,NA,6,2,4,0,2,NA,Selection,FCT-17,peinar,Intensional,Intensional subjunctive,Subjunctive,0,0,NA,NA,NA,NA,6151,3173,91504,-124599.125,-1.109464919,-1.1442920342108076,-1.0287065117959315,NA,-1.0864992730033696,-0.8864932346924085,11,-1.1517699776971548,-1.4460836204659198,0.06656483877006121,8,-1.1329708035156851,NA,-0.9646479599137832,0
H5M13,MLS-5,RBMS,5,5,11,0,0,2 SPA/2 ENG,Bilingual,NA,6,2,4,0,2,NA,Selection,FCT-25,llamar,Intensional,Intensional subjunctive,Subjunctive,1,1,NA,NA,NA,NA,303936,207733,8248273,79960.875,0.7119936490228335,0.5696765783610872,0.9361890539758077,NA,0.7529328161684474,-0.8864932346924085,11,-1.1517699776971548,-1.4460836204659198,0.06656483877006121,8,-1.1329708035156851,NA,-0.9646479599137832,1
H5M13,MLS-5,RBMS,5,5,11,0,0,2 SPA/2 ENG,Bilingual,NA,6,2,4,0,2,NA,Selection,FCT-32,cuidar,Intensional,Intensional subjunctive,Subjunctive,0,0,NA,NA,NA,NA,208160,26928,1534607,-100844.1,-0.897943857,0.01841624678734838,-0.8005284996483579,NA,-0.39105612643050475,-0.8864932346924085,11,-1.1517699776971548,-1.4460836204659198,0.06656483877006121,8,-1.1329708035156851,NA,-0.9646479599137832,0
H5M13,MLS-5,RBMS,5,5,11,0,0,2 SPA/2 ENG,Bilingual,NA,6,2,4,0,2,NA,Selection,FCT-40,pintar,Intensional,Intensional subjunctive,Subjunctive,0,0,NA,NA,NA,NA,45606,22466,893704,-105306.125,-0.937674734,-0.9171998985793148,-0.8433881203683105,NA,-0.8802940094738126,-0.8864932346924085,11,-1.1517699776971548,-1.4460836204659198,0.06656483877006121,8,-1.1329708035156851,NA,-0.9646479599137832,0
H5M13,MLS-5,RBMS,5,5,11,0,0,2 SPA/2 ENG,Bilingual,NA,6,2,4,0,2,NA,Selection,FCT-45,tratar,Intensional,Intensional subjunctive,Subjunctive,1,1,NA,NA,NA,NA,590952,203027,9516595,75254.875,0.6700901291788915,2.2216617868367825,0.8909856978332489,NA,1.5563237423350156,-0.8864932346924085,11,-1.1517699776971548,-1.4460836204659198,0.06656483877006121,8,-1.1329708035156851,NA,-0.9646479599137832,1
H5M13,MLS-5,RBMS,5,5,11,0,0,2 SPA/2 ENG,Bilingual,NA,6,2,4,0,2,NA,Selection,FCT-54,amar,Intensional,Intensional subjunctive,Subjunctive,1,1,NA,NA,NA,NA,60260,28864,1318934,-67512.125,-0.601146551,-0.832855502291293,-0.7819323038362045,NA,-0.8073939030637487,-0.8864932346924085,11,-1.1517699776971548,-1.4460836204659198,0.06656483877006121,8,-1.1329708035156851,NA,-0.9646479599137832,1
H5M16,MLS-5,RBMS,5,5,8,3,2,2 SPA/0 ENG,Monolingual,NA,9,1,1,0,2,NA,Selection,FCT-02,mirar,Intensional,Intensional subjunctive,Subjunctive,0,0,NA,NA,NA,NA,186441,197558,3683993,69785.875,0.6213926472353051,-0.10659234765645834,0.8384533657585245,NA,0.3659305090510331,-1.532399714247898,11,-1.1517699776971548,-0.09608529039640616,-0.7466838435945857,10,-0.4094144494522599,NA,1.2169703639153795,0
H5M16,MLS-5,RBMS,5,5,8,3,2,2 SPA/0 ENG,Monolingual,NA,9,1,1,0,2,NA,Selection,FCT-10,llevar,Intensional,Intensional subjunctive,Subjunctive,1,1,NA,NA,NA,NA,418316,301022,13841181,173259.875,1.5427536358311489,1.2280164205491535,1.8322740287278596,NA,1.5301452246385066,-1.532399714247898,11,-1.1517699776971548,-0.09608529039640616,-0.7466838435945857,10,-0.4094144494522599,NA,1.2169703639153795,1
H5M16,MLS-5,RBMS,5,5,8,3,2,2 SPA/0 ENG,Monolingual,NA,9,1,1,0,2,NA,Selection,FCT-17,peinar,Intensional,Intensional subjunctive,Subjunctive,0,0,NA,NA,NA,NA,6151,3173,91504,-124599.125,-1.109464919,-1.1442920342108076,-1.0287065117959315,NA,-1.0864992730033696,-1.532399714247898,11,-1.1517699776971548,-0.09608529039640616,-0.7466838435945857,10,-0.4094144494522599,NA,1.2169703639153795,0
H5M16,MLS-5,RBMS,5,5,8,3,2,2 SPA/0 ENG,Monolingual,NA,9,1,1,0,2,NA,Selection,FCT-25,llamar,Intensional,Intensional subjunctive,Subjunctive,1,1,NA,NA,NA,NA,303936,207733,8248273,79960.875,0.7119936490228335,0.5696765783610872,0.9361890539758077,NA,0.7529328161684474,-1.532399714247898,11,-1.1517699776971548,-0.09608529039640616,-0.7466838435945857,10,-0.4094144494522599,NA,1.2169703639153795,1
H5M16,MLS-5,RBMS,5,5,8,3,2,2 SPA/0 ENG,Monolingual,NA,9,1,1,0,2,NA,Selection,FCT-32,cuidar,Intensional,Intensional subjunctive,Subjunctive,0,0,NA,NA,NA,NA,208160,26928,1534607,-100844.1,-0.897943857,0.01841624678734838,-0.8005284996483579,NA,-0.39105612643050475,-1.532399714247898,11,-1.1517699776971548,-0.09608529039640616,-0.7466838435945857,10,-0.4094144494522599,NA,1.2169703639153795,0
H5M16,MLS-5,RBMS,5,5,8,3,2,2 SPA/0 ENG,Monolingual,NA,9,1,1,0,2,NA,Selection,FCT-40,pintar,Intensional,Intensional subjunctive,Subjunctive,0,0,NA,NA,NA,NA,45606,22466,893704,-105306.125,-0.937674734,-0.9171998985793148,-0.8433881203683105,NA,-0.8802940094738126,-1.532399714247898,11,-1.1517699776971548,-0.09608529039640616,-0.7466838435945857,10,-0.4094144494522599,NA,1.2169703639153795,0
H5M16,MLS-5,RBMS,5,5,8,3,2,2 SPA/0 ENG,Monolingual,NA,9,1,1,0,2,NA,Selection,FCT-45,tratar,Intensional,Intensional subjunctive,Subjunctive,0,0,NA,NA,NA,NA,590952,203027,9516595,75254.875,0.6700901291788915,2.2216617868367825,0.8909856978332489,NA,1.5563237423350156,-1.532399714247898,11,-1.1517699776971548,-0.09608529039640616,-0.7466838435945857,10,-0.4094144494522599,NA,1.2169703639153795,0
H5M16,MLS-5,RBMS,5,5,8,3,2,2 SPA/0 ENG,Monolingual,NA,9,1,1,0,2,NA,Selection,FCT-54,amar,Intensional,Intensional subjunctive,Subjunctive,1,1,NA,NA,NA,NA,60260,28864,1318934,-67512.125,-0.601146551,-0.832855502291293,-0.7819323038362045,NA,-0.8073939030637487,-1.532399714247898,11,-1.1517699776971548,-0.09608529039640616,-0.7466838435945857,10,-0.4094144494522599,NA,1.2169703639153795,1
H5M17,MLS-5,RBMS,5,5,9,0,0,2 SPA/2 ENG,Bilingual,NA,8,3,NA,0,2,NA,Selection,FCT-02,mirar,Intensional,Intensional subjunctive,Subjunctive,0,0,NA,NA,NA,NA,186441,197558,3683993,69785.875,0.6213926472353051,-0.10659234765645834,0.8384533657585245,NA,0.3659305090510331,-1.317097554396068,9,-1.5099851008104928,-0.5460847337529107,0.8798135211347082,11,-0.04763627242054728,NA,-0.9646479599137832,0
H5M17,MLS-5,RBMS,5,5,9,0,0,2 SPA/2 ENG,Bilingual,NA,8,3,NA,0,2,NA,Selection,FCT-10,llevar,Intensional,Intensional subjunctive,Subjunctive,1,1,NA,NA,NA,NA,418316,301022,13841181,173259.875,1.5427536358311489,1.2280164205491535,1.8322740287278596,NA,1.5301452246385066,-1.317097554396068,9,-1.5099851008104928,-0.5460847337529107,0.8798135211347082,11,-0.04763627242054728,NA,-0.9646479599137832,1
H5M17,MLS-5,RBMS,5,5,9,0,0,2 SPA/2 ENG,Bilingual,NA,8,3,NA,0,2,NA,Selection,FCT-17,peinar,Intensional,Intensional subjunctive,Subjunctive,0,0,NA,NA,NA,NA,6151,3173,91504,-124599.125,-1.109464919,-1.1442920342108076,-1.0287065117959315,NA,-1.0864992730033696,-1.317097554396068,9,-1.5099851008104928,-0.5460847337529107,0.8798135211347082,11,-0.04763627242054728,NA,-0.9646479599137832,0
H5M17,MLS-5,RBMS,5,5,9,0,0,2 SPA/2 ENG,Bilingual,NA,8,3,NA,0,2,NA,Selection,FCT-25,llamar,Intensional,Intensional subjunctive,Subjunctive,1,1,NA,NA,NA,NA,303936,207733,8248273,79960.875,0.7119936490228335,0.5696765783610872,0.9361890539758077,NA,0.7529328161684474,-1.317097554396068,9,-1.5099851008104928,-0.5460847337529107,0.8798135211347082,11,-0.04763627242054728,NA,-0.9646479599137832,1
H5M17,MLS-5,RBMS,5,5,9,0,0,2 SPA/2 ENG,Bilingual,NA,8,3,NA,0,2,NA,Selection,FCT-32,cuidar,Intensional,Intensional subjunctive,Subjunctive,0,0,NA,NA,NA,NA,208160,26928,1534607,-100844.1,-0.897943857,0.01841624678734838,-0.8005284996483579,NA,-0.39105612643050475,-1.317097554396068,9,-1.5099851008104928,-0.5460847337529107,0.8798135211347082,11,-0.04763627242054728,NA,-0.9646479599137832,0
H5M17,MLS-5,RBMS,5,5,9,0,0,2 SPA/2 ENG,Bilingual,NA,8,3,NA,0,2,NA,Selection,FCT-40,pintar,Intensional,Intensional subjunctive,Subjunctive,1,1,NA,NA,NA,NA,45606,22466,893704,-105306.125,-0.937674734,-0.9171998985793148,-0.8433881203683105,NA,-0.8802940094738126,-1.317097554396068,9,-1.5099851008104928,-0.5460847337529107,0.8798135211347082,11,-0.04763627242054728,NA,-0.9646479599137832,1
H5M17,MLS-5,RBMS,5,5,9,0,0,2 SPA/2 ENG,Bilingual,NA,8,3,NA,0,2,NA,Selection,FCT-45,tratar,Intensional,Intensional subjunctive,Subjunctive,1,1,NA,NA,NA,NA,590952,203027,9516595,75254.875,0.6700901291788915,2.2216617868367825,0.8909856978332489,NA,1.5563237423350156,-1.317097554396068,9,-1.5099851008104928,-0.5460847337529107,0.8798135211347082,11,-0.04763627242054728,NA,-0.9646479599137832,1
H5M17,MLS-5,RBMS,5,5,9,0,0,2 SPA/2 ENG,Bilingual,NA,8,3,NA,0,2,NA,Selection,FCT-54,amar,Intensional,Intensional subjunctive,Subjunctive,0,0,NA,NA,NA,NA,60260,28864,1318934,-67512.125,-0.601146551,-0.832855502291293,-0.7819323038362045,NA,-0.8073939030637487,-1.317097554396068,9,-1.5099851008104928,-0.5460847337529107,0.8798135211347082,11,-0.04763627242054728,NA,-0.9646479599137832,0
H5M18,MLS-5,RBMS,5,5,15,1,2,2 SPA/0 ENG,Monolingual,NA,5,1,NA,0,2,NA,Selection,FCT-02,mirar,Intensional,Intensional subjunctive,Subjunctive,0,0,NA,NA,NA,NA,186441,197558,3683993,69785.875,0.6213926472353051,-0.10659234765645834,0.8384533657585245,NA,0.3659305090510331,-0.02528459528508922,16,-0.25623216991381015,-1.896083063822424,-0.7466838435945857,6,-1.8565271575791105,NA,1.2169703639153795,0
H5M18,MLS-5,RBMS,5,5,15,1,2,2 SPA/0 ENG,Monolingual,NA,5,1,NA,0,2,NA,Selection,FCT-10,llevar,Intensional,Intensional subjunctive,Subjunctive,1,1,NA,NA,NA,NA,418316,301022,13841181,173259.875,1.5427536358311489,1.2280164205491535,1.8322740287278596,NA,1.5301452246385066,-0.02528459528508922,16,-0.25623216991381015,-1.896083063822424,-0.7466838435945857,6,-1.8565271575791105,NA,1.2169703639153795,1
H5M18,MLS-5,RBMS,5,5,15,1,2,2 SPA/0 ENG,Monolingual,NA,5,1,NA,0,2,NA,Selection,FCT-17,peinar,Intensional,Intensional subjunctive,Subjunctive,0,0,NA,NA,NA,NA,6151,3173,91504,-124599.125,-1.109464919,-1.1442920342108076,-1.0287065117959315,NA,-1.0864992730033696,-0.02528459528508922,16,-0.25623216991381015,-1.896083063822424,-0.7466838435945857,6,-1.8565271575791105,NA,1.2169703639153795,0
H5M18,MLS-5,RBMS,5,5,15,1,2,2 SPA/0 ENG,Monolingual,NA,5,1,NA,0,2,NA,Selection,FCT-25,llamar,Intensional,Intensional subjunctive,Subjunctive,0,0,NA,NA,NA,NA,303936,207733,8248273,79960.875,0.7119936490228335,0.5696765783610872,0.9361890539758077,NA,0.7529328161684474,-0.02528459528508922,16,-0.25623216991381015,-1.896083063822424,-0.7466838435945857,6,-1.8565271575791105,NA,1.2169703639153795,0
H5M18,MLS-5,RBMS,5,5,15,1,2,2 SPA/0 ENG,Monolingual,NA,5,1,NA,0,2,NA,Selection,FCT-32,cuidar,Intensional,Intensional subjunctive,Subjunctive,0,0,NA,NA,NA,NA,208160,26928,1534607,-100844.1,-0.897943857,0.01841624678734838,-0.8005284996483579,NA,-0.39105612643050475,-0.02528459528508922,16,-0.25623216991381015,-1.896083063822424,-0.7466838435945857,6,-1.8565271575791105,NA,1.2169703639153795,0
H5M18,MLS-5,RBMS,5,5,15,1,2,2 SPA/0 ENG,Monolingual,NA,5,1,NA,0,2,NA,Selection,FCT-40,pintar,Intensional,Intensional subjunctive,Subjunctive,1,1,NA,NA,NA,NA,45606,22466,893704,-105306.125,-0.937674734,-0.9171998985793148,-0.8433881203683105,NA,-0.8802940094738126,-0.02528459528508922,16,-0.25623216991381015,-1.896083063822424,-0.7466838435945857,6,-1.8565271575791105,NA,1.2169703639153795,1
H5M18,MLS-5,RBMS,5,5,15,1,2,2 SPA/0 ENG,Monolingual,NA,5,1,NA,0,2,NA,Selection,FCT-45,tratar,Intensional,Intensional subjunctive,Subjunctive,1,1,NA,NA,NA,NA,590952,203027,9516595,75254.875,0.6700901291788915,2.2216617868367825,0.8909856978332489,NA,1.5563237423350156,-0.02528459528508922,16,-0.25623216991381015,-1.896083063822424,-0.7466838435945857,6,-1.8565271575791105,NA,1.2169703639153795,1
H5M18,MLS-5,RBMS,5,5,15,1,2,2 SPA/0 ENG,Monolingual,NA,5,1,NA,0,2,NA,Selection,FCT-54,amar,Intensional,Intensional subjunctive,Subjunctive,1,1,NA,NA,NA,NA,60260,28864,1318934,-67512.125,-0.601146551,-0.832855502291293,-0.7819323038362045,NA,-0.8073939030637487,-0.02528459528508922,16,-0.25623216991381015,-1.896083063822424,-0.7466838435945857,6,-1.8565271575791105,NA,1.2169703639153795,1
H5M19,MLS-5,RBMS,5,5,15,0,0,2 SPA/2 ENG,Bilingual,NA,8,0,NA,0,2,NA,Selection,FCT-02,mirar,Intensional,Intensional subjunctive,Subjunctive,1,1,NA,NA,NA,NA,186441,197558,3683993,69785.875,0.6213926472353051,-0.10659234765645834,0.8384533657585245,NA,0.3659305090510331,-0.02528459528508922,15,-0.4353397314704791,-0.5460847337529107,-1.5599325259592327,8,-1.1329708035156851,NA,-0.9646479599137832,1
H5M19,MLS-5,RBMS,5,5,15,0,0,2 SPA/2 ENG,Bilingual,NA,8,0,NA,0,2,NA,Selection,FCT-10,llevar,Intensional,Intensional subjunctive,Subjunctive,1,1,NA,NA,NA,NA,418316,301022,13841181,173259.875,1.5427536358311489,1.2280164205491535,1.8322740287278596,NA,1.5301452246385066,-0.02528459528508922,15,-0.4353397314704791,-0.5460847337529107,-1.5599325259592327,8,-1.1329708035156851,NA,-0.9646479599137832,1
H5M19,MLS-5,RBMS,5,5,15,0,0,2 SPA/2 ENG,Bilingual,NA,8,0,NA,0,2,NA,Selection,FCT-17,peinar,Intensional,Intensional subjunctive,Subjunctive,1,1,NA,NA,NA,NA,6151,3173,91504,-124599.125,-1.109464919,-1.1442920342108076,-1.0287065117959315,NA,-1.0864992730033696,-0.02528459528508922,15,-0.4353397314704791,-0.5460847337529107,-1.5599325259592327,8,-1.1329708035156851,NA,-0.9646479599137832,1
H5M19,MLS-5,RBMS,5,5,15,0,0,2 SPA/2 ENG,Bilingual,NA,8,0,NA,0,2,NA,Selection,FCT-25,llamar,Intensional,Intensional subjunctive,Subjunctive,0,0,NA,NA,NA,NA,303936,207733,8248273,79960.875,0.7119936490228335,0.5696765783610872,0.9361890539758077,NA,0.7529328161684474,-0.02528459528508922,15,-0.4353397314704791,-0.5460847337529107,-1.5599325259592327,8,-1.1329708035156851,NA,-0.9646479599137832,0
H5M19,MLS-5,RBMS,5,5,15,0,0,2 SPA/2 ENG,Bilingual,NA,8,0,NA,0,2,NA,Selection,FCT-32,cuidar,Intensional,Intensional subjunctive,Subjunctive,0,0,NA,NA,NA,NA,208160,26928,1534607,-100844.1,-0.897943857,0.01841624678734838,-0.8005284996483579,NA,-0.39105612643050475,-0.02528459528508922,15,-0.4353397314704791,-0.5460847337529107,-1.5599325259592327,8,-1.1329708035156851,NA,-0.9646479599137832,0
H5M19,MLS-5,RBMS,5,5,15,0,0,2 SPA/2 ENG,Bilingual,NA,8,0,NA,0,2,NA,Selection,FCT-40,pintar,Intensional,Intensional subjunctive,Subjunctive,0,0,NA,NA,NA,NA,45606,22466,893704,-105306.125,-0.937674734,-0.9171998985793148,-0.8433881203683105,NA,-0.8802940094738126,-0.02528459528508922,15,-0.4353397314704791,-0.5460847337529107,-1.5599325259592327,8,-1.1329708035156851,NA,-0.9646479599137832,0
H5M19,MLS-5,RBMS,5,5,15,0,0,2 SPA/2 ENG,Bilingual,NA,8,0,NA,0,2,NA,Selection,FCT-45,tratar,Intensional,Intensional subjunctive,Subjunctive,0,0,NA,NA,NA,NA,590952,203027,9516595,75254.875,0.6700901291788915,2.2216617868367825,0.8909856978332489,NA,1.5563237423350156,-0.02528459528508922,15,-0.4353397314704791,-0.5460847337529107,-1.5599325259592327,8,-1.1329708035156851,NA,-0.9646479599137832,0
H5M19,MLS-5,RBMS,5,5,15,0,0,2 SPA/2 ENG,Bilingual,NA,8,0,NA,0,2,NA,Selection,FCT-54,amar,Intensional,Intensional subjunctive,Subjunctive,1,1,NA,NA,NA,NA,60260,28864,1318934,-67512.125,-0.601146551,-0.832855502291293,-0.7819323038362045,NA,-0.8073939030637487,-0.02528459528508922,15,-0.4353397314704791,-0.5460847337529107,-1.5599325259592327,8,-1.1329708035156851,NA,-0.9646479599137832,1
H5M20,MLS-5,RBMS,5,5,15,2,2,2 SPA/0 ENG,Monolingual,NA,10,2,NA,0,2,NA,Selection,FCT-02,mirar,Intensional,Intensional subjunctive,Subjunctive,0,0,NA,NA,NA,NA,186441,197558,3683993,69785.875,0.6213926472353051,-0.10659234765645834,0.8384533657585245,NA,0.3659305090510331,-0.02528459528508922,17,-0.0771246083571412,0.35391415296009837,0.06656483877006121,12,0.3141419046111653,NA,1.2169703639153795,0
H5M20,MLS-5,RBMS,5,5,15,2,2,2 SPA/0 ENG,Monolingual,NA,10,2,NA,0,2,NA,Selection,FCT-10,llevar,Intensional,Intensional subjunctive,Subjunctive,0,0,NA,NA,NA,NA,418316,301022,13841181,173259.875,1.5427536358311489,1.2280164205491535,1.8322740287278596,NA,1.5301452246385066,-0.02528459528508922,17,-0.0771246083571412,0.35391415296009837,0.06656483877006121,12,0.3141419046111653,NA,1.2169703639153795,0
H5M20,MLS-5,RBMS,5,5,15,2,2,2 SPA/0 ENG,Monolingual,NA,10,2,NA,0,2,NA,Selection,FCT-17,peinar,Intensional,Intensional subjunctive,Subjunctive,1,1,NA,NA,NA,NA,6151,3173,91504,-124599.125,-1.109464919,-1.1442920342108076,-1.0287065117959315,NA,-1.0864992730033696,-0.02528459528508922,17,-0.0771246083571412,0.35391415296009837,0.06656483877006121,12,0.3141419046111653,NA,1.2169703639153795,1
H5M20,MLS-5,RBMS,5,5,15,2,2,2 SPA/0 ENG,Monolingual,NA,10,2,NA,0,2,NA,Selection,FCT-25,llamar,Intensional,Intensional subjunctive,Subjunctive,1,1,NA,NA,NA,NA,303936,207733,8248273,79960.875,0.7119936490228335,0.5696765783610872,0.9361890539758077,NA,0.7529328161684474,-0.02528459528508922,17,-0.0771246083571412,0.35391415296009837,0.06656483877006121,12,0.3141419046111653,NA,1.2169703639153795,1
H5M20,MLS-5,RBMS,5,5,15,2,2,2 SPA/0 ENG,Monolingual,NA,10,2,NA,0,2,NA,Selection,FCT-32,cuidar,Intensional,Intensional subjunctive,Subjunctive,1,1,NA,NA,NA,NA,208160,26928,1534607,-100844.1,-0.897943857,0.01841624678734838,-0.8005284996483579,NA,-0.39105612643050475,-0.02528459528508922,17,-0.0771246083571412,0.35391415296009837,0.06656483877006121,12,0.3141419046111653,NA,1.2169703639153795,1
H5M20,MLS-5,RBMS,5,5,15,2,2,2 SPA/0 ENG,Monolingual,NA,10,2,NA,0,2,NA,Selection,FCT-40,pintar,Intensional,Intensional subjunctive,Subjunctive,1,1,NA,NA,NA,NA,45606,22466,893704,-105306.125,-0.937674734,-0.9171998985793148,-0.8433881203683105,NA,-0.8802940094738126,-0.02528459528508922,17,-0.0771246083571412,0.35391415296009837,0.06656483877006121,12,0.3141419046111653,NA,1.2169703639153795,1
H5M20,MLS-5,RBMS,5,5,15,2,2,2 SPA/0 ENG,Monolingual,NA,10,2,NA,0,2,NA,Selection,FCT-45,tratar,Intensional,Intensional subjunctive,Subjunctive,0,0,NA,NA,NA,NA,590952,203027,9516595,75254.875,0.6700901291788915,2.2216617868367825,0.8909856978332489,NA,1.5563237423350156,-0.02528459528508922,17,-0.0771246083571412,0.35391415296009837,0.06656483877006121,12,0.3141419046111653,NA,1.2169703639153795,0
H5M20,MLS-5,RBMS,5,5,15,2,2,2 SPA/0 ENG,Monolingual,NA,10,2,NA,0,2,NA,Selection,FCT-54,amar,Intensional,Intensional subjunctive,Subjunctive,1,1,NA,NA,NA,NA,60260,28864,1318934,-67512.125,-0.601146551,-0.832855502291293,-0.7819323038362045,NA,-0.8073939030637487,-0.02528459528508922,17,-0.0771246083571412,0.35391415296009837,0.06656483877006121,12,0.3141419046111653,NA,1.2169703639153795,1
HSP01,Adults,NA,NA,Adults,12,4,0,2 SPA/2 ENG,Bilingual,44,14,4,4,0,2,NA,Selection,FCT-02,mirar,Intensional,Intensional subjunctive,Subjunctive,1,1,NA,NA,NA,NA,186441,197558,3683993,69785.875,0.6213926472353051,-0.10659234765645834,0.8384533657585245,NA,0.3659305090510331,0.3653348180726452,16,0.7871216420610975,1.088534089939866,1.0578355615620851,18,1.3617726645173434,1.2113645633527272,-0.15582823957430486,1
HSP01,Adults,NA,NA,Adults,12,4,0,2 SPA/2 ENG,Bilingual,44,14,4,4,0,2,NA,Selection,FCT-10,llevar,Intensional,Intensional subjunctive,Subjunctive,1,1,NA,NA,NA,NA,418316,301022,13841181,173259.875,1.5427536358311489,1.2280164205491535,1.8322740287278596,NA,1.5301452246385066,0.3653348180726452,16,0.7871216420610975,1.088534089939866,1.0578355615620851,18,1.3617726645173434,1.2113645633527272,-0.15582823957430486,1
HSP01,Adults,NA,NA,Adults,12,4,0,2 SPA/2 ENG,Bilingual,44,14,4,4,0,2,NA,Selection,FCT-17,peinar,Intensional,Intensional subjunctive,Subjunctive,1,1,NA,NA,NA,NA,6151,3173,91504,-124599.125,-1.109464919,-1.1442920342108076,-1.0287065117959315,NA,-1.0864992730033696,0.3653348180726452,16,0.7871216420610975,1.088534089939866,1.0578355615620851,18,1.3617726645173434,1.2113645633527272,-0.15582823957430486,1
HSP01,Adults,NA,NA,Adults,12,4,0,2 SPA/2 ENG,Bilingual,44,14,4,4,0,2,NA,Selection,FCT-25,llamar,Intensional,Intensional subjunctive,Subjunctive,1,1,NA,NA,NA,NA,303936,207733,8248273,79960.875,0.7119936490228335,0.5696765783610872,0.9361890539758077,NA,0.7529328161684474,0.3653348180726452,16,0.7871216420610975,1.088534089939866,1.0578355615620851,18,1.3617726645173434,1.2113645633527272,-0.15582823957430486,1
HSP01,Adults,NA,NA,Adults,12,4,0,2 SPA/2 ENG,Bilingual,44,14,4,4,0,2,NA,Selection,FCT-32,cuidar,Intensional,Intensional subjunctive,Subjunctive,1,1,NA,NA,NA,NA,208160,26928,1534607,-100844.1,-0.897943857,0.01841624678734838,-0.8005284996483579,NA,-0.39105612643050475,0.3653348180726452,16,0.7871216420610975,1.088534089939866,1.0578355615620851,18,1.3617726645173434,1.2113645633527272,-0.15582823957430486,1
HSP01,Adults,NA,NA,Adults,12,4,0,2 SPA/2 ENG,Bilingual,44,14,4,4,0,2,NA,Selection,FCT-40,pintar,Intensional,Intensional subjunctive,Subjunctive,1,1,NA,NA,NA,NA,45606,22466,893704,-105306.125,-0.937674734,-0.9171998985793148,-0.8433881203683105,NA,-0.8802940094738126,0.3653348180726452,16,0.7871216420610975,1.088534089939866,1.0578355615620851,18,1.3617726645173434,1.2113645633527272,-0.15582823957430486,1
HSP01,Adults,NA,NA,Adults,12,4,0,2 SPA/2 ENG,Bilingual,44,14,4,4,0,2,NA,Selection,FCT-45,tratar,Intensional,Intensional subjunctive,Subjunctive,1,1,NA,NA,NA,NA,590952,203027,9516595,75254.875,0.6700901291788915,2.2216617868367825,0.8909856978332489,NA,1.5563237423350156,0.3653348180726452,16,0.7871216420610975,1.088534089939866,1.0578355615620851,18,1.3617726645173434,1.2113645633527272,-0.15582823957430486,1
HSP01,Adults,NA,NA,Adults,12,4,0,2 SPA/2 ENG,Bilingual,44,14,4,4,0,2,NA,Selection,FCT-54,amar,Intensional,Intensional subjunctive,Subjunctive,1,1,NA,NA,NA,NA,60260,28864,1318934,-67512.125,-0.601146551,-0.832855502291293,-0.7819323038362045,NA,-0.8073939030637487,0.3653348180726452,16,0.7871216420610975,1.088534089939866,1.0578355615620851,18,1.3617726645173434,1.2113645633527272,-0.15582823957430486,1
HSP02,Adults,NA,NA,Adults,12,3,0,2 SPA/2 ENG,Bilingual,49,11,4,0,0,3,NA,Selection,FCT-02,mirar,Intensional,Intensional subjunctive,Subjunctive,1,1,NA,NA,NA,NA,186441,197558,3683993,69785.875,0.6213926472353051,-0.10659234765645834,0.8384533657585245,NA,0.3659305090510331,0.3653348180726452,15,0.5796632247736765,-0.13158104383888602,1.0578355615620851,15,0.3552450429175682,1.7833978293804025,-0.15582823957430486,1
HSP02,Adults,NA,NA,Adults,12,3,0,2 SPA/2 ENG,Bilingual,49,11,4,0,0,3,NA,Selection,FCT-10,llevar,Intensional,Intensional subjunctive,Subjunctive,1,1,NA,NA,NA,NA,418316,301022,13841181,173259.875,1.5427536358311489,1.2280164205491535,1.8322740287278596,NA,1.5301452246385066,0.3653348180726452,15,0.5796632247736765,-0.13158104383888602,1.0578355615620851,15,0.3552450429175682,1.7833978293804025,-0.15582823957430486,1
HSP02,Adults,NA,NA,Adults,12,3,0,2 SPA/2 ENG,Bilingual,49,11,4,0,0,3,NA,Selection,FCT-17,peinar,Intensional,Intensional subjunctive,Subjunctive,1,1,NA,NA,NA,NA,6151,3173,91504,-124599.125,-1.109464919,-1.1442920342108076,-1.0287065117959315,NA,-1.0864992730033696,0.3653348180726452,15,0.5796632247736765,-0.13158104383888602,1.0578355615620851,15,0.3552450429175682,1.7833978293804025,-0.15582823957430486,1
HSP02,Adults,NA,NA,Adults,12,3,0,2 SPA/2 ENG,Bilingual,49,11,4,0,0,3,NA,Selection,FCT-25,llamar,Intensional,Intensional subjunctive,Subjunctive,1,1,NA,NA,NA,NA,303936,207733,8248273,79960.875,0.7119936490228335,0.5696765783610872,0.9361890539758077,NA,0.7529328161684474,0.3653348180726452,15,0.5796632247736765,-0.13158104383888602,1.0578355615620851,15,0.3552450429175682,1.7833978293804025,-0.15582823957430486,1
HSP02,Adults,NA,NA,Adults,12,3,0,2 SPA/2 ENG,Bilingual,49,11,4,0,0,3,NA,Selection,FCT-32,cuidar,Intensional,Intensional subjunctive,Subjunctive,1,1,NA,NA,NA,NA,208160,26928,1534607,-100844.1,-0.897943857,0.01841624678734838,-0.8005284996483579,NA,-0.39105612643050475,0.3653348180726452,15,0.5796632247736765,-0.13158104383888602,1.0578355615620851,15,0.3552450429175682,1.7833978293804025,-0.15582823957430486,1
HSP02,Adults,NA,NA,Adults,12,3,0,2 SPA/2 ENG,Bilingual,49,11,4,0,0,3,NA,Selection,FCT-40,pintar,Intensional,Intensional subjunctive,Subjunctive,1,1,NA,NA,NA,NA,45606,22466,893704,-105306.125,-0.937674734,-0.9171998985793148,-0.8433881203683105,NA,-0.8802940094738126,0.3653348180726452,15,0.5796632247736765,-0.13158104383888602,1.0578355615620851,15,0.3552450429175682,1.7833978293804025,-0.15582823957430486,1
HSP02,Adults,NA,NA,Adults,12,3,0,2 SPA/2 ENG,Bilingual,49,11,4,0,0,3,NA,Selection,FCT-45,tratar,Intensional,Intensional subjunctive,Subjunctive,1,1,NA,NA,NA,NA,590952,203027,9516595,75254.875,0.6700901291788915,2.2216617868367825,0.8909856978332489,NA,1.5563237423350156,0.3653348180726452,15,0.5796632247736765,-0.13158104383888602,1.0578355615620851,15,0.3552450429175682,1.7833978293804025,-0.15582823957430486,1
HSP02,Adults,NA,NA,Adults,12,3,0,2 SPA/2 ENG,Bilingual,49,11,4,0,0,3,NA,Selection,FCT-54,amar,Intensional,Intensional subjunctive,Subjunctive,1,1,NA,NA,NA,NA,60260,28864,1318934,-67512.125,-0.601146551,-0.832855502291293,-0.7819323038362045,NA,-0.8073939030637487,0.3653348180726452,15,0.5796632247736765,-0.13158104383888602,1.0578355615620851,15,0.3552450429175682,1.7833978293804025,-0.15582823957430486,1
HSP03,Adults,NA,NA,Adults,5,3,-1,1 SPA/2 ENG,Bilingual,27,7,4,0,0,2,NA,Selection,FCT-02,mirar,Intensional,Intensional subjunctive,Subjunctive,0,0,NA,NA,NA,NA,186441,197558,3683993,69785.875,0.6213926472353051,-0.10659234765645834,0.8384533657585245,NA,0.3659305090510331,-1.2448445652845692,8,-0.8725456962382697,-1.7584012222105556,1.0578355615620851,11,-0.986791785882132,-0.7335485411413688,-1.2154602686795777,0
HSP03,Adults,NA,NA,Adults,5,3,-1,1 SPA/2 ENG,Bilingual,27,7,4,0,0,2,NA,Selection,FCT-10,llevar,Intensional,Intensional subjunctive,Subjunctive,1,1,NA,NA,NA,NA,418316,301022,13841181,173259.875,1.5427536358311489,1.2280164205491535,1.8322740287278596,NA,1.5301452246385066,-1.2448445652845692,8,-0.8725456962382697,-1.7584012222105556,1.0578355615620851,11,-0.986791785882132,-0.7335485411413688,-1.2154602686795777,1
HSP03,Adults,NA,NA,Adults,5,3,-1,1 SPA/2 ENG,Bilingual,27,7,4,0,0,2,NA,Selection,FCT-17,peinar,Intensional,Intensional subjunctive,Subjunctive,1,1,NA,NA,NA,NA,6151,3173,91504,-124599.125,-1.109464919,-1.1442920342108076,-1.0287065117959315,NA,-1.0864992730033696,-1.2448445652845692,8,-0.8725456962382697,-1.7584012222105556,1.0578355615620851,11,-0.986791785882132,-0.7335485411413688,-1.2154602686795777,1
HSP03,Adults,NA,NA,Adults,5,3,-1,1 SPA/2 ENG,Bilingual,27,7,4,0,0,2,NA,Selection,FCT-25,llamar,Intensional,Intensional subjunctive,Subjunctive,1,1,NA,NA,NA,NA,303936,207733,8248273,79960.875,0.7119936490228335,0.5696765783610872,0.9361890539758077,NA,0.7529328161684474,-1.2448445652845692,8,-0.8725456962382697,-1.7584012222105556,1.0578355615620851,11,-0.986791785882132,-0.7335485411413688,-1.2154602686795777,1
HSP03,Adults,NA,NA,Adults,5,3,-1,1 SPA/2 ENG,Bilingual,27,7,4,0,0,2,NA,Selection,FCT-32,cuidar,Intensional,Intensional subjunctive,Subjunctive,1,1,NA,NA,NA,NA,208160,26928,1534607,-100844.1,-0.897943857,0.01841624678734838,-0.8005284996483579,NA,-0.39105612643050475,-1.2448445652845692,8,-0.8725456962382697,-1.7584012222105556,1.0578355615620851,11,-0.986791785882132,-0.7335485411413688,-1.2154602686795777,1
HSP03,Adults,NA,NA,Adults,5,3,-1,1 SPA/2 ENG,Bilingual,27,7,4,0,0,2,NA,Selection,FCT-40,pintar,Intensional,Intensional subjunctive,Subjunctive,1,1,NA,NA,NA,NA,45606,22466,893704,-105306.125,-0.937674734,-0.9171998985793148,-0.8433881203683105,NA,-0.8802940094738126,-1.2448445652845692,8,-0.8725456962382697,-1.7584012222105556,1.0578355615620851,11,-0.986791785882132,-0.7335485411413688,-1.2154602686795777,1
HSP03,Adults,NA,NA,Adults,5,3,-1,1 SPA/2 ENG,Bilingual,27,7,4,0,0,2,NA,Selection,FCT-45,tratar,Intensional,Intensional subjunctive,Subjunctive,1,1,NA,NA,NA,NA,590952,203027,9516595,75254.875,0.6700901291788915,2.2216617868367825,0.8909856978332489,NA,1.5563237423350156,-1.2448445652845692,8,-0.8725456962382697,-1.7584012222105556,1.0578355615620851,11,-0.986791785882132,-0.7335485411413688,-1.2154602686795777,1
HSP03,Adults,NA,NA,Adults,5,3,-1,1 SPA/2 ENG,Bilingual,27,7,4,0,0,2,NA,Selection,FCT-54,amar,Intensional,Intensional subjunctive,Subjunctive,1,1,NA,NA,NA,NA,60260,28864,1318934,-67512.125,-0.601146551,-0.832855502291293,-0.7819323038362045,NA,-0.8073939030637487,-1.2448445652845692,8,-0.8725456962382697,-1.7584012222105556,1.0578355615620851,11,-0.986791785882132,-0.7335485411413688,-1.2154602686795777,1
HSP06,Adults,NA,NA,Adults,3,0,-1,1 SPA/2 ENG,Bilingual,25,10,2,0,0,2,NA,Selection,FCT-02,mirar,Intensional,Intensional subjunctive,Subjunctive,0,0,NA,NA,NA,NA,186441,197558,3683993,69785.875,0.6213926472353051,-0.10659234765645834,0.8384533657585245,NA,0.3659305090510331,-1.704895817672345,3,-1.909837782675374,-0.5382860884318035,-0.4726499317617768,12,-0.6512825786822068,-0.962361847552439,-1.2154602686795777,0
HSP06,Adults,NA,NA,Adults,3,0,-1,1 SPA/2 ENG,Bilingual,25,10,2,0,0,2,NA,Selection,FCT-10,llevar,Intensional,Intensional subjunctive,Subjunctive,0,0,NA,NA,NA,NA,418316,301022,13841181,173259.875,1.5427536358311489,1.2280164205491535,1.8322740287278596,NA,1.5301452246385066,-1.704895817672345,3,-1.909837782675374,-0.5382860884318035,-0.4726499317617768,12,-0.6512825786822068,-0.962361847552439,-1.2154602686795777,0
HSP06,Adults,NA,NA,Adults,3,0,-1,1 SPA/2 ENG,Bilingual,25,10,2,0,0,2,NA,Selection,FCT-17,peinar,Intensional,Intensional subjunctive,Subjunctive,0,0,NA,NA,NA,NA,6151,3173,91504,-124599.125,-1.109464919,-1.1442920342108076,-1.0287065117959315,NA,-1.0864992730033696,-1.704895817672345,3,-1.909837782675374,-0.5382860884318035,-0.4726499317617768,12,-0.6512825786822068,-0.962361847552439,-1.2154602686795777,0
HSP06,Adults,NA,NA,Adults,3,0,-1,1 SPA/2 ENG,Bilingual,25,10,2,0,0,2,NA,Selection,FCT-25,llamar,Intensional,Intensional subjunctive,Subjunctive,0,0,NA,NA,NA,NA,303936,207733,8248273,79960.875,0.7119936490228335,0.5696765783610872,0.9361890539758077,NA,0.7529328161684474,-1.704895817672345,3,-1.909837782675374,-0.5382860884318035,-0.4726499317617768,12,-0.6512825786822068,-0.962361847552439,-1.2154602686795777,0
HSP06,Adults,NA,NA,Adults,3,0,-1,1 SPA/2 ENG,Bilingual,25,10,2,0,0,2,NA,Selection,FCT-32,cuidar,Intensional,Intensional subjunctive,Subjunctive,0,0,NA,NA,NA,NA,208160,26928,1534607,-100844.1,-0.897943857,0.01841624678734838,-0.8005284996483579,NA,-0.39105612643050475,-1.704895817672345,3,-1.909837782675374,-0.5382860884318035,-0.4726499317617768,12,-0.6512825786822068,-0.962361847552439,-1.2154602686795777,0
HSP06,Adults,NA,NA,Adults,3,0,-1,1 SPA/2 ENG,Bilingual,25,10,2,0,0,2,NA,Selection,FCT-40,pintar,Intensional,Intensional subjunctive,Subjunctive,0,0,NA,NA,NA,NA,45606,22466,893704,-105306.125,-0.937674734,-0.9171998985793148,-0.8433881203683105,NA,-0.8802940094738126,-1.704895817672345,3,-1.909837782675374,-0.5382860884318035,-0.4726499317617768,12,-0.6512825786822068,-0.962361847552439,-1.2154602686795777,0
HSP06,Adults,NA,NA,Adults,3,0,-1,1 SPA/2 ENG,Bilingual,25,10,2,0,0,2,NA,Selection,FCT-45,tratar,Intensional,Intensional subjunctive,Subjunctive,0,0,NA,NA,NA,NA,590952,203027,9516595,75254.875,0.6700901291788915,2.2216617868367825,0.8909856978332489,NA,1.5563237423350156,-1.704895817672345,3,-1.909837782675374,-0.5382860884318035,-0.4726499317617768,12,-0.6512825786822068,-0.962361847552439,-1.2154602686795777,0
HSP06,Adults,NA,NA,Adults,3,0,-1,1 SPA/2 ENG,Bilingual,25,10,2,0,0,2,NA,Selection,FCT-54,amar,Intensional,Intensional subjunctive,Subjunctive,0,0,NA,NA,NA,NA,60260,28864,1318934,-67512.125,-0.601146551,-0.832855502291293,-0.7819323038362045,NA,-0.8073939030637487,-1.704895817672345,3,-1.909837782675374,-0.5382860884318035,-0.4726499317617768,12,-0.6512825786822068,-0.962361847552439,-1.2154602686795777,0
HSP07,Adults,NA,NA,Adults,16,2,0,2 SPA/2 ENG,Bilingual,39,14,4,7,0,2,NA,Selection,FCT-02,mirar,Intensional,Intensional subjunctive,Subjunctive,1,1,NA,NA,NA,NA,186441,197558,3683993,69785.875,0.6213926472353051,-0.10659234765645834,0.8384533657585245,NA,0.3659305090510331,1.2854373228481963,18,1.202038476635939,1.088534089939866,1.0578355615620851,18,1.3617726645173434,0.6393312973250519,-0.15582823957430486,1
HSP07,Adults,NA,NA,Adults,16,2,0,2 SPA/2 ENG,Bilingual,39,14,4,7,0,2,NA,Selection,FCT-10,llevar,Intensional,Intensional subjunctive,Subjunctive,1,1,NA,NA,NA,NA,418316,301022,13841181,173259.875,1.5427536358311489,1.2280164205491535,1.8322740287278596,NA,1.5301452246385066,1.2854373228481963,18,1.202038476635939,1.088534089939866,1.0578355615620851,18,1.3617726645173434,0.6393312973250519,-0.15582823957430486,1
HSP07,Adults,NA,NA,Adults,16,2,0,2 SPA/2 ENG,Bilingual,39,14,4,7,0,2,NA,Selection,FCT-17,peinar,Intensional,Intensional subjunctive,Subjunctive,1,1,NA,NA,NA,NA,6151,3173,91504,-124599.125,-1.109464919,-1.1442920342108076,-1.0287065117959315,NA,-1.0864992730033696,1.2854373228481963,18,1.202038476635939,1.088534089939866,1.0578355615620851,18,1.3617726645173434,0.6393312973250519,-0.15582823957430486,1
HSP07,Adults,NA,NA,Adults,16,2,0,2 SPA/2 ENG,Bilingual,39,14,4,7,0,2,NA,Selection,FCT-25,llamar,Intensional,Intensional subjunctive,Subjunctive,1,1,NA,NA,NA,NA,303936,207733,8248273,79960.875,0.7119936490228335,0.5696765783610872,0.9361890539758077,NA,0.7529328161684474,1.2854373228481963,18,1.202038476635939,1.088534089939866,1.0578355615620851,18,1.3617726645173434,0.6393312973250519,-0.15582823957430486,1
HSP07,Adults,NA,NA,Adults,16,2,0,2 SPA/2 ENG,Bilingual,39,14,4,7,0,2,NA,Selection,FCT-32,cuidar,Intensional,Intensional subjunctive,Subjunctive,1,1,NA,NA,NA,NA,208160,26928,1534607,-100844.1,-0.897943857,0.01841624678734838,-0.8005284996483579,NA,-0.39105612643050475,1.2854373228481963,18,1.202038476635939,1.088534089939866,1.0578355615620851,18,1.3617726645173434,0.6393312973250519,-0.15582823957430486,1
HSP07,Adults,NA,NA,Adults,16,2,0,2 SPA/2 ENG,Bilingual,39,14,4,7,0,2,NA,Selection,FCT-40,pintar,Intensional,Intensional subjunctive,Subjunctive,1,1,NA,NA,NA,NA,45606,22466,893704,-105306.125,-0.937674734,-0.9171998985793148,-0.8433881203683105,NA,-0.8802940094738126,1.2854373228481963,18,1.202038476635939,1.088534089939866,1.0578355615620851,18,1.3617726645173434,0.6393312973250519,-0.15582823957430486,1
HSP07,Adults,NA,NA,Adults,16,2,0,2 SPA/2 ENG,Bilingual,39,14,4,7,0,2,NA,Selection,FCT-45,tratar,Intensional,Intensional subjunctive,Subjunctive,1,1,NA,NA,NA,NA,590952,203027,9516595,75254.875,0.6700901291788915,2.2216617868367825,0.8909856978332489,NA,1.5563237423350156,1.2854373228481963,18,1.202038476635939,1.088534089939866,1.0578355615620851,18,1.3617726645173434,0.6393312973250519,-0.15582823957430486,1
HSP07,Adults,NA,NA,Adults,16,2,0,2 SPA/2 ENG,Bilingual,39,14,4,7,0,2,NA,Selection,FCT-54,amar,Intensional,Intensional subjunctive,Subjunctive,1,1,NA,NA,NA,NA,60260,28864,1318934,-67512.125,-0.601146551,-0.832855502291293,-0.7819323038362045,NA,-0.8073939030637487,1.2854373228481963,18,1.202038476635939,1.088534089939866,1.0578355615620851,18,1.3617726645173434,0.6393312973250519,-0.15582823957430486,1
HSP08,Adults,NA,NA,Adults,6,2,0,2 SPA/2 ENG,Bilingual,25,11,1,0,0,2,NA,Selection,FCT-02,mirar,Intensional,Intensional subjunctive,Subjunctive,0,0,NA,NA,NA,NA,186441,197558,3683993,69785.875,0.6213926472353051,-0.10659234765645834,0.8384533657585245,NA,0.3659305090510331,-1.0148189390906814,8,-0.8725456962382697,-0.13158104383888602,-1.2378926784237076,12,-0.6512825786822068,-0.962361847552439,-0.15582823957430486,0
HSP08,Adults,NA,NA,Adults,6,2,0,2 SPA/2 ENG,Bilingual,25,11,1,0,0,2,NA,Selection,FCT-10,llevar,Intensional,Intensional subjunctive,Subjunctive,0,0,NA,NA,NA,NA,418316,301022,13841181,173259.875,1.5427536358311489,1.2280164205491535,1.8322740287278596,NA,1.5301452246385066,-1.0148189390906814,8,-0.8725456962382697,-0.13158104383888602,-1.2378926784237076,12,-0.6512825786822068,-0.962361847552439,-0.15582823957430486,0
HSP08,Adults,NA,NA,Adults,6,2,0,2 SPA/2 ENG,Bilingual,25,11,1,0,0,2,NA,Selection,FCT-17,peinar,Intensional,Intensional subjunctive,Subjunctive,0,0,NA,NA,NA,NA,6151,3173,91504,-124599.125,-1.109464919,-1.1442920342108076,-1.0287065117959315,NA,-1.0864992730033696,-1.0148189390906814,8,-0.8725456962382697,-0.13158104383888602,-1.2378926784237076,12,-0.6512825786822068,-0.962361847552439,-0.15582823957430486,0
HSP08,Adults,NA,NA,Adults,6,2,0,2 SPA/2 ENG,Bilingual,25,11,1,0,0,2,NA,Selection,FCT-25,llamar,Intensional,Intensional subjunctive,Subjunctive,1,1,NA,NA,NA,NA,303936,207733,8248273,79960.875,0.7119936490228335,0.5696765783610872,0.9361890539758077,NA,0.7529328161684474,-1.0148189390906814,8,-0.8725456962382697,-0.13158104383888602,-1.2378926784237076,12,-0.6512825786822068,-0.962361847552439,-0.15582823957430486,1
HSP08,Adults,NA,NA,Adults,6,2,0,2 SPA/2 ENG,Bilingual,25,11,1,0,0,2,NA,Selection,FCT-32,cuidar,Intensional,Intensional subjunctive,Subjunctive,1,1,NA,NA,NA,NA,208160,26928,1534607,-100844.1,-0.897943857,0.01841624678734838,-0.8005284996483579,NA,-0.39105612643050475,-1.0148189390906814,8,-0.8725456962382697,-0.13158104383888602,-1.2378926784237076,12,-0.6512825786822068,-0.962361847552439,-0.15582823957430486,1
HSP08,Adults,NA,NA,Adults,6,2,0,2 SPA/2 ENG,Bilingual,25,11,1,0,0,2,NA,Selection,FCT-40,pintar,Intensional,Intensional subjunctive,Subjunctive,1,1,NA,NA,NA,NA,45606,22466,893704,-105306.125,-0.937674734,-0.9171998985793148,-0.8433881203683105,NA,-0.8802940094738126,-1.0148189390906814,8,-0.8725456962382697,-0.13158104383888602,-1.2378926784237076,12,-0.6512825786822068,-0.962361847552439,-0.15582823957430486,1
HSP08,Adults,NA,NA,Adults,6,2,0,2 SPA/2 ENG,Bilingual,25,11,1,0,0,2,NA,Selection,FCT-45,tratar,Intensional,Intensional subjunctive,Subjunctive,1,1,NA,NA,NA,NA,590952,203027,9516595,75254.875,0.6700901291788915,2.2216617868367825,0.8909856978332489,NA,1.5563237423350156,-1.0148189390906814,8,-0.8725456962382697,-0.13158104383888602,-1.2378926784237076,12,-0.6512825786822068,-0.962361847552439,-0.15582823957430486,1
HSP08,Adults,NA,NA,Adults,6,2,0,2 SPA/2 ENG,Bilingual,25,11,1,0,0,2,NA,Selection,FCT-54,amar,Intensional,Intensional subjunctive,Subjunctive,1,1,NA,NA,NA,NA,60260,28864,1318934,-67512.125,-0.601146551,-0.832855502291293,-0.7819323038362045,NA,-0.8073939030637487,-1.0148189390906814,8,-0.8725456962382697,-0.13158104383888602,-1.2378926784237076,12,-0.6512825786822068,-0.962361847552439,-0.15582823957430486,1
HSP09,Adults,NA,NA,Adults,9,0,0,2 SPA/2 ENG,Bilingual,45,11,4,0,0,2,NA,Selection,FCT-02,mirar,Intensional,Intensional subjunctive,Subjunctive,1,1,NA,NA,NA,NA,186441,197558,3683993,69785.875,0.6213926472353051,-0.10659234765645834,0.8384533657585245,NA,0.3659305090510331,-0.32474206050901816,9,-0.6650872789508488,-0.13158104383888602,1.0578355615620851,15,0.3552450429175682,1.3257712165582622,-0.15582823957430486,1
HSP09,Adults,NA,NA,Adults,9,0,0,2 SPA/2 ENG,Bilingual,45,11,4,0,0,2,NA,Selection,FCT-10,llevar,Intensional,Intensional subjunctive,Subjunctive,1,1,NA,NA,NA,NA,418316,301022,13841181,173259.875,1.5427536358311489,1.2280164205491535,1.8322740287278596,NA,1.5301452246385066,-0.32474206050901816,9,-0.6650872789508488,-0.13158104383888602,1.0578355615620851,15,0.3552450429175682,1.3257712165582622,-0.15582823957430486,1
HSP09,Adults,NA,NA,Adults,9,0,0,2 SPA/2 ENG,Bilingual,45,11,4,0,0,2,NA,Selection,FCT-17,peinar,Intensional,Intensional subjunctive,Subjunctive,1,1,NA,NA,NA,NA,6151,3173,91504,-124599.125,-1.109464919,-1.1442920342108076,-1.0287065117959315,NA,-1.0864992730033696,-0.32474206050901816,9,-0.6650872789508488,-0.13158104383888602,1.0578355615620851,15,0.3552450429175682,1.3257712165582622,-0.15582823957430486,1
HSP09,Adults,NA,NA,Adults,9,0,0,2 SPA/2 ENG,Bilingual,45,11,4,0,0,2,NA,Selection,FCT-25,llamar,Intensional,Intensional subjunctive,Subjunctive,1,1,NA,NA,NA,NA,303936,207733,8248273,79960.875,0.7119936490228335,0.5696765783610872,0.9361890539758077,NA,0.7529328161684474,-0.32474206050901816,9,-0.6650872789508488,-0.13158104383888602,1.0578355615620851,15,0.3552450429175682,1.3257712165582622,-0.15582823957430486,1
HSP09,Adults,NA,NA,Adults,9,0,0,2 SPA/2 ENG,Bilingual,45,11,4,0,0,2,NA,Selection,FCT-32,cuidar,Intensional,Intensional subjunctive,Subjunctive,1,1,NA,NA,NA,NA,208160,26928,1534607,-100844.1,-0.897943857,0.01841624678734838,-0.8005284996483579,NA,-0.39105612643050475,-0.32474206050901816,9,-0.6650872789508488,-0.13158104383888602,1.0578355615620851,15,0.3552450429175682,1.3257712165582622,-0.15582823957430486,1
HSP09,Adults,NA,NA,Adults,9,0,0,2 SPA/2 ENG,Bilingual,45,11,4,0,0,2,NA,Selection,FCT-40,pintar,Intensional,Intensional subjunctive,Subjunctive,1,1,NA,NA,NA,NA,45606,22466,893704,-105306.125,-0.937674734,-0.9171998985793148,-0.8433881203683105,NA,-0.8802940094738126,-0.32474206050901816,9,-0.6650872789508488,-0.13158104383888602,1.0578355615620851,15,0.3552450429175682,1.3257712165582622,-0.15582823957430486,1
HSP09,Adults,NA,NA,Adults,9,0,0,2 SPA/2 ENG,Bilingual,45,11,4,0,0,2,NA,Selection,FCT-45,tratar,Intensional,Intensional subjunctive,Subjunctive,1,1,NA,NA,NA,NA,590952,203027,9516595,75254.875,0.6700901291788915,2.2216617868367825,0.8909856978332489,NA,1.5563237423350156,-0.32474206050901816,9,-0.6650872789508488,-0.13158104383888602,1.0578355615620851,15,0.3552450429175682,1.3257712165582622,-0.15582823957430486,1
HSP09,Adults,NA,NA,Adults,9,0,0,2 SPA/2 ENG,Bilingual,45,11,4,0,0,2,NA,Selection,FCT-54,amar,Intensional,Intensional subjunctive,Subjunctive,1,1,NA,NA,NA,NA,60260,28864,1318934,-67512.125,-0.601146551,-0.832855502291293,-0.7819323038362045,NA,-0.8073939030637487,-0.32474206050901816,9,-0.6650872789508488,-0.13158104383888602,1.0578355615620851,15,0.3552450429175682,1.3257712165582622,-0.15582823957430486,1
HSP10,Adults,NA,NA,Adults,11,2,0,2 SPA/2 ENG,Bilingual,44,11,4,4,0,2,NA,Selection,FCT-02,mirar,Intensional,Intensional subjunctive,Subjunctive,1,1,NA,NA,NA,NA,186441,197558,3683993,69785.875,0.6213926472353051,-0.10659234765645834,0.8384533657585245,NA,0.3659305090510331,0.13530919187875745,13,0.16474639019883475,-0.13158104383888602,1.0578355615620851,15,0.3552450429175682,1.2113645633527272,-0.15582823957430486,1
HSP10,Adults,NA,NA,Adults,11,2,0,2 SPA/2 ENG,Bilingual,44,11,4,4,0,2,NA,Selection,FCT-10,llevar,Intensional,Intensional subjunctive,Subjunctive,1,1,NA,NA,NA,NA,418316,301022,13841181,173259.875,1.5427536358311489,1.2280164205491535,1.8322740287278596,NA,1.5301452246385066,0.13530919187875745,13,0.16474639019883475,-0.13158104383888602,1.0578355615620851,15,0.3552450429175682,1.2113645633527272,-0.15582823957430486,1
HSP10,Adults,NA,NA,Adults,11,2,0,2 SPA/2 ENG,Bilingual,44,11,4,4,0,2,NA,Selection,FCT-17,peinar,Intensional,Intensional subjunctive,Subjunctive,1,1,NA,NA,NA,NA,6151,3173,91504,-124599.125,-1.109464919,-1.1442920342108076,-1.0287065117959315,NA,-1.0864992730033696,0.13530919187875745,13,0.16474639019883475,-0.13158104383888602,1.0578355615620851,15,0.3552450429175682,1.2113645633527272,-0.15582823957430486,1
HSP10,Adults,NA,NA,Adults,11,2,0,2 SPA/2 ENG,Bilingual,44,11,4,4,0,2,NA,Selection,FCT-25,llamar,Intensional,Intensional subjunctive,Subjunctive,1,1,NA,NA,NA,NA,303936,207733,8248273,79960.875,0.7119936490228335,0.5696765783610872,0.9361890539758077,NA,0.7529328161684474,0.13530919187875745,13,0.16474639019883475,-0.13158104383888602,1.0578355615620851,15,0.3552450429175682,1.2113645633527272,-0.15582823957430486,1
HSP10,Adults,NA,NA,Adults,11,2,0,2 SPA/2 ENG,Bilingual,44,11,4,4,0,2,NA,Selection,FCT-32,cuidar,Intensional,Intensional subjunctive,Subjunctive,1,1,NA,NA,NA,NA,208160,26928,1534607,-100844.1,-0.897943857,0.01841624678734838,-0.8005284996483579,NA,-0.39105612643050475,0.13530919187875745,13,0.16474639019883475,-0.13158104383888602,1.0578355615620851,15,0.3552450429175682,1.2113645633527272,-0.15582823957430486,1
HSP10,Adults,NA,NA,Adults,11,2,0,2 SPA/2 ENG,Bilingual,44,11,4,4,0,2,NA,Selection,FCT-40,pintar,Intensional,Intensional subjunctive,Subjunctive,1,1,NA,NA,NA,NA,45606,22466,893704,-105306.125,-0.937674734,-0.9171998985793148,-0.8433881203683105,NA,-0.8802940094738126,0.13530919187875745,13,0.16474639019883475,-0.13158104383888602,1.0578355615620851,15,0.3552450429175682,1.2113645633527272,-0.15582823957430486,1
HSP10,Adults,NA,NA,Adults,11,2,0,2 SPA/2 ENG,Bilingual,44,11,4,4,0,2,NA,Selection,FCT-45,tratar,Intensional,Intensional subjunctive,Subjunctive,1,1,NA,NA,NA,NA,590952,203027,9516595,75254.875,0.6700901291788915,2.2216617868367825,0.8909856978332489,NA,1.5563237423350156,0.13530919187875745,13,0.16474639019883475,-0.13158104383888602,1.0578355615620851,15,0.3552450429175682,1.2113645633527272,-0.15582823957430486,1
HSP10,Adults,NA,NA,Adults,11,2,0,2 SPA/2 ENG,Bilingual,44,11,4,4,0,2,NA,Selection,FCT-54,amar,Intensional,Intensional subjunctive,Subjunctive,1,1,NA,NA,NA,NA,60260,28864,1318934,-67512.125,-0.601146551,-0.832855502291293,-0.7819323038362045,NA,-0.8073939030637487,0.13530919187875745,13,0.16474639019883475,-0.13158104383888602,1.0578355615620851,15,0.3552450429175682,1.2113645633527272,-0.15582823957430486,1
HSP12,Adults,NA,NA,Adults,11,1,2,2 SPA/0 ENG,Monolingual,36,13,3,0,0,2,NA,Selection,FCT-02,mirar,Intensional,Intensional subjunctive,Subjunctive,1,1,NA,NA,NA,NA,186441,197558,3683993,69785.875,0.6213926472353051,-0.10659234765645834,0.8384533657585245,NA,0.3659305090510331,0.13530919187875745,12,-0.04271202708858613,0.6818290453469488,0.2925928149001541,16,0.6907542501174933,0.2961113377084467,1.96343581863624,1
HSP12,Adults,NA,NA,Adults,11,1,2,2 SPA/0 ENG,Monolingual,36,13,3,0,0,2,NA,Selection,FCT-10,llevar,Intensional,Intensional subjunctive,Subjunctive,1,1,NA,NA,NA,NA,418316,301022,13841181,173259.875,1.5427536358311489,1.2280164205491535,1.8322740287278596,NA,1.5301452246385066,0.13530919187875745,12,-0.04271202708858613,0.6818290453469488,0.2925928149001541,16,0.6907542501174933,0.2961113377084467,1.96343581863624,1
HSP12,Adults,NA,NA,Adults,11,1,2,2 SPA/0 ENG,Monolingual,36,13,3,0,0,2,NA,Selection,FCT-17,peinar,Intensional,Intensional subjunctive,Subjunctive,1,1,NA,NA,NA,NA,6151,3173,91504,-124599.125,-1.109464919,-1.1442920342108076,-1.0287065117959315,NA,-1.0864992730033696,0.13530919187875745,12,-0.04271202708858613,0.6818290453469488,0.2925928149001541,16,0.6907542501174933,0.2961113377084467,1.96343581863624,1
HSP12,Adults,NA,NA,Adults,11,1,2,2 SPA/0 ENG,Monolingual,36,13,3,0,0,2,NA,Selection,FCT-25,llamar,Intensional,Intensional subjunctive,Subjunctive,1,1,NA,NA,NA,NA,303936,207733,8248273,79960.875,0.7119936490228335,0.5696765783610872,0.9361890539758077,NA,0.7529328161684474,0.13530919187875745,12,-0.04271202708858613,0.6818290453469488,0.2925928149001541,16,0.6907542501174933,0.2961113377084467,1.96343581863624,1
HSP12,Adults,NA,NA,Adults,11,1,2,2 SPA/0 ENG,Monolingual,36,13,3,0,0,2,NA,Selection,FCT-32,cuidar,Intensional,Intensional subjunctive,Subjunctive,1,1,NA,NA,NA,NA,208160,26928,1534607,-100844.1,-0.897943857,0.01841624678734838,-0.8005284996483579,NA,-0.39105612643050475,0.13530919187875745,12,-0.04271202708858613,0.6818290453469488,0.2925928149001541,16,0.6907542501174933,0.2961113377084467,1.96343581863624,1
HSP12,Adults,NA,NA,Adults,11,1,2,2 SPA/0 ENG,Monolingual,36,13,3,0,0,2,NA,Selection,FCT-40,pintar,Intensional,Intensional subjunctive,Subjunctive,1,1,NA,NA,NA,NA,45606,22466,893704,-105306.125,-0.937674734,-0.9171998985793148,-0.8433881203683105,NA,-0.8802940094738126,0.13530919187875745,12,-0.04271202708858613,0.6818290453469488,0.2925928149001541,16,0.6907542501174933,0.2961113377084467,1.96343581863624,1
HSP12,Adults,NA,NA,Adults,11,1,2,2 SPA/0 ENG,Monolingual,36,13,3,0,0,2,NA,Selection,FCT-45,tratar,Intensional,Intensional subjunctive,Subjunctive,1,1,NA,NA,NA,NA,590952,203027,9516595,75254.875,0.6700901291788915,2.2216617868367825,0.8909856978332489,NA,1.5563237423350156,0.13530919187875745,12,-0.04271202708858613,0.6818290453469488,0.2925928149001541,16,0.6907542501174933,0.2961113377084467,1.96343581863624,1
HSP12,Adults,NA,NA,Adults,11,1,2,2 SPA/0 ENG,Monolingual,36,13,3,0,0,2,NA,Selection,FCT-54,amar,Intensional,Intensional subjunctive,Subjunctive,1,1,NA,NA,NA,NA,60260,28864,1318934,-67512.125,-0.601146551,-0.832855502291293,-0.7819323038362045,NA,-0.8073939030637487,0.13530919187875745,12,-0.04271202708858613,0.6818290453469488,0.2925928149001541,16,0.6907542501174933,0.2961113377084467,1.96343581863624,1
HSP14,Adults,NA,NA,Adults,10,2,2,2 SPA/0 ENG,Monolingual,32,10,4,4,0,2,NA,Selection,FCT-02,mirar,Intensional,Intensional subjunctive,Subjunctive,0,0,NA,NA,NA,NA,186441,197558,3683993,69785.875,0.6213926472353051,-0.10659234765645834,0.8384533657585245,NA,0.3659305090510331,-0.09471643431513034,12,-0.04271202708858613,-0.5382860884318035,1.0578355615620851,14,0.01973583571764317,-0.16151527511369354,1.96343581863624,0
HSP14,Adults,NA,NA,Adults,10,2,2,2 SPA/0 ENG,Monolingual,32,10,4,4,0,2,NA,Selection,FCT-10,llevar,Intensional,Intensional subjunctive,Subjunctive,1,1,NA,NA,NA,NA,418316,301022,13841181,173259.875,1.5427536358311489,1.2280164205491535,1.8322740287278596,NA,1.5301452246385066,-0.09471643431513034,12,-0.04271202708858613,-0.5382860884318035,1.0578355615620851,14,0.01973583571764317,-0.16151527511369354,1.96343581863624,1
HSP14,Adults,NA,NA,Adults,10,2,2,2 SPA/0 ENG,Monolingual,32,10,4,4,0,2,NA,Selection,FCT-17,peinar,Intensional,Intensional subjunctive,Subjunctive,1,1,NA,NA,NA,NA,6151,3173,91504,-124599.125,-1.109464919,-1.1442920342108076,-1.0287065117959315,NA,-1.0864992730033696,-0.09471643431513034,12,-0.04271202708858613,-0.5382860884318035,1.0578355615620851,14,0.01973583571764317,-0.16151527511369354,1.96343581863624,1
HSP14,Adults,NA,NA,Adults,10,2,2,2 SPA/0 ENG,Monolingual,32,10,4,4,0,2,NA,Selection,FCT-25,llamar,Intensional,Intensional subjunctive,Subjunctive,1,1,NA,NA,NA,NA,303936,207733,8248273,79960.875,0.7119936490228335,0.5696765783610872,0.9361890539758077,NA,0.7529328161684474,-0.09471643431513034,12,-0.04271202708858613,-0.5382860884318035,1.0578355615620851,14,0.01973583571764317,-0.16151527511369354,1.96343581863624,1
HSP14,Adults,NA,NA,Adults,10,2,2,2 SPA/0 ENG,Monolingual,32,10,4,4,0,2,NA,Selection,FCT-32,cuidar,Intensional,Intensional subjunctive,Subjunctive,1,1,NA,NA,NA,NA,208160,26928,1534607,-100844.1,-0.897943857,0.01841624678734838,-0.8005284996483579,NA,-0.39105612643050475,-0.09471643431513034,12,-0.04271202708858613,-0.5382860884318035,1.0578355615620851,14,0.01973583571764317,-0.16151527511369354,1.96343581863624,1
HSP14,Adults,NA,NA,Adults,10,2,2,2 SPA/0 ENG,Monolingual,32,10,4,4,0,2,NA,Selection,FCT-40,pintar,Intensional,Intensional subjunctive,Subjunctive,1,1,NA,NA,NA,NA,45606,22466,893704,-105306.125,-0.937674734,-0.9171998985793148,-0.8433881203683105,NA,-0.8802940094738126,-0.09471643431513034,12,-0.04271202708858613,-0.5382860884318035,1.0578355615620851,14,0.01973583571764317,-0.16151527511369354,1.96343581863624,1
HSP14,Adults,NA,NA,Adults,10,2,2,2 SPA/0 ENG,Monolingual,32,10,4,4,0,2,NA,Selection,FCT-45,tratar,Intensional,Intensional subjunctive,Subjunctive,1,1,NA,NA,NA,NA,590952,203027,9516595,75254.875,0.6700901291788915,2.2216617868367825,0.8909856978332489,NA,1.5563237423350156,-0.09471643431513034,12,-0.04271202708858613,-0.5382860884318035,1.0578355615620851,14,0.01973583571764317,-0.16151527511369354,1.96343581863624,1
HSP14,Adults,NA,NA,Adults,10,2,2,2 SPA/0 ENG,Monolingual,32,10,4,4,0,2,NA,Selection,FCT-54,amar,Intensional,Intensional subjunctive,Subjunctive,1,1,NA,NA,NA,NA,60260,28864,1318934,-67512.125,-0.601146551,-0.832855502291293,-0.7819323038362045,NA,-0.8073939030637487,-0.09471643431513034,12,-0.04271202708858613,-0.5382860884318035,1.0578355615620851,14,0.01973583571764317,-0.16151527511369354,1.96343581863624,1
HSP15,Adults,NA,NA,Adults,9,2,-1,1 SPA/2 ENG,Bilingual,39,14,1,0,0,2,NA,Selection,FCT-02,mirar,Intensional,Intensional subjunctive,Subjunctive,1,1,NA,NA,NA,NA,186441,197558,3683993,69785.875,0.6213926472353051,-0.10659234765645834,0.8384533657585245,NA,0.3659305090510331,-0.32474206050901816,11,-0.250170444376007,1.088534089939866,-1.2378926784237076,15,0.3552450429175682,0.6393312973250519,-1.2154602686795777,1
HSP15,Adults,NA,NA,Adults,9,2,-1,1 SPA/2 ENG,Bilingual,39,14,1,0,0,2,NA,Selection,FCT-10,llevar,Intensional,Intensional subjunctive,Subjunctive,1,1,NA,NA,NA,NA,418316,301022,13841181,173259.875,1.5427536358311489,1.2280164205491535,1.8322740287278596,NA,1.5301452246385066,-0.32474206050901816,11,-0.250170444376007,1.088534089939866,-1.2378926784237076,15,0.3552450429175682,0.6393312973250519,-1.2154602686795777,1
HSP15,Adults,NA,NA,Adults,9,2,-1,1 SPA/2 ENG,Bilingual,39,14,1,0,0,2,NA,Selection,FCT-17,peinar,Intensional,Intensional subjunctive,Subjunctive,0,0,NA,NA,NA,NA,6151,3173,91504,-124599.125,-1.109464919,-1.1442920342108076,-1.0287065117959315,NA,-1.0864992730033696,-0.32474206050901816,11,-0.250170444376007,1.088534089939866,-1.2378926784237076,15,0.3552450429175682,0.6393312973250519,-1.2154602686795777,0
HSP15,Adults,NA,NA,Adults,9,2,-1,1 SPA/2 ENG,Bilingual,39,14,1,0,0,2,NA,Selection,FCT-25,llamar,Intensional,Intensional subjunctive,Subjunctive,0,0,NA,NA,NA,NA,303936,207733,8248273,79960.875,0.7119936490228335,0.5696765783610872,0.9361890539758077,NA,0.7529328161684474,-0.32474206050901816,11,-0.250170444376007,1.088534089939866,-1.2378926784237076,15,0.3552450429175682,0.6393312973250519,-1.2154602686795777,0
HSP15,Adults,NA,NA,Adults,9,2,-1,1 SPA/2 ENG,Bilingual,39,14,1,0,0,2,NA,Selection,FCT-32,cuidar,Intensional,Intensional subjunctive,Subjunctive,1,1,NA,NA,NA,NA,208160,26928,1534607,-100844.1,-0.897943857,0.01841624678734838,-0.8005284996483579,NA,-0.39105612643050475,-0.32474206050901816,11,-0.250170444376007,1.088534089939866,-1.2378926784237076,15,0.3552450429175682,0.6393312973250519,-1.2154602686795777,1
HSP15,Adults,NA,NA,Adults,9,2,-1,1 SPA/2 ENG,Bilingual,39,14,1,0,0,2,NA,Selection,FCT-40,pintar,Intensional,Intensional subjunctive,Subjunctive,0,0,NA,NA,NA,NA,45606,22466,893704,-105306.125,-0.937674734,-0.9171998985793148,-0.8433881203683105,NA,-0.8802940094738126,-0.32474206050901816,11,-0.250170444376007,1.088534089939866,-1.2378926784237076,15,0.3552450429175682,0.6393312973250519,-1.2154602686795777,0
HSP15,Adults,NA,NA,Adults,9,2,-1,1 SPA/2 ENG,Bilingual,39,14,1,0,0,2,NA,Selection,FCT-45,tratar,Intensional,Intensional subjunctive,Subjunctive,0,0,NA,NA,NA,NA,590952,203027,9516595,75254.875,0.6700901291788915,2.2216617868367825,0.8909856978332489,NA,1.5563237423350156,-0.32474206050901816,11,-0.250170444376007,1.088534089939866,-1.2378926784237076,15,0.3552450429175682,0.6393312973250519,-1.2154602686795777,0
HSP15,Adults,NA,NA,Adults,9,2,-1,1 SPA/2 ENG,Bilingual,39,14,1,0,0,2,NA,Selection,FCT-54,amar,Intensional,Intensional subjunctive,Subjunctive,0,0,NA,NA,NA,NA,60260,28864,1318934,-67512.125,-0.601146551,-0.832855502291293,-0.7819323038362045,NA,-0.8073939030637487,-0.32474206050901816,11,-0.250170444376007,1.088534089939866,-1.2378926784237076,15,0.3552450429175682,0.6393312973250519,-1.2154602686795777,0
HSP16,Adults,NA,NA,Adults,14,1,0,2 SPA/2 ENG,Bilingual,48,14,4,0,0,2,NA,Selection,FCT-02,mirar,Intensional,Intensional subjunctive,Subjunctive,1,1,NA,NA,NA,NA,186441,197558,3683993,69785.875,0.6213926472353051,-0.10659234765645834,0.8384533657585245,NA,0.3659305090510331,0.8253860704604208,15,0.5796632247736765,1.088534089939866,1.0578355615620851,18,1.3617726645173434,1.6689911761748677,-0.15582823957430486,1
HSP16,Adults,NA,NA,Adults,14,1,0,2 SPA/2 ENG,Bilingual,48,14,4,0,0,2,NA,Selection,FCT-10,llevar,Intensional,Intensional subjunctive,Subjunctive,1,1,NA,NA,NA,NA,418316,301022,13841181,173259.875,1.5427536358311489,1.2280164205491535,1.8322740287278596,NA,1.5301452246385066,0.8253860704604208,15,0.5796632247736765,1.088534089939866,1.0578355615620851,18,1.3617726645173434,1.6689911761748677,-0.15582823957430486,1
HSP16,Adults,NA,NA,Adults,14,1,0,2 SPA/2 ENG,Bilingual,48,14,4,0,0,2,NA,Selection,FCT-17,peinar,Intensional,Intensional subjunctive,Subjunctive,1,1,NA,NA,NA,NA,6151,3173,91504,-124599.125,-1.109464919,-1.1442920342108076,-1.0287065117959315,NA,-1.0864992730033696,0.8253860704604208,15,0.5796632247736765,1.088534089939866,1.0578355615620851,18,1.3617726645173434,1.6689911761748677,-0.15582823957430486,1
HSP16,Adults,NA,NA,Adults,14,1,0,2 SPA/2 ENG,Bilingual,48,14,4,0,0,2,NA,Selection,FCT-25,llamar,Intensional,Intensional subjunctive,Subjunctive,1,1,NA,NA,NA,NA,303936,207733,8248273,79960.875,0.7119936490228335,0.5696765783610872,0.9361890539758077,NA,0.7529328161684474,0.8253860704604208,15,0.5796632247736765,1.088534089939866,1.0578355615620851,18,1.3617726645173434,1.6689911761748677,-0.15582823957430486,1
HSP16,Adults,NA,NA,Adults,14,1,0,2 SPA/2 ENG,Bilingual,48,14,4,0,0,2,NA,Selection,FCT-32,cuidar,Intensional,Intensional subjunctive,Subjunctive,1,1,NA,NA,NA,NA,208160,26928,1534607,-100844.1,-0.897943857,0.01841624678734838,-0.8005284996483579,NA,-0.39105612643050475,0.8253860704604208,15,0.5796632247736765,1.088534089939866,1.0578355615620851,18,1.3617726645173434,1.6689911761748677,-0.15582823957430486,1
HSP16,Adults,NA,NA,Adults,14,1,0,2 SPA/2 ENG,Bilingual,48,14,4,0,0,2,NA,Selection,FCT-40,pintar,Intensional,Intensional subjunctive,Subjunctive,1,1,NA,NA,NA,NA,45606,22466,893704,-105306.125,-0.937674734,-0.9171998985793148,-0.8433881203683105,NA,-0.8802940094738126,0.8253860704604208,15,0.5796632247736765,1.088534089939866,1.0578355615620851,18,1.3617726645173434,1.6689911761748677,-0.15582823957430486,1
HSP16,Adults,NA,NA,Adults,14,1,0,2 SPA/2 ENG,Bilingual,48,14,4,0,0,2,NA,Selection,FCT-45,tratar,Intensional,Intensional subjunctive,Subjunctive,1,1,NA,NA,NA,NA,590952,203027,9516595,75254.875,0.6700901291788915,2.2216617868367825,0.8909856978332489,NA,1.5563237423350156,0.8253860704604208,15,0.5796632247736765,1.088534089939866,1.0578355615620851,18,1.3617726645173434,1.6689911761748677,-0.15582823957430486,1
HSP16,Adults,NA,NA,Adults,14,1,0,2 SPA/2 ENG,Bilingual,48,14,4,0,0,2,NA,Selection,FCT-54,amar,Intensional,Intensional subjunctive,Subjunctive,1,1,NA,NA,NA,NA,60260,28864,1318934,-67512.125,-0.601146551,-0.832855502291293,-0.7819323038362045,NA,-0.8073939030637487,0.8253860704604208,15,0.5796632247736765,1.088534089939866,1.0578355615620851,18,1.3617726645173434,1.6689911761748677,-0.15582823957430486,1
HSP17,Adults,NA,NA,Adults,7,2,1,2 SPA/1 ENG,Bilingual,22,9,0,0,0,2,NA,Selection,FCT-02,mirar,Intensional,Intensional subjunctive,Subjunctive,0,0,NA,NA,NA,NA,186441,197558,3683993,69785.875,0.6213926472353051,-0.10659234765645834,0.8384533657585245,NA,0.3659305090510331,-0.7847933128967938,9,-0.6650872789508488,-0.9449911330247208,-2.0031354250856386,9,-1.657810200281982,-1.3055818071690442,0.9038037895309676,0
HSP17,Adults,NA,NA,Adults,7,2,1,2 SPA/1 ENG,Bilingual,22,9,0,0,0,2,NA,Selection,FCT-10,llevar,Intensional,Intensional subjunctive,Subjunctive,1,1,NA,NA,NA,NA,418316,301022,13841181,173259.875,1.5427536358311489,1.2280164205491535,1.8322740287278596,NA,1.5301452246385066,-0.7847933128967938,9,-0.6650872789508488,-0.9449911330247208,-2.0031354250856386,9,-1.657810200281982,-1.3055818071690442,0.9038037895309676,1
HSP17,Adults,NA,NA,Adults,7,2,1,2 SPA/1 ENG,Bilingual,22,9,0,0,0,2,NA,Selection,FCT-17,peinar,Intensional,Intensional subjunctive,Subjunctive,0,0,NA,NA,NA,NA,6151,3173,91504,-124599.125,-1.109464919,-1.1442920342108076,-1.0287065117959315,NA,-1.0864992730033696,-0.7847933128967938,9,-0.6650872789508488,-0.9449911330247208,-2.0031354250856386,9,-1.657810200281982,-1.3055818071690442,0.9038037895309676,0
HSP17,Adults,NA,NA,Adults,7,2,1,2 SPA/1 ENG,Bilingual,22,9,0,0,0,2,NA,Selection,FCT-25,llamar,Intensional,Intensional subjunctive,Subjunctive,0,0,NA,NA,NA,NA,303936,207733,8248273,79960.875,0.7119936490228335,0.5696765783610872,0.9361890539758077,NA,0.7529328161684474,-0.7847933128967938,9,-0.6650872789508488,-0.9449911330247208,-2.0031354250856386,9,-1.657810200281982,-1.3055818071690442,0.9038037895309676,0
HSP17,Adults,NA,NA,Adults,7,2,1,2 SPA/1 ENG,Bilingual,22,9,0,0,0,2,NA,Selection,FCT-32,cuidar,Intensional,Intensional subjunctive,Subjunctive,0,0,NA,NA,NA,NA,208160,26928,1534607,-100844.1,-0.897943857,0.01841624678734838,-0.8005284996483579,NA,-0.39105612643050475,-0.7847933128967938,9,-0.6650872789508488,-0.9449911330247208,-2.0031354250856386,9,-1.657810200281982,-1.3055818071690442,0.9038037895309676,0
HSP17,Adults,NA,NA,Adults,7,2,1,2 SPA/1 ENG,Bilingual,22,9,0,0,0,2,NA,Selection,FCT-40,pintar,Intensional,Intensional subjunctive,Subjunctive,0,0,NA,NA,NA,NA,45606,22466,893704,-105306.125,-0.937674734,-0.9171998985793148,-0.8433881203683105,NA,-0.8802940094738126,-0.7847933128967938,9,-0.6650872789508488,-0.9449911330247208,-2.0031354250856386,9,-1.657810200281982,-1.3055818071690442,0.9038037895309676,0
HSP17,Adults,NA,NA,Adults,7,2,1,2 SPA/1 ENG,Bilingual,22,9,0,0,0,2,NA,Selection,FCT-45,tratar,Intensional,Intensional subjunctive,Subjunctive,1,1,NA,NA,NA,NA,590952,203027,9516595,75254.875,0.6700901291788915,2.2216617868367825,0.8909856978332489,NA,1.5563237423350156,-0.7847933128967938,9,-0.6650872789508488,-0.9449911330247208,-2.0031354250856386,9,-1.657810200281982,-1.3055818071690442,0.9038037895309676,1
HSP17,Adults,NA,NA,Adults,7,2,1,2 SPA/1 ENG,Bilingual,22,9,0,0,0,2,NA,Selection,FCT-54,amar,Intensional,Intensional subjunctive,Subjunctive,0,0,NA,NA,NA,NA,60260,28864,1318934,-67512.125,-0.601146551,-0.832855502291293,-0.7819323038362045,NA,-0.8073939030637487,-0.7847933128967938,9,-0.6650872789508488,-0.9449911330247208,-2.0031354250856386,9,-1.657810200281982,-1.3055818071690442,0.9038037895309676,0
HSP18,Adults,NA,NA,Adults,6,2,-1,1 SPA/2 ENG,Bilingual,20,14,0,0,0,2,NA,Selection,FCT-02,mirar,Intensional,Intensional subjunctive,Subjunctive,1,1,NA,NA,NA,NA,186441,197558,3683993,69785.875,0.6213926472353051,-0.10659234765645834,0.8384533657585245,NA,0.3659305090510331,-1.0148189390906814,8,-0.8725456962382697,1.088534089939866,-2.0031354250856386,14,0.01973583571764317,-1.5343951135801144,-1.2154602686795777,1
HSP18,Adults,NA,NA,Adults,6,2,-1,1 SPA/2 ENG,Bilingual,20,14,0,0,0,2,NA,Selection,FCT-10,llevar,Intensional,Intensional subjunctive,Subjunctive,1,1,NA,NA,NA,NA,418316,301022,13841181,173259.875,1.5427536358311489,1.2280164205491535,1.8322740287278596,NA,1.5301452246385066,-1.0148189390906814,8,-0.8725456962382697,1.088534089939866,-2.0031354250856386,14,0.01973583571764317,-1.5343951135801144,-1.2154602686795777,1
HSP18,Adults,NA,NA,Adults,6,2,-1,1 SPA/2 ENG,Bilingual,20,14,0,0,0,2,NA,Selection,FCT-17,peinar,Intensional,Intensional subjunctive,Subjunctive,1,1,NA,NA,NA,NA,6151,3173,91504,-124599.125,-1.109464919,-1.1442920342108076,-1.0287065117959315,NA,-1.0864992730033696,-1.0148189390906814,8,-0.8725456962382697,1.088534089939866,-2.0031354250856386,14,0.01973583571764317,-1.5343951135801144,-1.2154602686795777,1
HSP18,Adults,NA,NA,Adults,6,2,-1,1 SPA/2 ENG,Bilingual,20,14,0,0,0,2,NA,Selection,FCT-25,llamar,Intensional,Intensional subjunctive,Subjunctive,1,1,NA,NA,NA,NA,303936,207733,8248273,79960.875,0.7119936490228335,0.5696765783610872,0.9361890539758077,NA,0.7529328161684474,-1.0148189390906814,8,-0.8725456962382697,1.088534089939866,-2.0031354250856386,14,0.01973583571764317,-1.5343951135801144,-1.2154602686795777,1
HSP18,Adults,NA,NA,Adults,6,2,-1,1 SPA/2 ENG,Bilingual,20,14,0,0,0,2,NA,Selection,FCT-32,cuidar,Intensional,Intensional subjunctive,Subjunctive,1,1,NA,NA,NA,NA,208160,26928,1534607,-100844.1,-0.897943857,0.01841624678734838,-0.8005284996483579,NA,-0.39105612643050475,-1.0148189390906814,8,-0.8725456962382697,1.088534089939866,-2.0031354250856386,14,0.01973583571764317,-1.5343951135801144,-1.2154602686795777,1
HSP18,Adults,NA,NA,Adults,6,2,-1,1 SPA/2 ENG,Bilingual,20,14,0,0,0,2,NA,Selection,FCT-40,pintar,Intensional,Intensional subjunctive,Subjunctive,1,1,NA,NA,NA,NA,45606,22466,893704,-105306.125,-0.937674734,-0.9171998985793148,-0.8433881203683105,NA,-0.8802940094738126,-1.0148189390906814,8,-0.8725456962382697,1.088534089939866,-2.0031354250856386,14,0.01973583571764317,-1.5343951135801144,-1.2154602686795777,1
HSP18,Adults,NA,NA,Adults,6,2,-1,1 SPA/2 ENG,Bilingual,20,14,0,0,0,2,NA,Selection,FCT-45,tratar,Intensional,Intensional subjunctive,Subjunctive,1,1,NA,NA,NA,NA,590952,203027,9516595,75254.875,0.6700901291788915,2.2216617868367825,0.8909856978332489,NA,1.5563237423350156,-1.0148189390906814,8,-0.8725456962382697,1.088534089939866,-2.0031354250856386,14,0.01973583571764317,-1.5343951135801144,-1.2154602686795777,1
HSP18,Adults,NA,NA,Adults,6,2,-1,1 SPA/2 ENG,Bilingual,20,14,0,0,0,2,NA,Selection,FCT-54,amar,Intensional,Intensional subjunctive,Subjunctive,1,1,NA,NA,NA,NA,60260,28864,1318934,-67512.125,-0.601146551,-0.832855502291293,-0.7819323038362045,NA,-0.8073939030637487,-1.0148189390906814,8,-0.8725456962382697,1.088534089939866,-2.0031354250856386,14,0.01973583571764317,-1.5343951135801144,-1.2154602686795777,1
HSP19,Adults,NA,NA,Adults,13,1,0,2 SPA/2 ENG,Bilingual,38,13,3,0,0,2,NA,Selection,FCT-02,mirar,Intensional,Intensional subjunctive,Subjunctive,1,1,NA,NA,NA,NA,186441,197558,3683993,69785.875,0.6213926472353051,-0.10659234765645834,0.8384533657585245,NA,0.3659305090510331,0.595360444266533,14,0.3722048074862556,0.6818290453469488,0.2925928149001541,16,0.6907542501174933,0.5249246441195168,-0.15582823957430486,1
HSP19,Adults,NA,NA,Adults,13,1,0,2 SPA/2 ENG,Bilingual,38,13,3,0,0,2,NA,Selection,FCT-10,llevar,Intensional,Intensional subjunctive,Subjunctive,1,1,NA,NA,NA,NA,418316,301022,13841181,173259.875,1.5427536358311489,1.2280164205491535,1.8322740287278596,NA,1.5301452246385066,0.595360444266533,14,0.3722048074862556,0.6818290453469488,0.2925928149001541,16,0.6907542501174933,0.5249246441195168,-0.15582823957430486,1
HSP19,Adults,NA,NA,Adults,13,1,0,2 SPA/2 ENG,Bilingual,38,13,3,0,0,2,NA,Selection,FCT-17,peinar,Intensional,Intensional subjunctive,Subjunctive,1,1,NA,NA,NA,NA,6151,3173,91504,-124599.125,-1.109464919,-1.1442920342108076,-1.0287065117959315,NA,-1.0864992730033696,0.595360444266533,14,0.3722048074862556,0.6818290453469488,0.2925928149001541,16,0.6907542501174933,0.5249246441195168,-0.15582823957430486,1
HSP19,Adults,NA,NA,Adults,13,1,0,2 SPA/2 ENG,Bilingual,38,13,3,0,0,2,NA,Selection,FCT-25,llamar,Intensional,Intensional subjunctive,Subjunctive,1,1,NA,NA,NA,NA,303936,207733,8248273,79960.875,0.7119936490228335,0.5696765783610872,0.9361890539758077,NA,0.7529328161684474,0.595360444266533,14,0.3722048074862556,0.6818290453469488,0.2925928149001541,16,0.6907542501174933,0.5249246441195168,-0.15582823957430486,1
HSP19,Adults,NA,NA,Adults,13,1,0,2 SPA/2 ENG,Bilingual,38,13,3,0,0,2,NA,Selection,FCT-32,cuidar,Intensional,Intensional subjunctive,Subjunctive,1,1,NA,NA,NA,NA,208160,26928,1534607,-100844.1,-0.897943857,0.01841624678734838,-0.8005284996483579,NA,-0.39105612643050475,0.595360444266533,14,0.3722048074862556,0.6818290453469488,0.2925928149001541,16,0.6907542501174933,0.5249246441195168,-0.15582823957430486,1
HSP19,Adults,NA,NA,Adults,13,1,0,2 SPA/2 ENG,Bilingual,38,13,3,0,0,2,NA,Selection,FCT-40,pintar,Intensional,Intensional subjunctive,Subjunctive,1,1,NA,NA,NA,NA,45606,22466,893704,-105306.125,-0.937674734,-0.9171998985793148,-0.8433881203683105,NA,-0.8802940094738126,0.595360444266533,14,0.3722048074862556,0.6818290453469488,0.2925928149001541,16,0.6907542501174933,0.5249246441195168,-0.15582823957430486,1
HSP19,Adults,NA,NA,Adults,13,1,0,2 SPA/2 ENG,Bilingual,38,13,3,0,0,2,NA,Selection,FCT-45,tratar,Intensional,Intensional subjunctive,Subjunctive,1,1,NA,NA,NA,NA,590952,203027,9516595,75254.875,0.6700901291788915,2.2216617868367825,0.8909856978332489,NA,1.5563237423350156,0.595360444266533,14,0.3722048074862556,0.6818290453469488,0.2925928149001541,16,0.6907542501174933,0.5249246441195168,-0.15582823957430486,1
HSP19,Adults,NA,NA,Adults,13,1,0,2 SPA/2 ENG,Bilingual,38,13,3,0,0,2,NA,Selection,FCT-54,amar,Intensional,Intensional subjunctive,Subjunctive,1,1,NA,NA,NA,NA,60260,28864,1318934,-67512.125,-0.601146551,-0.832855502291293,-0.7819323038362045,NA,-0.8073939030637487,0.595360444266533,14,0.3722048074862556,0.6818290453469488,0.2925928149001541,16,0.6907542501174933,0.5249246441195168,-0.15582823957430486,1
HSP20,Adults,NA,NA,Adults,7,2,0,2 SPA/2 ENG,Bilingual,41,7,3,3,0,2,NA,Selection,FCT-02,mirar,Intensional,Intensional subjunctive,Subjunctive,1,1,NA,NA,NA,NA,186441,197558,3683993,69785.875,0.6213926472353051,-0.10659234765645834,0.8384533657585245,NA,0.3659305090510331,-0.7847933128967938,9,-0.6650872789508488,-1.7584012222105556,0.2925928149001541,10,-1.322300993082057,0.868144603736122,-0.15582823957430486,1
HSP20,Adults,NA,NA,Adults,7,2,0,2 SPA/2 ENG,Bilingual,41,7,3,3,0,2,NA,Selection,FCT-10,llevar,Intensional,Intensional subjunctive,Subjunctive,1,1,NA,NA,NA,NA,418316,301022,13841181,173259.875,1.5427536358311489,1.2280164205491535,1.8322740287278596,NA,1.5301452246385066,-0.7847933128967938,9,-0.6650872789508488,-1.7584012222105556,0.2925928149001541,10,-1.322300993082057,0.868144603736122,-0.15582823957430486,1
HSP20,Adults,NA,NA,Adults,7,2,0,2 SPA/2 ENG,Bilingual,41,7,3,3,0,2,NA,Selection,FCT-17,peinar,Intensional,Intensional subjunctive,Subjunctive,1,1,NA,NA,NA,NA,6151,3173,91504,-124599.125,-1.109464919,-1.1442920342108076,-1.0287065117959315,NA,-1.0864992730033696,-0.7847933128967938,9,-0.6650872789508488,-1.7584012222105556,0.2925928149001541,10,-1.322300993082057,0.868144603736122,-0.15582823957430486,1
HSP20,Adults,NA,NA,Adults,7,2,0,2 SPA/2 ENG,Bilingual,41,7,3,3,0,2,NA,Selection,FCT-25,llamar,Intensional,Intensional subjunctive,Subjunctive,1,1,NA,NA,NA,NA,303936,207733,8248273,79960.875,0.7119936490228335,0.5696765783610872,0.9361890539758077,NA,0.7529328161684474,-0.7847933128967938,9,-0.6650872789508488,-1.7584012222105556,0.2925928149001541,10,-1.322300993082057,0.868144603736122,-0.15582823957430486,1
HSP20,Adults,NA,NA,Adults,7,2,0,2 SPA/2 ENG,Bilingual,41,7,3,3,0,2,NA,Selection,FCT-32,cuidar,Intensional,Intensional subjunctive,Subjunctive,1,1,NA,NA,NA,NA,208160,26928,1534607,-100844.1,-0.897943857,0.01841624678734838,-0.8005284996483579,NA,-0.39105612643050475,-0.7847933128967938,9,-0.6650872789508488,-1.7584012222105556,0.2925928149001541,10,-1.322300993082057,0.868144603736122,-0.15582823957430486,1
HSP20,Adults,NA,NA,Adults,7,2,0,2 SPA/2 ENG,Bilingual,41,7,3,3,0,2,NA,Selection,FCT-40,pintar,Intensional,Intensional subjunctive,Subjunctive,1,1,NA,NA,NA,NA,45606,22466,893704,-105306.125,-0.937674734,-0.9171998985793148,-0.8433881203683105,NA,-0.8802940094738126,-0.7847933128967938,9,-0.6650872789508488,-1.7584012222105556,0.2925928149001541,10,-1.322300993082057,0.868144603736122,-0.15582823957430486,1
HSP20,Adults,NA,NA,Adults,7,2,0,2 SPA/2 ENG,Bilingual,41,7,3,3,0,2,NA,Selection,FCT-45,tratar,Intensional,Intensional subjunctive,Subjunctive,1,1,NA,NA,NA,NA,590952,203027,9516595,75254.875,0.6700901291788915,2.2216617868367825,0.8909856978332489,NA,1.5563237423350156,-0.7847933128967938,9,-0.6650872789508488,-1.7584012222105556,0.2925928149001541,10,-1.322300993082057,0.868144603736122,-0.15582823957430486,1
HSP20,Adults,NA,NA,Adults,7,2,0,2 SPA/2 ENG,Bilingual,41,7,3,3,0,2,NA,Selection,FCT-54,amar,Intensional,Intensional subjunctive,Subjunctive,1,1,NA,NA,NA,NA,60260,28864,1318934,-67512.125,-0.601146551,-0.832855502291293,-0.7819323038362045,NA,-0.8073939030637487,-0.7847933128967938,9,-0.6650872789508488,-1.7584012222105556,0.2925928149001541,10,-1.322300993082057,0.868144603736122,-0.15582823957430486,1
HSP21,Adults,NA,NA,Adults,10,3,0,2 SPA/2 ENG,Bilingual,29,11,2,0,0,2,NA,Selection,FCT-02,mirar,Intensional,Intensional subjunctive,Subjunctive,1,1,NA,NA,NA,NA,186441,197558,3683993,69785.875,0.6213926472353051,-0.10659234765645834,0.8384533657585245,NA,0.3659305090510331,-0.09471643431513034,13,0.16474639019883475,-0.13158104383888602,-0.4726499317617768,13,-0.31577337148228185,-0.5047352347302987,-0.15582823957430486,1
HSP21,Adults,NA,NA,Adults,10,3,0,2 SPA/2 ENG,Bilingual,29,11,2,0,0,2,NA,Selection,FCT-10,llevar,Intensional,Intensional subjunctive,Subjunctive,0,0,NA,NA,NA,NA,418316,301022,13841181,173259.875,1.5427536358311489,1.2280164205491535,1.8322740287278596,NA,1.5301452246385066,-0.09471643431513034,13,0.16474639019883475,-0.13158104383888602,-0.4726499317617768,13,-0.31577337148228185,-0.5047352347302987,-0.15582823957430486,0
HSP21,Adults,NA,NA,Adults,10,3,0,2 SPA/2 ENG,Bilingual,29,11,2,0,0,2,NA,Selection,FCT-17,peinar,Intensional,Intensional subjunctive,Subjunctive,1,1,NA,NA,NA,NA,6151,3173,91504,-124599.125,-1.109464919,-1.1442920342108076,-1.0287065117959315,NA,-1.0864992730033696,-0.09471643431513034,13,0.16474639019883475,-0.13158104383888602,-0.4726499317617768,13,-0.31577337148228185,-0.5047352347302987,-0.15582823957430486,1
HSP21,Adults,NA,NA,Adults,10,3,0,2 SPA/2 ENG,Bilingual,29,11,2,0,0,2,NA,Selection,FCT-25,llamar,Intensional,Intensional subjunctive,Subjunctive,1,1,NA,NA,NA,NA,303936,207733,8248273,79960.875,0.7119936490228335,0.5696765783610872,0.9361890539758077,NA,0.7529328161684474,-0.09471643431513034,13,0.16474639019883475,-0.13158104383888602,-0.4726499317617768,13,-0.31577337148228185,-0.5047352347302987,-0.15582823957430486,1
HSP21,Adults,NA,NA,Adults,10,3,0,2 SPA/2 ENG,Bilingual,29,11,2,0,0,2,NA,Selection,FCT-32,cuidar,Intensional,Intensional subjunctive,Subjunctive,1,1,NA,NA,NA,NA,208160,26928,1534607,-100844.1,-0.897943857,0.01841624678734838,-0.8005284996483579,NA,-0.39105612643050475,-0.09471643431513034,13,0.16474639019883475,-0.13158104383888602,-0.4726499317617768,13,-0.31577337148228185,-0.5047352347302987,-0.15582823957430486,1
HSP21,Adults,NA,NA,Adults,10,3,0,2 SPA/2 ENG,Bilingual,29,11,2,0,0,2,NA,Selection,FCT-40,pintar,Intensional,Intensional subjunctive,Subjunctive,0,0,NA,NA,NA,NA,45606,22466,893704,-105306.125,-0.937674734,-0.9171998985793148,-0.8433881203683105,NA,-0.8802940094738126,-0.09471643431513034,13,0.16474639019883475,-0.13158104383888602,-0.4726499317617768,13,-0.31577337148228185,-0.5047352347302987,-0.15582823957430486,0
HSP21,Adults,NA,NA,Adults,10,3,0,2 SPA/2 ENG,Bilingual,29,11,2,0,0,2,NA,Selection,FCT-45,tratar,Intensional,Intensional subjunctive,Subjunctive,1,1,NA,NA,NA,NA,590952,203027,9516595,75254.875,0.6700901291788915,2.2216617868367825,0.8909856978332489,NA,1.5563237423350156,-0.09471643431513034,13,0.16474639019883475,-0.13158104383888602,-0.4726499317617768,13,-0.31577337148228185,-0.5047352347302987,-0.15582823957430486,1
HSP21,Adults,NA,NA,Adults,10,3,0,2 SPA/2 ENG,Bilingual,29,11,2,0,0,2,NA,Selection,FCT-54,amar,Intensional,Intensional subjunctive,Subjunctive,1,1,NA,NA,NA,NA,60260,28864,1318934,-67512.125,-0.601146551,-0.832855502291293,-0.7819323038362045,NA,-0.8073939030637487,-0.09471643431513034,13,0.16474639019883475,-0.13158104383888602,-0.4726499317617768,13,-0.31577337148228185,-0.5047352347302987,-0.15582823957430486,1
HSP22,Adults,NA,NA,Adults,10,1,1,2 SPA/1 ENG,Bilingual,25,11,0,0,0,2,NA,Selection,FCT-02,mirar,Intensional,Intensional subjunctive,Subjunctive,1,1,NA,NA,NA,NA,186441,197558,3683993,69785.875,0.6213926472353051,-0.10659234765645834,0.8384533657585245,NA,0.3659305090510331,-0.09471643431513034,11,-0.250170444376007,-0.13158104383888602,-2.0031354250856386,11,-0.986791785882132,-0.962361847552439,0.9038037895309676,1
HSP22,Adults,NA,NA,Adults,10,1,1,2 SPA/1 ENG,Bilingual,25,11,0,0,0,2,NA,Selection,FCT-10,llevar,Intensional,Intensional subjunctive,Subjunctive,0,0,NA,NA,NA,NA,418316,301022,13841181,173259.875,1.5427536358311489,1.2280164205491535,1.8322740287278596,NA,1.5301452246385066,-0.09471643431513034,11,-0.250170444376007,-0.13158104383888602,-2.0031354250856386,11,-0.986791785882132,-0.962361847552439,0.9038037895309676,0
HSP22,Adults,NA,NA,Adults,10,1,1,2 SPA/1 ENG,Bilingual,25,11,0,0,0,2,NA,Selection,FCT-17,peinar,Intensional,Intensional subjunctive,Subjunctive,0,0,NA,NA,NA,NA,6151,3173,91504,-124599.125,-1.109464919,-1.1442920342108076,-1.0287065117959315,NA,-1.0864992730033696,-0.09471643431513034,11,-0.250170444376007,-0.13158104383888602,-2.0031354250856386,11,-0.986791785882132,-0.962361847552439,0.9038037895309676,0
HSP22,Adults,NA,NA,Adults,10,1,1,2 SPA/1 ENG,Bilingual,25,11,0,0,0,2,NA,Selection,FCT-25,llamar,Intensional,Intensional subjunctive,Subjunctive,0,0,NA,NA,NA,NA,303936,207733,8248273,79960.875,0.7119936490228335,0.5696765783610872,0.9361890539758077,NA,0.7529328161684474,-0.09471643431513034,11,-0.250170444376007,-0.13158104383888602,-2.0031354250856386,11,-0.986791785882132,-0.962361847552439,0.9038037895309676,0
HSP22,Adults,NA,NA,Adults,10,1,1,2 SPA/1 ENG,Bilingual,25,11,0,0,0,2,NA,Selection,FCT-32,cuidar,Intensional,Intensional subjunctive,Subjunctive,1,1,NA,NA,NA,NA,208160,26928,1534607,-100844.1,-0.897943857,0.01841624678734838,-0.8005284996483579,NA,-0.39105612643050475,-0.09471643431513034,11,-0.250170444376007,-0.13158104383888602,-2.0031354250856386,11,-0.986791785882132,-0.962361847552439,0.9038037895309676,1
HSP22,Adults,NA,NA,Adults,10,1,1,2 SPA/1 ENG,Bilingual,25,11,0,0,0,2,NA,Selection,FCT-40,pintar,Intensional,Intensional subjunctive,Subjunctive,0,0,NA,NA,NA,NA,45606,22466,893704,-105306.125,-0.937674734,-0.9171998985793148,-0.8433881203683105,NA,-0.8802940094738126,-0.09471643431513034,11,-0.250170444376007,-0.13158104383888602,-2.0031354250856386,11,-0.986791785882132,-0.962361847552439,0.9038037895309676,0
HSP22,Adults,NA,NA,Adults,10,1,1,2 SPA/1 ENG,Bilingual,25,11,0,0,0,2,NA,Selection,FCT-45,tratar,Intensional,Intensional subjunctive,Subjunctive,1,1,NA,NA,NA,NA,590952,203027,9516595,75254.875,0.6700901291788915,2.2216617868367825,0.8909856978332489,NA,1.5563237423350156,-0.09471643431513034,11,-0.250170444376007,-0.13158104383888602,-2.0031354250856386,11,-0.986791785882132,-0.962361847552439,0.9038037895309676,1
HSP22,Adults,NA,NA,Adults,10,1,1,2 SPA/1 ENG,Bilingual,25,11,0,0,0,2,NA,Selection,FCT-54,amar,Intensional,Intensional subjunctive,Subjunctive,0,0,NA,NA,NA,NA,60260,28864,1318934,-67512.125,-0.601146551,-0.832855502291293,-0.7819323038362045,NA,-0.8073939030637487,-0.09471643431513034,11,-0.250170444376007,-0.13158104383888602,-2.0031354250856386,11,-0.986791785882132,-0.962361847552439,0.9038037895309676,0
HSP24,Adults,NA,NA,Adults,18,2,2,2 SPA/0 ENG,Monolingual,25,10,3,0,0,2,NA,Selection,FCT-02,mirar,Intensional,Intensional subjunctive,Subjunctive,1,1,NA,NA,NA,NA,186441,197558,3683993,69785.875,0.6213926472353051,-0.10659234765645834,0.8384533657585245,NA,0.3659305090510331,1.745488575235972,20,1.616955311210781,-0.5382860884318035,0.2925928149001541,13,-0.31577337148228185,-0.962361847552439,1.96343581863624,1
HSP24,Adults,NA,NA,Adults,18,2,2,2 SPA/0 ENG,Monolingual,25,10,3,0,0,2,NA,Selection,FCT-10,llevar,Intensional,Intensional subjunctive,Subjunctive,1,1,NA,NA,NA,NA,418316,301022,13841181,173259.875,1.5427536358311489,1.2280164205491535,1.8322740287278596,NA,1.5301452246385066,1.745488575235972,20,1.616955311210781,-0.5382860884318035,0.2925928149001541,13,-0.31577337148228185,-0.962361847552439,1.96343581863624,1
HSP24,Adults,NA,NA,Adults,18,2,2,2 SPA/0 ENG,Monolingual,25,10,3,0,0,2,NA,Selection,FCT-17,peinar,Intensional,Intensional subjunctive,Subjunctive,1,1,NA,NA,NA,NA,6151,3173,91504,-124599.125,-1.109464919,-1.1442920342108076,-1.0287065117959315,NA,-1.0864992730033696,1.745488575235972,20,1.616955311210781,-0.5382860884318035,0.2925928149001541,13,-0.31577337148228185,-0.962361847552439,1.96343581863624,1
HSP24,Adults,NA,NA,Adults,18,2,2,2 SPA/0 ENG,Monolingual,25,10,3,0,0,2,NA,Selection,FCT-25,llamar,Intensional,Intensional subjunctive,Subjunctive,0,0,NA,NA,NA,NA,303936,207733,8248273,79960.875,0.7119936490228335,0.5696765783610872,0.9361890539758077,NA,0.7529328161684474,1.745488575235972,20,1.616955311210781,-0.5382860884318035,0.2925928149001541,13,-0.31577337148228185,-0.962361847552439,1.96343581863624,0
HSP24,Adults,NA,NA,Adults,18,2,2,2 SPA/0 ENG,Monolingual,25,10,3,0,0,2,NA,Selection,FCT-32,cuidar,Intensional,Intensional subjunctive,Subjunctive,1,1,NA,NA,NA,NA,208160,26928,1534607,-100844.1,-0.897943857,0.01841624678734838,-0.8005284996483579,NA,-0.39105612643050475,1.745488575235972,20,1.616955311210781,-0.5382860884318035,0.2925928149001541,13,-0.31577337148228185,-0.962361847552439,1.96343581863624,1
HSP24,Adults,NA,NA,Adults,18,2,2,2 SPA/0 ENG,Monolingual,25,10,3,0,0,2,NA,Selection,FCT-40,pintar,Intensional,Intensional subjunctive,Subjunctive,1,1,NA,NA,NA,NA,45606,22466,893704,-105306.125,-0.937674734,-0.9171998985793148,-0.8433881203683105,NA,-0.8802940094738126,1.745488575235972,20,1.616955311210781,-0.5382860884318035,0.2925928149001541,13,-0.31577337148228185,-0.962361847552439,1.96343581863624,1
HSP24,Adults,NA,NA,Adults,18,2,2,2 SPA/0 ENG,Monolingual,25,10,3,0,0,2,NA,Selection,FCT-45,tratar,Intensional,Intensional subjunctive,Subjunctive,1,1,NA,NA,NA,NA,590952,203027,9516595,75254.875,0.6700901291788915,2.2216617868367825,0.8909856978332489,NA,1.5563237423350156,1.745488575235972,20,1.616955311210781,-0.5382860884318035,0.2925928149001541,13,-0.31577337148228185,-0.962361847552439,1.96343581863624,1
HSP24,Adults,NA,NA,Adults,18,2,2,2 SPA/0 ENG,Monolingual,25,10,3,0,0,2,NA,Selection,FCT-54,amar,Intensional,Intensional subjunctive,Subjunctive,1,1,NA,NA,NA,NA,60260,28864,1318934,-67512.125,-0.601146551,-0.832855502291293,-0.7819323038362045,NA,-0.8073939030637487,1.745488575235972,20,1.616955311210781,-0.5382860884318035,0.2925928149001541,13,-0.31577337148228185,-0.962361847552439,1.96343581863624,1
HSP25,Adults,NA,NA,Adults,14,2,0,2 SPA/2 ENG,Bilingual,33,13,2,3,0,2,NA,Selection,FCT-02,mirar,Intensional,Intensional subjunctive,Subjunctive,0,0,NA,NA,NA,NA,186441,197558,3683993,69785.875,0.6213926472353051,-0.10659234765645834,0.8384533657585245,NA,0.3659305090510331,0.8253860704604208,16,0.7871216420610975,0.6818290453469488,-0.4726499317617768,15,0.3552450429175682,-0.04710862190815848,-0.15582823957430486,0
HSP25,Adults,NA,NA,Adults,14,2,0,2 SPA/2 ENG,Bilingual,33,13,2,3,0,2,NA,Selection,FCT-10,llevar,Intensional,Intensional subjunctive,Subjunctive,0,0,NA,NA,NA,NA,418316,301022,13841181,173259.875,1.5427536358311489,1.2280164205491535,1.8322740287278596,NA,1.5301452246385066,0.8253860704604208,16,0.7871216420610975,0.6818290453469488,-0.4726499317617768,15,0.3552450429175682,-0.04710862190815848,-0.15582823957430486,0
HSP25,Adults,NA,NA,Adults,14,2,0,2 SPA/2 ENG,Bilingual,33,13,2,3,0,2,NA,Selection,FCT-17,peinar,Intensional,Intensional subjunctive,Subjunctive,0,0,NA,NA,NA,NA,6151,3173,91504,-124599.125,-1.109464919,-1.1442920342108076,-1.0287065117959315,NA,-1.0864992730033696,0.8253860704604208,16,0.7871216420610975,0.6818290453469488,-0.4726499317617768,15,0.3552450429175682,-0.04710862190815848,-0.15582823957430486,0
HSP25,Adults,NA,NA,Adults,14,2,0,2 SPA/2 ENG,Bilingual,33,13,2,3,0,2,NA,Selection,FCT-25,llamar,Intensional,Intensional subjunctive,Subjunctive,1,1,NA,NA,NA,NA,303936,207733,8248273,79960.875,0.7119936490228335,0.5696765783610872,0.9361890539758077,NA,0.7529328161684474,0.8253860704604208,16,0.7871216420610975,0.6818290453469488,-0.4726499317617768,15,0.3552450429175682,-0.04710862190815848,-0.15582823957430486,1
HSP25,Adults,NA,NA,Adults,14,2,0,2 SPA/2 ENG,Bilingual,33,13,2,3,0,2,NA,Selection,FCT-32,cuidar,Intensional,Intensional subjunctive,Subjunctive,1,1,NA,NA,NA,NA,208160,26928,1534607,-100844.1,-0.897943857,0.01841624678734838,-0.8005284996483579,NA,-0.39105612643050475,0.8253860704604208,16,0.7871216420610975,0.6818290453469488,-0.4726499317617768,15,0.3552450429175682,-0.04710862190815848,-0.15582823957430486,1
HSP25,Adults,NA,NA,Adults,14,2,0,2 SPA/2 ENG,Bilingual,33,13,2,3,0,2,NA,Selection,FCT-40,pintar,Intensional,Intensional subjunctive,Subjunctive,0,0,NA,NA,NA,NA,45606,22466,893704,-105306.125,-0.937674734,-0.9171998985793148,-0.8433881203683105,NA,-0.8802940094738126,0.8253860704604208,16,0.7871216420610975,0.6818290453469488,-0.4726499317617768,15,0.3552450429175682,-0.04710862190815848,-0.15582823957430486,0
HSP25,Adults,NA,NA,Adults,14,2,0,2 SPA/2 ENG,Bilingual,33,13,2,3,0,2,NA,Selection,FCT-45,tratar,Intensional,Intensional subjunctive,Subjunctive,0,0,NA,NA,NA,NA,590952,203027,9516595,75254.875,0.6700901291788915,2.2216617868367825,0.8909856978332489,NA,1.5563237423350156,0.8253860704604208,16,0.7871216420610975,0.6818290453469488,-0.4726499317617768,15,0.3552450429175682,-0.04710862190815848,-0.15582823957430486,0
HSP25,Adults,NA,NA,Adults,14,2,0,2 SPA/2 ENG,Bilingual,33,13,2,3,0,2,NA,Selection,FCT-54,amar,Intensional,Intensional subjunctive,Subjunctive,0,0,NA,NA,NA,NA,60260,28864,1318934,-67512.125,-0.601146551,-0.832855502291293,-0.7819323038362045,NA,-0.8073939030637487,0.8253860704604208,16,0.7871216420610975,0.6818290453469488,-0.4726499317617768,15,0.3552450429175682,-0.04710862190815848,-0.15582823957430486,0
HSP26,Adults,NA,NA,Adults,7,2,-1,1 SPA/2 ENG,Bilingual,38,13,3,0,0,2,NA,Selection,FCT-02,mirar,Intensional,Intensional subjunctive,Subjunctive,1,1,NA,NA,NA,NA,186441,197558,3683993,69785.875,0.6213926472353051,-0.10659234765645834,0.8384533657585245,NA,0.3659305090510331,-0.7847933128967938,9,-0.6650872789508488,0.6818290453469488,0.2925928149001541,16,0.6907542501174933,0.5249246441195168,-1.2154602686795777,1
HSP26,Adults,NA,NA,Adults,7,2,-1,1 SPA/2 ENG,Bilingual,38,13,3,0,0,2,NA,Selection,FCT-10,llevar,Intensional,Intensional subjunctive,Subjunctive,1,1,NA,NA,NA,NA,418316,301022,13841181,173259.875,1.5427536358311489,1.2280164205491535,1.8322740287278596,NA,1.5301452246385066,-0.7847933128967938,9,-0.6650872789508488,0.6818290453469488,0.2925928149001541,16,0.6907542501174933,0.5249246441195168,-1.2154602686795777,1
HSP26,Adults,NA,NA,Adults,7,2,-1,1 SPA/2 ENG,Bilingual,38,13,3,0,0,2,NA,Selection,FCT-17,peinar,Intensional,Intensional subjunctive,Subjunctive,0,0,NA,NA,NA,NA,6151,3173,91504,-124599.125,-1.109464919,-1.1442920342108076,-1.0287065117959315,NA,-1.0864992730033696,-0.7847933128967938,9,-0.6650872789508488,0.6818290453469488,0.2925928149001541,16,0.6907542501174933,0.5249246441195168,-1.2154602686795777,0
HSP26,Adults,NA,NA,Adults,7,2,-1,1 SPA/2 ENG,Bilingual,38,13,3,0,0,2,NA,Selection,FCT-25,llamar,Intensional,Intensional subjunctive,Subjunctive,1,1,NA,NA,NA,NA,303936,207733,8248273,79960.875,0.7119936490228335,0.5696765783610872,0.9361890539758077,NA,0.7529328161684474,-0.7847933128967938,9,-0.6650872789508488,0.6818290453469488,0.2925928149001541,16,0.6907542501174933,0.5249246441195168,-1.2154602686795777,1
HSP26,Adults,NA,NA,Adults,7,2,-1,1 SPA/2 ENG,Bilingual,38,13,3,0,0,2,NA,Selection,FCT-32,cuidar,Intensional,Intensional subjunctive,Subjunctive,1,1,NA,NA,NA,NA,208160,26928,1534607,-100844.1,-0.897943857,0.01841624678734838,-0.8005284996483579,NA,-0.39105612643050475,-0.7847933128967938,9,-0.6650872789508488,0.6818290453469488,0.2925928149001541,16,0.6907542501174933,0.5249246441195168,-1.2154602686795777,1
HSP26,Adults,NA,NA,Adults,7,2,-1,1 SPA/2 ENG,Bilingual,38,13,3,0,0,2,NA,Selection,FCT-40,pintar,Intensional,Intensional subjunctive,Subjunctive,1,1,NA,NA,NA,NA,45606,22466,893704,-105306.125,-0.937674734,-0.9171998985793148,-0.8433881203683105,NA,-0.8802940094738126,-0.7847933128967938,9,-0.6650872789508488,0.6818290453469488,0.2925928149001541,16,0.6907542501174933,0.5249246441195168,-1.2154602686795777,1
HSP26,Adults,NA,NA,Adults,7,2,-1,1 SPA/2 ENG,Bilingual,38,13,3,0,0,2,NA,Selection,FCT-45,tratar,Intensional,Intensional subjunctive,Subjunctive,0,0,NA,NA,NA,NA,590952,203027,9516595,75254.875,0.6700901291788915,2.2216617868367825,0.8909856978332489,NA,1.5563237423350156,-0.7847933128967938,9,-0.6650872789508488,0.6818290453469488,0.2925928149001541,16,0.6907542501174933,0.5249246441195168,-1.2154602686795777,0
HSP26,Adults,NA,NA,Adults,7,2,-1,1 SPA/2 ENG,Bilingual,38,13,3,0,0,2,NA,Selection,FCT-54,amar,Intensional,Intensional subjunctive,Subjunctive,0,0,NA,NA,NA,NA,60260,28864,1318934,-67512.125,-0.601146551,-0.832855502291293,-0.7819323038362045,NA,-0.8073939030637487,-0.7847933128967938,9,-0.6650872789508488,0.6818290453469488,0.2925928149001541,16,0.6907542501174933,0.5249246441195168,-1.2154602686795777,0
HSP27,Adults,NA,NA,Adults,11,2,0,2 SPA/2 ENG,Bilingual,20,7,2,0,0,2,NA,Selection,FCT-02,mirar,Intensional,Intensional subjunctive,Subjunctive,0,0,NA,NA,NA,NA,186441,197558,3683993,69785.875,0.6213926472353051,-0.10659234765645834,0.8384533657585245,NA,0.3659305090510331,0.13530919187875745,13,0.16474639019883475,-1.7584012222105556,-0.4726499317617768,9,-1.657810200281982,-1.5343951135801144,-0.15582823957430486,0
HSP27,Adults,NA,NA,Adults,11,2,0,2 SPA/2 ENG,Bilingual,20,7,2,0,0,2,NA,Selection,FCT-10,llevar,Intensional,Intensional subjunctive,Subjunctive,0,0,NA,NA,NA,NA,418316,301022,13841181,173259.875,1.5427536358311489,1.2280164205491535,1.8322740287278596,NA,1.5301452246385066,0.13530919187875745,13,0.16474639019883475,-1.7584012222105556,-0.4726499317617768,9,-1.657810200281982,-1.5343951135801144,-0.15582823957430486,0
HSP27,Adults,NA,NA,Adults,11,2,0,2 SPA/2 ENG,Bilingual,20,7,2,0,0,2,NA,Selection,FCT-17,peinar,Intensional,Intensional subjunctive,Subjunctive,1,1,NA,NA,NA,NA,6151,3173,91504,-124599.125,-1.109464919,-1.1442920342108076,-1.0287065117959315,NA,-1.0864992730033696,0.13530919187875745,13,0.16474639019883475,-1.7584012222105556,-0.4726499317617768,9,-1.657810200281982,-1.5343951135801144,-0.15582823957430486,1
HSP27,Adults,NA,NA,Adults,11,2,0,2 SPA/2 ENG,Bilingual,20,7,2,0,0,2,NA,Selection,FCT-25,llamar,Intensional,Intensional subjunctive,Subjunctive,0,0,NA,NA,NA,NA,303936,207733,8248273,79960.875,0.7119936490228335,0.5696765783610872,0.9361890539758077,NA,0.7529328161684474,0.13530919187875745,13,0.16474639019883475,-1.7584012222105556,-0.4726499317617768,9,-1.657810200281982,-1.5343951135801144,-0.15582823957430486,0
HSP27,Adults,NA,NA,Adults,11,2,0,2 SPA/2 ENG,Bilingual,20,7,2,0,0,2,NA,Selection,FCT-32,cuidar,Intensional,Intensional subjunctive,Subjunctive,1,1,NA,NA,NA,NA,208160,26928,1534607,-100844.1,-0.897943857,0.01841624678734838,-0.8005284996483579,NA,-0.39105612643050475,0.13530919187875745,13,0.16474639019883475,-1.7584012222105556,-0.4726499317617768,9,-1.657810200281982,-1.5343951135801144,-0.15582823957430486,1
HSP27,Adults,NA,NA,Adults,11,2,0,2 SPA/2 ENG,Bilingual,20,7,2,0,0,2,NA,Selection,FCT-40,pintar,Intensional,Intensional subjunctive,Subjunctive,1,1,NA,NA,NA,NA,45606,22466,893704,-105306.125,-0.937674734,-0.9171998985793148,-0.8433881203683105,NA,-0.8802940094738126,0.13530919187875745,13,0.16474639019883475,-1.7584012222105556,-0.4726499317617768,9,-1.657810200281982,-1.5343951135801144,-0.15582823957430486,1
HSP27,Adults,NA,NA,Adults,11,2,0,2 SPA/2 ENG,Bilingual,20,7,2,0,0,2,NA,Selection,FCT-45,tratar,Intensional,Intensional subjunctive,Subjunctive,0,0,NA,NA,NA,NA,590952,203027,9516595,75254.875,0.6700901291788915,2.2216617868367825,0.8909856978332489,NA,1.5563237423350156,0.13530919187875745,13,0.16474639019883475,-1.7584012222105556,-0.4726499317617768,9,-1.657810200281982,-1.5343951135801144,-0.15582823957430486,0
HSP27,Adults,NA,NA,Adults,11,2,0,2 SPA/2 ENG,Bilingual,20,7,2,0,0,2,NA,Selection,FCT-54,amar,Intensional,Intensional subjunctive,Subjunctive,0,0,NA,NA,NA,NA,60260,28864,1318934,-67512.125,-0.601146551,-0.832855502291293,-0.7819323038362045,NA,-0.8073939030637487,0.13530919187875745,13,0.16474639019883475,-1.7584012222105556,-0.4726499317617768,9,-1.657810200281982,-1.5343951135801144,-0.15582823957430486,0
HSP28,Adults,NA,NA,Adults,11,2,0,2 SPA/2 ENG,Bilingual,29,11,2,4,0,2,NA,Selection,FCT-02,mirar,Intensional,Intensional subjunctive,Subjunctive,1,1,NA,NA,NA,NA,186441,197558,3683993,69785.875,0.6213926472353051,-0.10659234765645834,0.8384533657585245,NA,0.3659305090510331,0.13530919187875745,13,0.16474639019883475,-0.13158104383888602,-0.4726499317617768,13,-0.31577337148228185,-0.5047352347302987,-0.15582823957430486,1
HSP28,Adults,NA,NA,Adults,11,2,0,2 SPA/2 ENG,Bilingual,29,11,2,4,0,2,NA,Selection,FCT-10,llevar,Intensional,Intensional subjunctive,Subjunctive,1,1,NA,NA,NA,NA,418316,301022,13841181,173259.875,1.5427536358311489,1.2280164205491535,1.8322740287278596,NA,1.5301452246385066,0.13530919187875745,13,0.16474639019883475,-0.13158104383888602,-0.4726499317617768,13,-0.31577337148228185,-0.5047352347302987,-0.15582823957430486,1
HSP28,Adults,NA,NA,Adults,11,2,0,2 SPA/2 ENG,Bilingual,29,11,2,4,0,2,NA,Selection,FCT-17,peinar,Intensional,Intensional subjunctive,Subjunctive,0,0,NA,NA,NA,NA,6151,3173,91504,-124599.125,-1.109464919,-1.1442920342108076,-1.0287065117959315,NA,-1.0864992730033696,0.13530919187875745,13,0.16474639019883475,-0.13158104383888602,-0.4726499317617768,13,-0.31577337148228185,-0.5047352347302987,-0.15582823957430486,0
HSP28,Adults,NA,NA,Adults,11,2,0,2 SPA/2 ENG,Bilingual,29,11,2,4,0,2,NA,Selection,FCT-25,llamar,Intensional,Intensional subjunctive,Subjunctive,1,1,NA,NA,NA,NA,303936,207733,8248273,79960.875,0.7119936490228335,0.5696765783610872,0.9361890539758077,NA,0.7529328161684474,0.13530919187875745,13,0.16474639019883475,-0.13158104383888602,-0.4726499317617768,13,-0.31577337148228185,-0.5047352347302987,-0.15582823957430486,1
HSP28,Adults,NA,NA,Adults,11,2,0,2 SPA/2 ENG,Bilingual,29,11,2,4,0,2,NA,Selection,FCT-32,cuidar,Intensional,Intensional subjunctive,Subjunctive,0,0,NA,NA,NA,NA,208160,26928,1534607,-100844.1,-0.897943857,0.01841624678734838,-0.8005284996483579,NA,-0.39105612643050475,0.13530919187875745,13,0.16474639019883475,-0.13158104383888602,-0.4726499317617768,13,-0.31577337148228185,-0.5047352347302987,-0.15582823957430486,0
HSP28,Adults,NA,NA,Adults,11,2,0,2 SPA/2 ENG,Bilingual,29,11,2,4,0,2,NA,Selection,FCT-40,pintar,Intensional,Intensional subjunctive,Subjunctive,0,0,NA,NA,NA,NA,45606,22466,893704,-105306.125,-0.937674734,-0.9171998985793148,-0.8433881203683105,NA,-0.8802940094738126,0.13530919187875745,13,0.16474639019883475,-0.13158104383888602,-0.4726499317617768,13,-0.31577337148228185,-0.5047352347302987,-0.15582823957430486,0
HSP28,Adults,NA,NA,Adults,11,2,0,2 SPA/2 ENG,Bilingual,29,11,2,4,0,2,NA,Selection,FCT-45,tratar,Intensional,Intensional subjunctive,Subjunctive,1,1,NA,NA,NA,NA,590952,203027,9516595,75254.875,0.6700901291788915,2.2216617868367825,0.8909856978332489,NA,1.5563237423350156,0.13530919187875745,13,0.16474639019883475,-0.13158104383888602,-0.4726499317617768,13,-0.31577337148228185,-0.5047352347302987,-0.15582823957430486,1
HSP28,Adults,NA,NA,Adults,11,2,0,2 SPA/2 ENG,Bilingual,29,11,2,4,0,2,NA,Selection,FCT-54,amar,Intensional,Intensional subjunctive,Subjunctive,0,0,NA,NA,NA,NA,60260,28864,1318934,-67512.125,-0.601146551,-0.832855502291293,-0.7819323038362045,NA,-0.8073939030637487,0.13530919187875745,13,0.16474639019883475,-0.13158104383888602,-0.4726499317617768,13,-0.31577337148228185,-0.5047352347302987,-0.15582823957430486,0
HSP29,Adults,NA,NA,Adults,11,2,-1,1 SPA/2 ENG,Bilingual,18,3,1,0,0,2,NA,Selection,FCT-02,mirar,Intensional,Intensional subjunctive,Subjunctive,0,0,NA,NA,NA,NA,186441,197558,3683993,69785.875,0.6213926472353051,-0.10659234765645834,0.8384533657585245,NA,0.3659305090510331,0.13530919187875745,13,0.16474639019883475,-3.385221400582225,-1.2378926784237076,4,-3.335356236281607,-1.7632084199911844,-1.2154602686795777,0
HSP29,Adults,NA,NA,Adults,11,2,-1,1 SPA/2 ENG,Bilingual,18,3,1,0,0,2,NA,Selection,FCT-10,llevar,Intensional,Intensional subjunctive,Subjunctive,0,0,NA,NA,NA,NA,418316,301022,13841181,173259.875,1.5427536358311489,1.2280164205491535,1.8322740287278596,NA,1.5301452246385066,0.13530919187875745,13,0.16474639019883475,-3.385221400582225,-1.2378926784237076,4,-3.335356236281607,-1.7632084199911844,-1.2154602686795777,0
HSP29,Adults,NA,NA,Adults,11,2,-1,1 SPA/2 ENG,Bilingual,18,3,1,0,0,2,NA,Selection,FCT-17,peinar,Intensional,Intensional subjunctive,Subjunctive,0,0,NA,NA,NA,NA,6151,3173,91504,-124599.125,-1.109464919,-1.1442920342108076,-1.0287065117959315,NA,-1.0864992730033696,0.13530919187875745,13,0.16474639019883475,-3.385221400582225,-1.2378926784237076,4,-3.335356236281607,-1.7632084199911844,-1.2154602686795777,0
HSP29,Adults,NA,NA,Adults,11,2,-1,1 SPA/2 ENG,Bilingual,18,3,1,0,0,2,NA,Selection,FCT-25,llamar,Intensional,Intensional subjunctive,Subjunctive,0,0,NA,NA,NA,NA,303936,207733,8248273,79960.875,0.7119936490228335,0.5696765783610872,0.9361890539758077,NA,0.7529328161684474,0.13530919187875745,13,0.16474639019883475,-3.385221400582225,-1.2378926784237076,4,-3.335356236281607,-1.7632084199911844,-1.2154602686795777,0
HSP29,Adults,NA,NA,Adults,11,2,-1,1 SPA/2 ENG,Bilingual,18,3,1,0,0,2,NA,Selection,FCT-32,cuidar,Intensional,Intensional subjunctive,Subjunctive,0,0,NA,NA,NA,NA,208160,26928,1534607,-100844.1,-0.897943857,0.01841624678734838,-0.8005284996483579,NA,-0.39105612643050475,0.13530919187875745,13,0.16474639019883475,-3.385221400582225,-1.2378926784237076,4,-3.335356236281607,-1.7632084199911844,-1.2154602686795777,0
HSP29,Adults,NA,NA,Adults,11,2,-1,1 SPA/2 ENG,Bilingual,18,3,1,0,0,2,NA,Selection,FCT-40,pintar,Intensional,Intensional subjunctive,Subjunctive,0,0,NA,NA,NA,NA,45606,22466,893704,-105306.125,-0.937674734,-0.9171998985793148,-0.8433881203683105,NA,-0.8802940094738126,0.13530919187875745,13,0.16474639019883475,-3.385221400582225,-1.2378926784237076,4,-3.335356236281607,-1.7632084199911844,-1.2154602686795777,0
HSP29,Adults,NA,NA,Adults,11,2,-1,1 SPA/2 ENG,Bilingual,18,3,1,0,0,2,NA,Selection,FCT-45,tratar,Intensional,Intensional subjunctive,Subjunctive,0,0,NA,NA,NA,NA,590952,203027,9516595,75254.875,0.6700901291788915,2.2216617868367825,0.8909856978332489,NA,1.5563237423350156,0.13530919187875745,13,0.16474639019883475,-3.385221400582225,-1.2378926784237076,4,-3.335356236281607,-1.7632084199911844,-1.2154602686795777,0
HSP29,Adults,NA,NA,Adults,11,2,-1,1 SPA/2 ENG,Bilingual,18,3,1,0,0,2,NA,Selection,FCT-54,amar,Intensional,Intensional subjunctive,Subjunctive,1,1,NA,NA,NA,NA,60260,28864,1318934,-67512.125,-0.601146551,-0.832855502291293,-0.7819323038362045,NA,-0.8073939030637487,0.13530919187875745,13,0.16474639019883475,-3.385221400582225,-1.2378926784237076,4,-3.335356236281607,-1.7632084199911844,-1.2154602686795777,1
HSP30,Adults,NA,NA,Adults,5,0,0,2 SPA/2 ENG,Bilingual,42,14,4,0,0,3,0,Selection,FCT-02,mirar,Intensional,Intensional subjunctive,Subjunctive,1,1,NA,NA,NA,NA,186441,197558,3683993,69785.875,0.6213926472353051,-0.10659234765645834,0.8384533657585245,27,0.3659305090510331,-1.2448445652845692,5,-1.4949209481005323,1.088534089939866,1.0578355615620851,18,1.3617726645173434,0.9825512569416572,-0.15582823957430486,1
HSP30,Adults,NA,NA,Adults,5,0,0,2 SPA/2 ENG,Bilingual,42,14,4,0,0,3,0,Selection,FCT-10,llevar,Intensional,Intensional subjunctive,Subjunctive,1,1,NA,NA,NA,NA,418316,301022,13841181,173259.875,1.5427536358311489,1.2280164205491535,1.8322740287278596,27,1.5301452246385066,-1.2448445652845692,5,-1.4949209481005323,1.088534089939866,1.0578355615620851,18,1.3617726645173434,0.9825512569416572,-0.15582823957430486,1
HSP30,Adults,NA,NA,Adults,5,0,0,2 SPA/2 ENG,Bilingual,42,14,4,0,0,3,0,Selection,FCT-17,peinar,Intensional,Intensional subjunctive,Subjunctive,1,1,NA,NA,NA,NA,6151,3173,91504,-124599.125,-1.109464919,-1.1442920342108076,-1.0287065117959315,27,-1.0864992730033696,-1.2448445652845692,5,-1.4949209481005323,1.088534089939866,1.0578355615620851,18,1.3617726645173434,0.9825512569416572,-0.15582823957430486,1
HSP30,Adults,NA,NA,Adults,5,0,0,2 SPA/2 ENG,Bilingual,42,14,4,0,0,3,0,Selection,FCT-25,llamar,Intensional,Intensional subjunctive,Subjunctive,1,1,NA,NA,NA,NA,303936,207733,8248273,79960.875,0.7119936490228335,0.5696765783610872,0.9361890539758077,27,0.7529328161684474,-1.2448445652845692,5,-1.4949209481005323,1.088534089939866,1.0578355615620851,18,1.3617726645173434,0.9825512569416572,-0.15582823957430486,1
HSP30,Adults,NA,NA,Adults,5,0,0,2 SPA/2 ENG,Bilingual,42,14,4,0,0,3,0,Selection,FCT-32,cuidar,Intensional,Intensional subjunctive,Subjunctive,NA,NA,NA,NA,NA,NA,208160,26928,1534607,-100844.1,-0.897943857,0.01841624678734838,-0.8005284996483579,27,-0.39105612643050475,-1.2448445652845692,5,-1.4949209481005323,1.088534089939866,1.0578355615620851,18,1.3617726645173434,0.9825512569416572,-0.15582823957430486,NA
HSP30,Adults,NA,NA,Adults,5,0,0,2 SPA/2 ENG,Bilingual,42,14,4,0,0,3,0,Selection,FCT-40,pintar,Intensional,Intensional subjunctive,Subjunctive,NA,NA,NA,NA,NA,NA,45606,22466,893704,-105306.125,-0.937674734,-0.9171998985793148,-0.8433881203683105,27,-0.8802940094738126,-1.2448445652845692,5,-1.4949209481005323,1.088534089939866,1.0578355615620851,18,1.3617726645173434,0.9825512569416572,-0.15582823957430486,NA
HSP30,Adults,NA,NA,Adults,5,0,0,2 SPA/2 ENG,Bilingual,42,14,4,0,0,3,0,Selection,FCT-45,tratar,Intensional,Intensional subjunctive,Subjunctive,NA,NA,NA,NA,NA,NA,590952,203027,9516595,75254.875,0.6700901291788915,2.2216617868367825,0.8909856978332489,27,1.5563237423350156,-1.2448445652845692,5,-1.4949209481005323,1.088534089939866,1.0578355615620851,18,1.3617726645173434,0.9825512569416572,-0.15582823957430486,NA
HSP30,Adults,NA,NA,Adults,5,0,0,2 SPA/2 ENG,Bilingual,42,14,4,0,0,3,0,Selection,FCT-54,amar,Intensional,Intensional subjunctive,Subjunctive,NA,NA,NA,NA,NA,NA,60260,28864,1318934,-67512.125,-0.601146551,-0.832855502291293,-0.7819323038362045,27,-0.8073939030637487,-1.2448445652845692,5,-1.4949209481005323,1.088534089939866,1.0578355615620851,18,1.3617726645173434,0.9825512569416572,-0.15582823957430486,NA
HSP31,Adults,NA,NA,Adults,10,4,-1,1 SPA/2 ENG,Bilingual,19,12,1,0,0,2,NA,Selection,FCT-02,mirar,Intensional,Intensional subjunctive,Subjunctive,1,1,NA,NA,NA,NA,186441,197558,3683993,69785.875,0.6213926472353051,-0.10659234765645834,0.8384533657585245,NA,0.3659305090510331,-0.09471643431513034,14,0.3722048074862556,0.2751240007540314,-1.2378926784237076,13,-0.31577337148228185,-1.6488017667856494,-1.2154602686795777,1
HSP31,Adults,NA,NA,Adults,10,4,-1,1 SPA/2 ENG,Bilingual,19,12,1,0,0,2,NA,Selection,FCT-10,llevar,Intensional,Intensional subjunctive,Subjunctive,0,0,NA,NA,NA,NA,418316,301022,13841181,173259.875,1.5427536358311489,1.2280164205491535,1.8322740287278596,NA,1.5301452246385066,-0.09471643431513034,14,0.3722048074862556,0.2751240007540314,-1.2378926784237076,13,-0.31577337148228185,-1.6488017667856494,-1.2154602686795777,0
HSP31,Adults,NA,NA,Adults,10,4,-1,1 SPA/2 ENG,Bilingual,19,12,1,0,0,2,NA,Selection,FCT-17,peinar,Intensional,Intensional subjunctive,Subjunctive,0,0,NA,NA,NA,NA,6151,3173,91504,-124599.125,-1.109464919,-1.1442920342108076,-1.0287065117959315,NA,-1.0864992730033696,-0.09471643431513034,14,0.3722048074862556,0.2751240007540314,-1.2378926784237076,13,-0.31577337148228185,-1.6488017667856494,-1.2154602686795777,0
HSP31,Adults,NA,NA,Adults,10,4,-1,1 SPA/2 ENG,Bilingual,19,12,1,0,0,2,NA,Selection,FCT-25,llamar,Intensional,Intensional subjunctive,Subjunctive,1,1,NA,NA,NA,NA,303936,207733,8248273,79960.875,0.7119936490228335,0.5696765783610872,0.9361890539758077,NA,0.7529328161684474,-0.09471643431513034,14,0.3722048074862556,0.2751240007540314,-1.2378926784237076,13,-0.31577337148228185,-1.6488017667856494,-1.2154602686795777,1
HSP31,Adults,NA,NA,Adults,10,4,-1,1 SPA/2 ENG,Bilingual,19,12,1,0,0,2,NA,Selection,FCT-32,cuidar,Intensional,Intensional subjunctive,Subjunctive,0,0,NA,NA,NA,NA,208160,26928,1534607,-100844.1,-0.897943857,0.01841624678734838,-0.8005284996483579,NA,-0.39105612643050475,-0.09471643431513034,14,0.3722048074862556,0.2751240007540314,-1.2378926784237076,13,-0.31577337148228185,-1.6488017667856494,-1.2154602686795777,0
HSP31,Adults,NA,NA,Adults,10,4,-1,1 SPA/2 ENG,Bilingual,19,12,1,0,0,2,NA,Selection,FCT-40,pintar,Intensional,Intensional subjunctive,Subjunctive,0,0,NA,NA,NA,NA,45606,22466,893704,-105306.125,-0.937674734,-0.9171998985793148,-0.8433881203683105,NA,-0.8802940094738126,-0.09471643431513034,14,0.3722048074862556,0.2751240007540314,-1.2378926784237076,13,-0.31577337148228185,-1.6488017667856494,-1.2154602686795777,0
HSP31,Adults,NA,NA,Adults,10,4,-1,1 SPA/2 ENG,Bilingual,19,12,1,0,0,2,NA,Selection,FCT-45,tratar,Intensional,Intensional subjunctive,Subjunctive,0,0,NA,NA,NA,NA,590952,203027,9516595,75254.875,0.6700901291788915,2.2216617868367825,0.8909856978332489,NA,1.5563237423350156,-0.09471643431513034,14,0.3722048074862556,0.2751240007540314,-1.2378926784237076,13,-0.31577337148228185,-1.6488017667856494,-1.2154602686795777,0
HSP31,Adults,NA,NA,Adults,10,4,-1,1 SPA/2 ENG,Bilingual,19,12,1,0,0,2,NA,Selection,FCT-54,amar,Intensional,Intensional subjunctive,Subjunctive,0,0,NA,NA,NA,NA,60260,28864,1318934,-67512.125,-0.601146551,-0.832855502291293,-0.7819323038362045,NA,-0.8073939030637487,-0.09471643431513034,14,0.3722048074862556,0.2751240007540314,-1.2378926784237076,13,-0.31577337148228185,-1.6488017667856494,-1.2154602686795777,0
HSP32,Adults,NA,NA,Adults,15,0,1,2 SPA/1 ENG,Bilingual,34,13,2,NA,0,2,NA,Selection,FCT-02,mirar,Intensional,Intensional subjunctive,Subjunctive,1,1,NA,NA,NA,NA,186441,197558,3683993,69785.875,0.6213926472353051,-0.10659234765645834,0.8384533657585245,NA,0.3659305090510331,1.0554116966543086,15,0.5796632247736765,0.6818290453469488,-0.4726499317617768,15,0.3552450429175682,0.06729803129737658,0.9038037895309676,1
HSP32,Adults,NA,NA,Adults,15,0,1,2 SPA/1 ENG,Bilingual,34,13,2,NA,0,2,NA,Selection,FCT-10,llevar,Intensional,Intensional subjunctive,Subjunctive,1,1,NA,NA,NA,NA,418316,301022,13841181,173259.875,1.5427536358311489,1.2280164205491535,1.8322740287278596,NA,1.5301452246385066,1.0554116966543086,15,0.5796632247736765,0.6818290453469488,-0.4726499317617768,15,0.3552450429175682,0.06729803129737658,0.9038037895309676,1
HSP32,Adults,NA,NA,Adults,15,0,1,2 SPA/1 ENG,Bilingual,34,13,2,NA,0,2,NA,Selection,FCT-17,peinar,Intensional,Intensional subjunctive,Subjunctive,0,0,NA,NA,NA,NA,6151,3173,91504,-124599.125,-1.109464919,-1.1442920342108076,-1.0287065117959315,NA,-1.0864992730033696,1.0554116966543086,15,0.5796632247736765,0.6818290453469488,-0.4726499317617768,15,0.3552450429175682,0.06729803129737658,0.9038037895309676,0
HSP32,Adults,NA,NA,Adults,15,0,1,2 SPA/1 ENG,Bilingual,34,13,2,NA,0,2,NA,Selection,FCT-25,llamar,Intensional,Intensional subjunctive,Subjunctive,1,1,NA,NA,NA,NA,303936,207733,8248273,79960.875,0.7119936490228335,0.5696765783610872,0.9361890539758077,NA,0.7529328161684474,1.0554116966543086,15,0.5796632247736765,0.6818290453469488,-0.4726499317617768,15,0.3552450429175682,0.06729803129737658,0.9038037895309676,1
HSP32,Adults,NA,NA,Adults,15,0,1,2 SPA/1 ENG,Bilingual,34,13,2,NA,0,2,NA,Selection,FCT-32,cuidar,Intensional,Intensional subjunctive,Subjunctive,1,1,NA,NA,NA,NA,208160,26928,1534607,-100844.1,-0.897943857,0.01841624678734838,-0.8005284996483579,NA,-0.39105612643050475,1.0554116966543086,15,0.5796632247736765,0.6818290453469488,-0.4726499317617768,15,0.3552450429175682,0.06729803129737658,0.9038037895309676,1
HSP32,Adults,NA,NA,Adults,15,0,1,2 SPA/1 ENG,Bilingual,34,13,2,NA,0,2,NA,Selection,FCT-40,pintar,Intensional,Intensional subjunctive,Subjunctive,1,1,NA,NA,NA,NA,45606,22466,893704,-105306.125,-0.937674734,-0.9171998985793148,-0.8433881203683105,NA,-0.8802940094738126,1.0554116966543086,15,0.5796632247736765,0.6818290453469488,-0.4726499317617768,15,0.3552450429175682,0.06729803129737658,0.9038037895309676,1
HSP32,Adults,NA,NA,Adults,15,0,1,2 SPA/1 ENG,Bilingual,34,13,2,NA,0,2,NA,Selection,FCT-45,tratar,Intensional,Intensional subjunctive,Subjunctive,0,0,NA,NA,NA,NA,590952,203027,9516595,75254.875,0.6700901291788915,2.2216617868367825,0.8909856978332489,NA,1.5563237423350156,1.0554116966543086,15,0.5796632247736765,0.6818290453469488,-0.4726499317617768,15,0.3552450429175682,0.06729803129737658,0.9038037895309676,0
HSP32,Adults,NA,NA,Adults,15,0,1,2 SPA/1 ENG,Bilingual,34,13,2,NA,0,2,NA,Selection,FCT-54,amar,Intensional,Intensional subjunctive,Subjunctive,1,1,NA,NA,NA,NA,60260,28864,1318934,-67512.125,-0.601146551,-0.832855502291293,-0.7819323038362045,NA,-0.8073939030637487,1.0554116966543086,15,0.5796632247736765,0.6818290453469488,-0.4726499317617768,15,0.3552450429175682,0.06729803129737658,0.9038037895309676,1
HSP33,Adults,NA,NA,Adults,11,1,2,2 SPA/0 ENG,Monolingual,45,12,2,5,0,2,0,Selection,FCT-02,mirar,Intensional,Intensional subjunctive,Subjunctive,1,1,NA,NA,NA,NA,186441,197558,3683993,69785.875,0.6213926472353051,-0.10659234765645834,0.8384533657585245,20,0.3659305090510331,0.13530919187875745,12,-0.04271202708858613,0.2751240007540314,-0.4726499317617768,14,0.01973583571764317,1.3257712165582622,1.96343581863624,1
HSP33,Adults,NA,NA,Adults,11,1,2,2 SPA/0 ENG,Monolingual,45,12,2,5,0,2,0,Selection,FCT-10,llevar,Intensional,Intensional subjunctive,Subjunctive,1,1,NA,NA,NA,NA,418316,301022,13841181,173259.875,1.5427536358311489,1.2280164205491535,1.8322740287278596,20,1.5301452246385066,0.13530919187875745,12,-0.04271202708858613,0.2751240007540314,-0.4726499317617768,14,0.01973583571764317,1.3257712165582622,1.96343581863624,1
HSP33,Adults,NA,NA,Adults,11,1,2,2 SPA/0 ENG,Monolingual,45,12,2,5,0,2,0,Selection,FCT-17,peinar,Intensional,Intensional subjunctive,Subjunctive,1,1,NA,NA,NA,NA,6151,3173,91504,-124599.125,-1.109464919,-1.1442920342108076,-1.0287065117959315,20,-1.0864992730033696,0.13530919187875745,12,-0.04271202708858613,0.2751240007540314,-0.4726499317617768,14,0.01973583571764317,1.3257712165582622,1.96343581863624,1
HSP33,Adults,NA,NA,Adults,11,1,2,2 SPA/0 ENG,Monolingual,45,12,2,5,0,2,0,Selection,FCT-25,llamar,Intensional,Intensional subjunctive,Subjunctive,1,1,NA,NA,NA,NA,303936,207733,8248273,79960.875,0.7119936490228335,0.5696765783610872,0.9361890539758077,20,0.7529328161684474,0.13530919187875745,12,-0.04271202708858613,0.2751240007540314,-0.4726499317617768,14,0.01973583571764317,1.3257712165582622,1.96343581863624,1
HSP33,Adults,NA,NA,Adults,11,1,2,2 SPA/0 ENG,Monolingual,45,12,2,5,0,2,0,Selection,FCT-32,cuidar,Intensional,Intensional subjunctive,Subjunctive,1,1,NA,NA,NA,NA,208160,26928,1534607,-100844.1,-0.897943857,0.01841624678734838,-0.8005284996483579,20,-0.39105612643050475,0.13530919187875745,12,-0.04271202708858613,0.2751240007540314,-0.4726499317617768,14,0.01973583571764317,1.3257712165582622,1.96343581863624,1
HSP33,Adults,NA,NA,Adults,11,1,2,2 SPA/0 ENG,Monolingual,45,12,2,5,0,2,0,Selection,FCT-40,pintar,Intensional,Intensional subjunctive,Subjunctive,1,1,NA,NA,NA,NA,45606,22466,893704,-105306.125,-0.937674734,-0.9171998985793148,-0.8433881203683105,20,-0.8802940094738126,0.13530919187875745,12,-0.04271202708858613,0.2751240007540314,-0.4726499317617768,14,0.01973583571764317,1.3257712165582622,1.96343581863624,1
HSP33,Adults,NA,NA,Adults,11,1,2,2 SPA/0 ENG,Monolingual,45,12,2,5,0,2,0,Selection,FCT-45,tratar,Intensional,Intensional subjunctive,Subjunctive,1,1,NA,NA,NA,NA,590952,203027,9516595,75254.875,0.6700901291788915,2.2216617868367825,0.8909856978332489,20,1.5563237423350156,0.13530919187875745,12,-0.04271202708858613,0.2751240007540314,-0.4726499317617768,14,0.01973583571764317,1.3257712165582622,1.96343581863624,1
HSP33,Adults,NA,NA,Adults,11,1,2,2 SPA/0 ENG,Monolingual,45,12,2,5,0,2,0,Selection,FCT-54,amar,Intensional,Intensional subjunctive,Subjunctive,1,1,NA,NA,NA,NA,60260,28864,1318934,-67512.125,-0.601146551,-0.832855502291293,-0.7819323038362045,20,-0.8073939030637487,0.13530919187875745,12,-0.04271202708858613,0.2751240007540314,-0.4726499317617768,14,0.01973583571764317,1.3257712165582622,1.96343581863624,1
HSP34,Adults,NA,NA,Adults,8,1,0,2 SPA/2 ENG,Bilingual,29,11,3,0,0,3,NA,Selection,FCT-02,mirar,Intensional,Intensional subjunctive,Subjunctive,1,1,NA,NA,NA,NA,186441,197558,3683993,69785.875,0.6213926472353051,-0.10659234765645834,0.8384533657585245,NA,0.3659305090510331,-0.5547676867029059,9,-0.6650872789508488,-0.13158104383888602,0.2925928149001541,14,0.01973583571764317,-0.5047352347302987,-0.15582823957430486,1
HSP34,Adults,NA,NA,Adults,8,1,0,2 SPA/2 ENG,Bilingual,29,11,3,0,0,3,NA,Selection,FCT-10,llevar,Intensional,Intensional subjunctive,Subjunctive,0,0,NA,NA,NA,NA,418316,301022,13841181,173259.875,1.5427536358311489,1.2280164205491535,1.8322740287278596,NA,1.5301452246385066,-0.5547676867029059,9,-0.6650872789508488,-0.13158104383888602,0.2925928149001541,14,0.01973583571764317,-0.5047352347302987,-0.15582823957430486,0
HSP34,Adults,NA,NA,Adults,8,1,0,2 SPA/2 ENG,Bilingual,29,11,3,0,0,3,NA,Selection,FCT-17,peinar,Intensional,Intensional subjunctive,Subjunctive,0,0,NA,NA,NA,NA,6151,3173,91504,-124599.125,-1.109464919,-1.1442920342108076,-1.0287065117959315,NA,-1.0864992730033696,-0.5547676867029059,9,-0.6650872789508488,-0.13158104383888602,0.2925928149001541,14,0.01973583571764317,-0.5047352347302987,-0.15582823957430486,0
HSP34,Adults,NA,NA,Adults,8,1,0,2 SPA/2 ENG,Bilingual,29,11,3,0,0,3,NA,Selection,FCT-25,llamar,Intensional,Intensional subjunctive,Subjunctive,1,1,NA,NA,NA,NA,303936,207733,8248273,79960.875,0.7119936490228335,0.5696765783610872,0.9361890539758077,NA,0.7529328161684474,-0.5547676867029059,9,-0.6650872789508488,-0.13158104383888602,0.2925928149001541,14,0.01973583571764317,-0.5047352347302987,-0.15582823957430486,1
HSP34,Adults,NA,NA,Adults,8,1,0,2 SPA/2 ENG,Bilingual,29,11,3,0,0,3,NA,Selection,FCT-32,cuidar,Intensional,Intensional subjunctive,Subjunctive,1,1,NA,NA,NA,NA,208160,26928,1534607,-100844.1,-0.897943857,0.01841624678734838,-0.8005284996483579,NA,-0.39105612643050475,-0.5547676867029059,9,-0.6650872789508488,-0.13158104383888602,0.2925928149001541,14,0.01973583571764317,-0.5047352347302987,-0.15582823957430486,1
HSP34,Adults,NA,NA,Adults,8,1,0,2 SPA/2 ENG,Bilingual,29,11,3,0,0,3,NA,Selection,FCT-40,pintar,Intensional,Intensional subjunctive,Subjunctive,1,1,NA,NA,NA,NA,45606,22466,893704,-105306.125,-0.937674734,-0.9171998985793148,-0.8433881203683105,NA,-0.8802940094738126,-0.5547676867029059,9,-0.6650872789508488,-0.13158104383888602,0.2925928149001541,14,0.01973583571764317,-0.5047352347302987,-0.15582823957430486,1
HSP34,Adults,NA,NA,Adults,8,1,0,2 SPA/2 ENG,Bilingual,29,11,3,0,0,3,NA,Selection,FCT-45,tratar,Intensional,Intensional subjunctive,Subjunctive,1,1,NA,NA,NA,NA,590952,203027,9516595,75254.875,0.6700901291788915,2.2216617868367825,0.8909856978332489,NA,1.5563237423350156,-0.5547676867029059,9,-0.6650872789508488,-0.13158104383888602,0.2925928149001541,14,0.01973583571764317,-0.5047352347302987,-0.15582823957430486,1
HSP34,Adults,NA,NA,Adults,8,1,0,2 SPA/2 ENG,Bilingual,29,11,3,0,0,3,NA,Selection,FCT-54,amar,Intensional,Intensional subjunctive,Subjunctive,0,0,NA,NA,NA,NA,60260,28864,1318934,-67512.125,-0.601146551,-0.832855502291293,-0.7819323038362045,NA,-0.8073939030637487,-0.5547676867029059,9,-0.6650872789508488,-0.13158104383888602,0.2925928149001541,14,0.01973583571764317,-0.5047352347302987,-0.15582823957430486,0
HSP35,Adults,NA,NA,Adults,20,3,2,2 SPA/0 ENG,Monolingual,32,12,4,7,0,2,4,Selection,FCT-02,mirar,Intensional,Intensional subjunctive,Subjunctive,0,0,NA,NA,NA,NA,186441,197558,3683993,69785.875,0.6213926472353051,-0.10659234765645834,0.8384533657585245,17,0.3659305090510331,2.2055398276237477,23,2.2393305630730436,0.2751240007540314,1.0578355615620851,16,0.6907542501174933,-0.16151527511369354,1.96343581863624,0
HSP35,Adults,NA,NA,Adults,20,3,2,2 SPA/0 ENG,Monolingual,32,12,4,7,0,2,4,Selection,FCT-10,llevar,Intensional,Intensional subjunctive,Subjunctive,1,1,NA,NA,NA,NA,418316,301022,13841181,173259.875,1.5427536358311489,1.2280164205491535,1.8322740287278596,17,1.5301452246385066,2.2055398276237477,23,2.2393305630730436,0.2751240007540314,1.0578355615620851,16,0.6907542501174933,-0.16151527511369354,1.96343581863624,1
HSP35,Adults,NA,NA,Adults,20,3,2,2 SPA/0 ENG,Monolingual,32,12,4,7,0,2,4,Selection,FCT-17,peinar,Intensional,Intensional subjunctive,Subjunctive,1,1,NA,NA,NA,NA,6151,3173,91504,-124599.125,-1.109464919,-1.1442920342108076,-1.0287065117959315,17,-1.0864992730033696,2.2055398276237477,23,2.2393305630730436,0.2751240007540314,1.0578355615620851,16,0.6907542501174933,-0.16151527511369354,1.96343581863624,1
HSP35,Adults,NA,NA,Adults,20,3,2,2 SPA/0 ENG,Monolingual,32,12,4,7,0,2,4,Selection,FCT-25,llamar,Intensional,Intensional subjunctive,Subjunctive,1,1,NA,NA,NA,NA,303936,207733,8248273,79960.875,0.7119936490228335,0.5696765783610872,0.9361890539758077,17,0.7529328161684474,2.2055398276237477,23,2.2393305630730436,0.2751240007540314,1.0578355615620851,16,0.6907542501174933,-0.16151527511369354,1.96343581863624,1
HSP35,Adults,NA,NA,Adults,20,3,2,2 SPA/0 ENG,Monolingual,32,12,4,7,0,2,4,Selection,FCT-32,cuidar,Intensional,Intensional subjunctive,Subjunctive,1,1,NA,NA,NA,NA,208160,26928,1534607,-100844.1,-0.897943857,0.01841624678734838,-0.8005284996483579,17,-0.39105612643050475,2.2055398276237477,23,2.2393305630730436,0.2751240007540314,1.0578355615620851,16,0.6907542501174933,-0.16151527511369354,1.96343581863624,1
HSP35,Adults,NA,NA,Adults,20,3,2,2 SPA/0 ENG,Monolingual,32,12,4,7,0,2,4,Selection,FCT-40,pintar,Intensional,Intensional subjunctive,Subjunctive,1,1,NA,NA,NA,NA,45606,22466,893704,-105306.125,-0.937674734,-0.9171998985793148,-0.8433881203683105,17,-0.8802940094738126,2.2055398276237477,23,2.2393305630730436,0.2751240007540314,1.0578355615620851,16,0.6907542501174933,-0.16151527511369354,1.96343581863624,1
HSP35,Adults,NA,NA,Adults,20,3,2,2 SPA/0 ENG,Monolingual,32,12,4,7,0,2,4,Selection,FCT-45,tratar,Intensional,Intensional subjunctive,Subjunctive,1,1,NA,NA,NA,NA,590952,203027,9516595,75254.875,0.6700901291788915,2.2216617868367825,0.8909856978332489,17,1.5563237423350156,2.2055398276237477,23,2.2393305630730436,0.2751240007540314,1.0578355615620851,16,0.6907542501174933,-0.16151527511369354,1.96343581863624,1
HSP35,Adults,NA,NA,Adults,20,3,2,2 SPA/0 ENG,Monolingual,32,12,4,7,0,2,4,Selection,FCT-54,amar,Intensional,Intensional subjunctive,Subjunctive,1,1,NA,NA,NA,NA,60260,28864,1318934,-67512.125,-0.601146551,-0.832855502291293,-0.7819323038362045,17,-0.8073939030637487,2.2055398276237477,23,2.2393305630730436,0.2751240007540314,1.0578355615620851,16,0.6907542501174933,-0.16151527511369354,1.96343581863624,1
HSP36,Adults,NA,NA,Adults,21,4,0,2 SPA/2 ENG,Bilingual,36,13,4,6,0,2,6,Selection,FCT-02,mirar,Intensional,Intensional subjunctive,Subjunctive,1,1,NA,NA,NA,NA,186441,197558,3683993,69785.875,0.6213926472353051,-0.10659234765645834,0.8384533657585245,12,0.3659305090510331,2.4355654538176355,25,2.6542473976478855,0.6818290453469488,1.0578355615620851,17,1.0262634573174183,0.2961113377084467,-0.15582823957430486,1
HSP36,Adults,NA,NA,Adults,21,4,0,2 SPA/2 ENG,Bilingual,36,13,4,6,0,2,6,Selection,FCT-10,llevar,Intensional,Intensional subjunctive,Subjunctive,1,1,NA,NA,NA,NA,418316,301022,13841181,173259.875,1.5427536358311489,1.2280164205491535,1.8322740287278596,12,1.5301452246385066,2.4355654538176355,25,2.6542473976478855,0.6818290453469488,1.0578355615620851,17,1.0262634573174183,0.2961113377084467,-0.15582823957430486,1
HSP36,Adults,NA,NA,Adults,21,4,0,2 SPA/2 ENG,Bilingual,36,13,4,6,0,2,6,Selection,FCT-17,peinar,Intensional,Intensional subjunctive,Subjunctive,1,1,NA,NA,NA,NA,6151,3173,91504,-124599.125,-1.109464919,-1.1442920342108076,-1.0287065117959315,12,-1.0864992730033696,2.4355654538176355,25,2.6542473976478855,0.6818290453469488,1.0578355615620851,17,1.0262634573174183,0.2961113377084467,-0.15582823957430486,1
HSP36,Adults,NA,NA,Adults,21,4,0,2 SPA/2 ENG,Bilingual,36,13,4,6,0,2,6,Selection,FCT-25,llamar,Intensional,Intensional subjunctive,Subjunctive,1,1,NA,NA,NA,NA,303936,207733,8248273,79960.875,0.7119936490228335,0.5696765783610872,0.9361890539758077,12,0.7529328161684474,2.4355654538176355,25,2.6542473976478855,0.6818290453469488,1.0578355615620851,17,1.0262634573174183,0.2961113377084467,-0.15582823957430486,1
HSP36,Adults,NA,NA,Adults,21,4,0,2 SPA/2 ENG,Bilingual,36,13,4,6,0,2,6,Selection,FCT-32,cuidar,Intensional,Intensional subjunctive,Subjunctive,1,1,NA,NA,NA,NA,208160,26928,1534607,-100844.1,-0.897943857,0.01841624678734838,-0.8005284996483579,12,-0.39105612643050475,2.4355654538176355,25,2.6542473976478855,0.6818290453469488,1.0578355615620851,17,1.0262634573174183,0.2961113377084467,-0.15582823957430486,1
HSP36,Adults,NA,NA,Adults,21,4,0,2 SPA/2 ENG,Bilingual,36,13,4,6,0,2,6,Selection,FCT-40,pintar,Intensional,Intensional subjunctive,Subjunctive,1,1,NA,NA,NA,NA,45606,22466,893704,-105306.125,-0.937674734,-0.9171998985793148,-0.8433881203683105,12,-0.8802940094738126,2.4355654538176355,25,2.6542473976478855,0.6818290453469488,1.0578355615620851,17,1.0262634573174183,0.2961113377084467,-0.15582823957430486,1
HSP36,Adults,NA,NA,Adults,21,4,0,2 SPA/2 ENG,Bilingual,36,13,4,6,0,2,6,Selection,FCT-45,tratar,Intensional,Intensional subjunctive,Subjunctive,1,1,NA,NA,NA,NA,590952,203027,9516595,75254.875,0.6700901291788915,2.2216617868367825,0.8909856978332489,12,1.5563237423350156,2.4355654538176355,25,2.6542473976478855,0.6818290453469488,1.0578355615620851,17,1.0262634573174183,0.2961113377084467,-0.15582823957430486,1
HSP36,Adults,NA,NA,Adults,21,4,0,2 SPA/2 ENG,Bilingual,36,13,4,6,0,2,6,Selection,FCT-54,amar,Intensional,Intensional subjunctive,Subjunctive,1,1,NA,NA,NA,NA,60260,28864,1318934,-67512.125,-0.601146551,-0.832855502291293,-0.7819323038362045,12,-0.8073939030637487,2.4355654538176355,25,2.6542473976478855,0.6818290453469488,1.0578355615620851,17,1.0262634573174183,0.2961113377084467,-0.15582823957430486,1
HSP38,Adults,NA,NA,Adults,5,1,0,2 SPA/2 ENG,Bilingual,30,11,2,0,0,2,0,Selection,FCT-02,mirar,Intensional,Intensional subjunctive,Subjunctive,1,1,NA,NA,NA,NA,186441,197558,3683993,69785.875,0.6213926472353051,-0.10659234765645834,0.8384533657585245,19,0.3659305090510331,-1.2448445652845692,6,-1.2874625308131116,-0.13158104383888602,-0.4726499317617768,13,-0.31577337148228185,-0.3903285815247637,-0.15582823957430486,1
HSP38,Adults,NA,NA,Adults,5,1,0,2 SPA/2 ENG,Bilingual,30,11,2,0,0,2,0,Selection,FCT-10,llevar,Intensional,Intensional subjunctive,Subjunctive,0,0,NA,NA,NA,NA,418316,301022,13841181,173259.875,1.5427536358311489,1.2280164205491535,1.8322740287278596,19,1.5301452246385066,-1.2448445652845692,6,-1.2874625308131116,-0.13158104383888602,-0.4726499317617768,13,-0.31577337148228185,-0.3903285815247637,-0.15582823957430486,0
HSP38,Adults,NA,NA,Adults,5,1,0,2 SPA/2 ENG,Bilingual,30,11,2,0,0,2,0,Selection,FCT-17,peinar,Intensional,Intensional subjunctive,Subjunctive,1,1,NA,NA,NA,NA,6151,3173,91504,-124599.125,-1.109464919,-1.1442920342108076,-1.0287065117959315,19,-1.0864992730033696,-1.2448445652845692,6,-1.2874625308131116,-0.13158104383888602,-0.4726499317617768,13,-0.31577337148228185,-0.3903285815247637,-0.15582823957430486,1
HSP38,Adults,NA,NA,Adults,5,1,0,2 SPA/2 ENG,Bilingual,30,11,2,0,0,2,0,Selection,FCT-25,llamar,Intensional,Intensional subjunctive,Subjunctive,1,1,NA,NA,NA,NA,303936,207733,8248273,79960.875,0.7119936490228335,0.5696765783610872,0.9361890539758077,19,0.7529328161684474,-1.2448445652845692,6,-1.2874625308131116,-0.13158104383888602,-0.4726499317617768,13,-0.31577337148228185,-0.3903285815247637,-0.15582823957430486,1
HSP38,Adults,NA,NA,Adults,5,1,0,2 SPA/2 ENG,Bilingual,30,11,2,0,0,2,0,Selection,FCT-32,cuidar,Intensional,Intensional subjunctive,Subjunctive,1,1,NA,NA,NA,NA,208160,26928,1534607,-100844.1,-0.897943857,0.01841624678734838,-0.8005284996483579,19,-0.39105612643050475,-1.2448445652845692,6,-1.2874625308131116,-0.13158104383888602,-0.4726499317617768,13,-0.31577337148228185,-0.3903285815247637,-0.15582823957430486,1
HSP38,Adults,NA,NA,Adults,5,1,0,2 SPA/2 ENG,Bilingual,30,11,2,0,0,2,0,Selection,FCT-40,pintar,Intensional,Intensional subjunctive,Subjunctive,1,1,NA,NA,NA,NA,45606,22466,893704,-105306.125,-0.937674734,-0.9171998985793148,-0.8433881203683105,19,-0.8802940094738126,-1.2448445652845692,6,-1.2874625308131116,-0.13158104383888602,-0.4726499317617768,13,-0.31577337148228185,-0.3903285815247637,-0.15582823957430486,1
HSP38,Adults,NA,NA,Adults,5,1,0,2 SPA/2 ENG,Bilingual,30,11,2,0,0,2,0,Selection,FCT-45,tratar,Intensional,Intensional subjunctive,Subjunctive,1,1,NA,NA,NA,NA,590952,203027,9516595,75254.875,0.6700901291788915,2.2216617868367825,0.8909856978332489,19,1.5563237423350156,-1.2448445652845692,6,-1.2874625308131116,-0.13158104383888602,-0.4726499317617768,13,-0.31577337148228185,-0.3903285815247637,-0.15582823957430486,1
HSP38,Adults,NA,NA,Adults,5,1,0,2 SPA/2 ENG,Bilingual,30,11,2,0,0,2,0,Selection,FCT-54,amar,Intensional,Intensional subjunctive,Subjunctive,1,1,NA,NA,NA,NA,60260,28864,1318934,-67512.125,-0.601146551,-0.832855502291293,-0.7819323038362045,19,-0.8073939030637487,-1.2448445652845692,6,-1.2874625308131116,-0.13158104383888602,-0.4726499317617768,13,-0.31577337148228185,-0.3903285815247637,-0.15582823957430486,1
HSP39,Adults,NA,NA,Adults,13,1,0,2 SPA/2 ENG,Bilingual,38,14,3,0,0,2,0,Selection,FCT-02,mirar,Intensional,Intensional subjunctive,Subjunctive,1,1,NA,NA,NA,NA,186441,197558,3683993,69785.875,0.6213926472353051,-0.10659234765645834,0.8384533657585245,19,0.3659305090510331,0.595360444266533,14,0.3722048074862556,1.088534089939866,0.2925928149001541,17,1.0262634573174183,0.5249246441195168,-0.15582823957430486,1
HSP39,Adults,NA,NA,Adults,13,1,0,2 SPA/2 ENG,Bilingual,38,14,3,0,0,2,0,Selection,FCT-10,llevar,Intensional,Intensional subjunctive,Subjunctive,1,1,NA,NA,NA,NA,418316,301022,13841181,173259.875,1.5427536358311489,1.2280164205491535,1.8322740287278596,19,1.5301452246385066,0.595360444266533,14,0.3722048074862556,1.088534089939866,0.2925928149001541,17,1.0262634573174183,0.5249246441195168,-0.15582823957430486,1
HSP39,Adults,NA,NA,Adults,13,1,0,2 SPA/2 ENG,Bilingual,38,14,3,0,0,2,0,Selection,FCT-17,peinar,Intensional,Intensional subjunctive,Subjunctive,1,1,NA,NA,NA,NA,6151,3173,91504,-124599.125,-1.109464919,-1.1442920342108076,-1.0287065117959315,19,-1.0864992730033696,0.595360444266533,14,0.3722048074862556,1.088534089939866,0.2925928149001541,17,1.0262634573174183,0.5249246441195168,-0.15582823957430486,1
HSP39,Adults,NA,NA,Adults,13,1,0,2 SPA/2 ENG,Bilingual,38,14,3,0,0,2,0,Selection,FCT-25,llamar,Intensional,Intensional subjunctive,Subjunctive,0,0,NA,NA,NA,NA,303936,207733,8248273,79960.875,0.7119936490228335,0.5696765783610872,0.9361890539758077,19,0.7529328161684474,0.595360444266533,14,0.3722048074862556,1.088534089939866,0.2925928149001541,17,1.0262634573174183,0.5249246441195168,-0.15582823957430486,0
HSP39,Adults,NA,NA,Adults,13,1,0,2 SPA/2 ENG,Bilingual,38,14,3,0,0,2,0,Selection,FCT-32,cuidar,Intensional,Intensional subjunctive,Subjunctive,1,1,NA,NA,NA,NA,208160,26928,1534607,-100844.1,-0.897943857,0.01841624678734838,-0.8005284996483579,19,-0.39105612643050475,0.595360444266533,14,0.3722048074862556,1.088534089939866,0.2925928149001541,17,1.0262634573174183,0.5249246441195168,-0.15582823957430486,1
HSP39,Adults,NA,NA,Adults,13,1,0,2 SPA/2 ENG,Bilingual,38,14,3,0,0,2,0,Selection,FCT-40,pintar,Intensional,Intensional subjunctive,Subjunctive,1,1,NA,NA,NA,NA,45606,22466,893704,-105306.125,-0.937674734,-0.9171998985793148,-0.8433881203683105,19,-0.8802940094738126,0.595360444266533,14,0.3722048074862556,1.088534089939866,0.2925928149001541,17,1.0262634573174183,0.5249246441195168,-0.15582823957430486,1
HSP39,Adults,NA,NA,Adults,13,1,0,2 SPA/2 ENG,Bilingual,38,14,3,0,0,2,0,Selection,FCT-45,tratar,Intensional,Intensional subjunctive,Subjunctive,1,1,NA,NA,NA,NA,590952,203027,9516595,75254.875,0.6700901291788915,2.2216617868367825,0.8909856978332489,19,1.5563237423350156,0.595360444266533,14,0.3722048074862556,1.088534089939866,0.2925928149001541,17,1.0262634573174183,0.5249246441195168,-0.15582823957430486,1
HSP39,Adults,NA,NA,Adults,13,1,0,2 SPA/2 ENG,Bilingual,38,14,3,0,0,2,0,Selection,FCT-54,amar,Intensional,Intensional subjunctive,Subjunctive,1,1,NA,NA,NA,NA,60260,28864,1318934,-67512.125,-0.601146551,-0.832855502291293,-0.7819323038362045,19,-0.8073939030637487,0.595360444266533,14,0.3722048074862556,1.088534089939866,0.2925928149001541,17,1.0262634573174183,0.5249246441195168,-0.15582823957430486,1
HSP40,Adults,NA,NA,Adults,3,1,-1,1 SPA/2 ENG,Bilingual,40,11,4,0,0,2,NA,Selection,FCT-02,mirar,Intensional,Intensional subjunctive,Subjunctive,1,1,NA,NA,NA,NA,186441,197558,3683993,69785.875,0.6213926472353051,-0.10659234765645834,0.8384533657585245,NA,0.3659305090510331,-1.704895817672345,4,-1.702379365387953,-0.13158104383888602,1.0578355615620851,15,0.3552450429175682,0.7537379505305869,-1.2154602686795777,1
HSP40,Adults,NA,NA,Adults,3,1,-1,1 SPA/2 ENG,Bilingual,40,11,4,0,0,2,NA,Selection,FCT-10,llevar,Intensional,Intensional subjunctive,Subjunctive,1,1,NA,NA,NA,NA,418316,301022,13841181,173259.875,1.5427536358311489,1.2280164205491535,1.8322740287278596,NA,1.5301452246385066,-1.704895817672345,4,-1.702379365387953,-0.13158104383888602,1.0578355615620851,15,0.3552450429175682,0.7537379505305869,-1.2154602686795777,1
HSP40,Adults,NA,NA,Adults,3,1,-1,1 SPA/2 ENG,Bilingual,40,11,4,0,0,2,NA,Selection,FCT-17,peinar,Intensional,Intensional subjunctive,Subjunctive,1,1,NA,NA,NA,NA,6151,3173,91504,-124599.125,-1.109464919,-1.1442920342108076,-1.0287065117959315,NA,-1.0864992730033696,-1.704895817672345,4,-1.702379365387953,-0.13158104383888602,1.0578355615620851,15,0.3552450429175682,0.7537379505305869,-1.2154602686795777,1
HSP40,Adults,NA,NA,Adults,3,1,-1,1 SPA/2 ENG,Bilingual,40,11,4,0,0,2,NA,Selection,FCT-25,llamar,Intensional,Intensional subjunctive,Subjunctive,1,1,NA,NA,NA,NA,303936,207733,8248273,79960.875,0.7119936490228335,0.5696765783610872,0.9361890539758077,NA,0.7529328161684474,-1.704895817672345,4,-1.702379365387953,-0.13158104383888602,1.0578355615620851,15,0.3552450429175682,0.7537379505305869,-1.2154602686795777,1
HSP40,Adults,NA,NA,Adults,3,1,-1,1 SPA/2 ENG,Bilingual,40,11,4,0,0,2,NA,Selection,FCT-32,cuidar,Intensional,Intensional subjunctive,Subjunctive,1,1,NA,NA,NA,NA,208160,26928,1534607,-100844.1,-0.897943857,0.01841624678734838,-0.8005284996483579,NA,-0.39105612643050475,-1.704895817672345,4,-1.702379365387953,-0.13158104383888602,1.0578355615620851,15,0.3552450429175682,0.7537379505305869,-1.2154602686795777,1
HSP40,Adults,NA,NA,Adults,3,1,-1,1 SPA/2 ENG,Bilingual,40,11,4,0,0,2,NA,Selection,FCT-40,pintar,Intensional,Intensional subjunctive,Subjunctive,1,1,NA,NA,NA,NA,45606,22466,893704,-105306.125,-0.937674734,-0.9171998985793148,-0.8433881203683105,NA,-0.8802940094738126,-1.704895817672345,4,-1.702379365387953,-0.13158104383888602,1.0578355615620851,15,0.3552450429175682,0.7537379505305869,-1.2154602686795777,1
HSP40,Adults,NA,NA,Adults,3,1,-1,1 SPA/2 ENG,Bilingual,40,11,4,0,0,2,NA,Selection,FCT-45,tratar,Intensional,Intensional subjunctive,Subjunctive,1,1,NA,NA,NA,NA,590952,203027,9516595,75254.875,0.6700901291788915,2.2216617868367825,0.8909856978332489,NA,1.5563237423350156,-1.704895817672345,4,-1.702379365387953,-0.13158104383888602,1.0578355615620851,15,0.3552450429175682,0.7537379505305869,-1.2154602686795777,1
HSP40,Adults,NA,NA,Adults,3,1,-1,1 SPA/2 ENG,Bilingual,40,11,4,0,0,2,NA,Selection,FCT-54,amar,Intensional,Intensional subjunctive,Subjunctive,1,1,NA,NA,NA,NA,60260,28864,1318934,-67512.125,-0.601146551,-0.832855502291293,-0.7819323038362045,NA,-0.8073939030637487,-1.704895817672345,4,-1.702379365387953,-0.13158104383888602,1.0578355615620851,15,0.3552450429175682,0.7537379505305869,-1.2154602686795777,1
