high_freq,low_freq
–0.9819534,–0.1262862
–0.9444295,0.16083119
–0.8393897,0.36669497
–0.7899906,0.73284334
–0.5990516,1.35214385
–0.3307535,1.99934124